Age,Attrition,BusinessTravel,DailyRate,Department,DistanceFromHome,Education,EducationField,EmployeeCount,EmployeeNumber,EnvironmentSatisfaction,Gender,HourlyRate,JobInvolvement,JobLevel,JobRole,JobSatisfaction,MaritalStatus,MonthlyIncome,MonthlyRate,NumCompaniesWorked,Over18,OverTime,PercentSalaryHike,PerformanceRating,RelationshipSatisfaction,StandardHours,StockOptionLevel,TotalWorkingYears,TrainingTimesLastYear,WorkLifeBalance,YearsAtCompany,YearsInCurrentRole,YearsSinceLastPromotion,YearsWithCurrManager,HireDate,ApproxExitDate,SnapshotDate,AttritionFlag,AgeGroup,TenureBand,IncomeBand,SalaryPerYearAtCompany
43,No,Travel_Rarely,1275,Research & Development,1,3,Medical,1,1,3,Male,98,3,1,Laboratory Technician,4,Divorced,4412,5568,2,Y,No,15,3,4,80,0,7,1,3,2,1,1,1,2023-04-30,,2025-12-31,0,35-44,2-3 years,Q1 Low,26472.0
23,No,Travel_Rarely,1283,Sales,2,1,Marketing,1,3,4,Male,34,3,4,Manager,3,Married,14328,6423,2,Y,No,14,3,1,80,1,12,1,4,9,7,1,7,2016-05-26,,2025-12-31,0,18-25,6-10 years,Q4 High,19104.0
46,No,Travel_Rarely,174,Sales,17,1,Technical Degree,1,5,4,Male,66,3,4,Manager,3,Single,15381,15004,1,Y,Yes,18,4,2,80,2,8,5,3,7,4,2,3,2018-06-29,,2025-12-31,0,45+,6-10 years,Q4 High,26367.428571428572
28,No,Travel_Rarely,1472,Research & Development,16,3,Human Resources,1,7,2,Female,85,3,1,Laboratory Technician,2,Single,5602,5986,0,Y,No,22,3,1,80,3,11,2,3,6,5,1,5,2019-10-09,,2025-12-31,0,26-34,6-10 years,Q2,11204.0
33,Yes,Travel_Rarely,781,Research & Development,14,3,Life Sciences,1,9,2,Male,80,2,1,Research Scientist,1,Single,4137,21697,2,Y,No,19,3,4,80,0,4,4,2,3,2,0,2,2022-10-06,2022-03-22,2025-12-31,1,26-34,2-3 years,Q1 Low,16548.0
39,No,Non-Travel,286,Research & Development,26,3,Marketing,1,11,4,Female,85,3,2,Manufacturing Director,3,Single,10570,8240,1,Y,No,22,3,1,80,1,26,4,3,23,16,3,6,2002-08-18,,2025-12-31,0,35-44,11+ years,Q4 High,5514.782608695652
55,No,Travel_Rarely,438,Research & Development,5,3,Life Sciences,1,13,3,Male,71,3,2,Healthcare Representative,3,Married,6387,16188,0,Y,No,13,3,3,80,0,8,4,3,6,2,2,1,2019-07-23,,2025-12-31,0,45+,6-10 years,Q2,12774.0
60,No,Non-Travel,1292,Sales,29,2,Medical,1,15,4,Male,42,3,4,Manager,3,Divorced,14270,15088,3,Y,No,12,4,4,80,0,16,2,3,12,11,2,5,2013-08-16,,2025-12-31,0,45+,11+ years,Q4 High,14270.0
42,No,Travel_Rarely,924,Research & Development,29,3,Life Sciences,1,17,3,Male,63,4,2,Healthcare Representative,4,Single,8597,26489,0,Y,No,15,3,2,80,1,10,1,2,8,4,2,3,2017-04-21,,2025-12-31,0,35-44,6-10 years,Q3,12895.5
35,No,Non-Travel,152,Sales,8,3,Life Sciences,1,19,3,Male,63,3,2,Sales Executive,3,Married,6930,2309,3,Y,No,11,3,3,80,1,16,4,3,11,8,1,8,2014-10-05,,2025-12-31,0,35-44,11+ years,Q3,7560.0
42,No,Travel_Rarely,356,Research & Development,7,3,Technical Degree,1,21,1,Male,82,3,2,Healthcare Representative,3,Single,9096,9277,1,Y,Yes,17,3,3,80,1,22,2,2,19,16,4,13,2006-04-12,,2025-12-31,0,35-44,11+ years,Q4 High,5744.8421052631575
45,No,Non-Travel,1345,Human Resources,5,4,Life Sciences,1,23,2,Male,32,3,1,Human Resources,1,Married,4029,11893,0,Y,Yes,13,3,1,80,3,8,6,3,3,2,1,2,2022-07-23,,2025-12-31,0,45+,2-3 years,Q1 Low,16116.0
34,No,Travel_Rarely,145,Sales,15,3,Medical,1,25,4,Male,66,3,1,Sales Representative,4,Married,4272,10997,2,Y,No,15,3,4,80,1,6,4,2,4,2,1,2,2021-12-15,,2025-12-31,0,26-34,4-5 years,Q1 Low,12816.0
53,No,Travel_Frequently,1383,Research & Development,9,3,Medical,1,27,2,Male,81,2,1,Research Scientist,4,Married,5819,25112,1,Y,No,17,3,2,80,0,7,3,3,5,5,0,2,2020-07-24,,2025-12-31,0,45+,4-5 years,Q2,13965.6
39,No,Non-Travel,114,Research & Development,10,4,Life Sciences,1,29,1,Male,35,3,1,Research Scientist,4,Married,7697,14211,3,Y,No,15,3,2,80,1,22,6,2,19,10,4,7,2006-11-15,,2025-12-31,0,35-44,11+ years,Q3,4861.263157894737
41,No,Travel_Rarely,948,Research & Development,4,4,Life Sciences,1,31,3,Male,50,3,1,Laboratory Technician,3,Single,5834,3892,3,Y,No,13,3,3,80,0,16,4,1,13,12,4,8,2012-02-13,,2025-12-31,0,35-44,11+ years,Q2,5385.2307692307695
43,No,Travel_Rarely,727,Research & Development,16,4,Medical,1,33,3,Female,74,3,1,Laboratory Technician,3,Single,4545,11518,1,Y,Yes,21,3,3,80,1,8,3,3,7,3,3,4,2018-11-06,,2025-12-31,0,35-44,6-10 years,Q1 Low,7791.428571428572
41,Yes,Travel_Rarely,111,Research & Development,7,2,Life Sciences,1,35,2,Female,34,3,2,Manufacturing Director,3,Single,5770,3917,3,Y,No,18,4,4,80,1,7,5,2,6,4,2,3,2019-03-26,2024-05-27,2025-12-31,1,35-44,6-10 years,Q2,11540.0
45,No,Non-Travel,100,Research & Development,3,1,Marketing,1,37,2,Male,32,2,1,Laboratory Technician,2,Divorced,5672,8499,2,Y,No,16,3,4,80,1,11,2,3,5,2,0,4,2020-08-09,,2025-12-31,0,45+,4-5 years,Q2,13612.8
31,No,Travel_Rarely,176,Research & Development,8,2,Human Resources,1,39,3,Male,49,3,1,Laboratory Technician,3,Married,6063,23605,2,Y,No,17,3,3,80,2,13,5,4,10,4,1,6,2015-11-08,,2025-12-31,0,26-34,6-10 years,Q2,7275.6
32,No,Travel_Rarely,641,Research & Development,4,2,Life Sciences,1,41,1,Male,90,3,1,Research Scientist,4,Married,7289,15878,1,Y,No,14,3,2,80,0,23,2,4,18,9,1,13,2007-12-28,,2025-12-31,0,26-34,11+ years,Q3,4859.333333333333
27,No,Travel_Rarely,1095,Research & Development,21,4,Life Sciences,1,43,3,Female,64,3,1,Laboratory Technician,1,Divorced,6715,14602,4,Y,No,14,4,2,80,2,11,2,2,11,4,1,7,2014-06-26,,2025-12-31,0,26-34,11+ years,Q3,7325.454545454545
41,No,Travel_Rarely,1001,Research & Development,29,3,Medical,1,45,2,Male,61,3,1,Research Scientist,1,Married,5943,4241,2,Y,Yes,12,3,2,80,1,13,1,3,8,8,1,3,2017-10-16,,2025-12-31,0,35-44,6-10 years,Q2,8914.5
44,No,Travel_Frequently,940,Research & Development,8,1,Marketing,1,47,4,Male,48,4,1,Research Scientist,4,Divorced,6386,25625,2,Y,Yes,19,3,3,80,0,16,4,3,12,10,1,8,2013-08-06,,2025-12-31,0,35-44,11+ years,Q2,6386.0
41,No,Travel_Rarely,149,Research & Development,17,2,Life Sciences,1,49,4,Male,44,2,1,Laboratory Technician,2,Divorced,4285,20357,2,Y,Yes,14,3,4,80,0,7,4,3,5,2,0,2,2020-02-22,,2025-12-31,0,35-44,4-5 years,Q1 Low,10284.0
52,No,Travel_Rarely,1129,Sales,17,2,Life Sciences,1,51,3,Male,86,2,4,Manager,3,Single,17714,24322,4,Y,Yes,17,3,2,80,1,23,3,3,20,10,2,12,2005-06-25,,2025-12-31,0,45+,11+ years,Q4 High,10628.4
37,No,Non-Travel,174,Research & Development,1,3,Medical,1,53,2,Male,55,2,1,Laboratory Technician,4,Divorced,6224,23910,3,Y,Yes,13,3,2,80,0,24,2,2,20,15,3,9,2005-06-19,,2025-12-31,0,35-44,11+ years,Q2,3734.4
43,Yes,Travel_Rarely,445,Research & Development,5,4,Human Resources,1,55,3,Female,99,3,1,Laboratory Technician,2,Married,5751,14232,2,Y,No,19,3,3,80,0,13,4,3,7,4,0,2,2018-03-31,2025-02-09,2025-12-31,1,35-44,6-10 years,Q2,9858.857142857143
27,No,Travel_Rarely,432,Research & Development,9,4,Life Sciences,1,57,3,Male,31,3,1,Laboratory Technician,4,Married,3708,5978,2,Y,No,12,4,1,80,1,5,2,3,4,3,1,2,2021-10-10,,2025-12-31,0,26-34,4-5 years,Q1 Low,11124.0
33,No,Travel_Rarely,777,Research & Development,6,4,Medical,1,59,2,Female,78,3,2,Healthcare Representative,3,Single,7534,3315,1,Y,Yes,17,3,4,80,0,6,2,3,4,3,1,2,2021-04-14,,2025-12-31,0,26-34,4-5 years,Q3,22602.0
43,No,Travel_Rarely,943,Research & Development,5,2,Human Resources,1,61,4,Male,77,3,1,Laboratory Technician,4,Married,5225,17913,4,Y,No,19,3,3,80,2,11,1,3,6,4,1,2,2019-08-11,,2025-12-31,0,35-44,6-10 years,Q2,10450.0
45,No,Travel_Rarely,950,Research & Development,18,2,Medical,1,63,3,Male,61,3,1,Laboratory Technician,4,Divorced,5346,17458,4,Y,No,17,3,3,80,2,14,1,3,9,6,1,7,2016-05-15,,2025-12-31,0,45+,6-10 years,Q2,7128.0
34,No,Travel_Frequently,1397,Research & Development,6,2,Medical,1,65,4,Female,32,3,1,Research Scientist,4,Married,4087,15266,2,Y,No,17,3,2,80,1,5,0,3,1,1,0,1,2024-08-03,,2025-12-31,0,26-34,0-1 years,Q1 Low,49044.0
36,No,Travel_Rarely,367,Sales,11,3,Medical,1,67,1,Male,49,3,2,Sales Executive,1,Single,6578,8795,0,Y,No,15,3,4,80,0,11,2,4,7,3,2,3,2018-11-27,,2025-12-31,0,35-44,6-10 years,Q2,11276.57142857143
23,No,Travel_Rarely,1431,Human Resources,17,4,Human Resources,1,69,1,Female,66,3,1,Human Resources,2,Single,4698,26779,3,Y,No,16,4,1,80,1,16,5,4,14,8,5,7,2011-02-15,,2025-12-31,0,18-25,11+ years,Q1 Low,4026.8571428571427
34,No,Travel_Rarely,855,Sales,21,3,Medical,1,71,4,Male,49,2,2,Sales Executive,1,Single,6894,8548,4,Y,No,11,4,4,80,1,7,4,3,6,2,0,4,2019-06-16,,2025-12-31,0,26-34,6-10 years,Q3,13788.0
45,No,Travel_Rarely,698,Research & Development,3,4,Technical Degree,1,73,3,Male,89,3,1,Laboratory Technician,3,Married,4549,17499,4,Y,No,13,4,2,80,2,8,1,3,4,3,1,1,2021-01-05,,2025-12-31,0,45+,4-5 years,Q1 Low,13647.0
42,No,Travel_Frequently,711,Research & Development,4,3,Medical,1,75,3,Female,88,3,1,Laboratory Technician,4,Married,5984,19783,1,Y,Yes,18,3,4,80,0,14,1,3,9,6,3,5,2016-06-25,,2025-12-31,0,35-44,6-10 years,Q2,7978.666666666667
41,No,Travel_Rarely,797,Sales,10,1,Marketing,1,77,3,Male,71,3,1,Sales Representative,3,Divorced,4839,19756,2,Y,No,22,3,4,80,1,10,4,3,7,6,2,4,2018-12-16,,2025-12-31,0,35-44,6-10 years,Q1 Low,8295.42857142857
37,No,Travel_Rarely,1345,Research & Development,1,1,Life Sciences,1,79,2,Female,52,3,2,Manufacturing Director,4,Married,7584,15734,4,Y,Yes,16,3,1,80,1,15,3,2,12,6,5,9,2013-07-25,,2025-12-31,0,35-44,11+ years,Q3,7584.0
37,No,Travel_Rarely,377,Research & Development,4,3,Life Sciences,1,81,3,Male,70,3,2,Healthcare Representative,2,Divorced,7589,11448,7,Y,No,18,3,4,80,0,4,5,3,3,2,1,2,2022-03-29,,2025-12-31,0,35-44,2-3 years,Q3,30356.0
31,No,Travel_Rarely,1481,Research & Development,19,4,Marketing,1,83,1,Female,56,3,2,Manufacturing Director,2,Single,7323,7106,1,Y,No,17,3,3,80,0,13,3,3,9,4,0,3,2016-01-18,,2025-12-31,0,26-34,6-10 years,Q3,9764.0
43,No,Travel_Rarely,784,Research & Development,13,2,Life Sciences,1,85,3,Male,75,3,4,Manager,4,Single,17454,5203,1,Y,No,25,3,1,80,1,20,4,3,18,13,3,8,2007-06-08,,2025-12-31,0,35-44,11+ years,Q4 High,11636.0
41,No,Travel_Rarely,417,Sales,8,4,Medical,1,87,3,Male,46,3,2,Sales Executive,3,Single,8249,15207,1,Y,No,19,3,1,80,0,12,3,2,9,8,3,5,2016-08-21,,2025-12-31,0,35-44,6-10 years,Q3,10998.666666666666
41,No,Travel_Rarely,1165,Research & Development,12,4,Life Sciences,1,89,4,Female,31,3,1,Research Scientist,4,Married,4157,4682,4,Y,No,17,3,3,80,3,13,1,3,4,3,2,1,2021-06-27,,2025-12-31,0,35-44,4-5 years,Q1 Low,12471.0
32,Yes,Travel_Frequently,1190,Sales,14,3,Marketing,1,91,3,Female,44,2,2,Sales Executive,2,Single,4152,9922,2,Y,Yes,12,3,3,80,2,5,2,3,1,1,0,1,2024-02-04,2021-10-13,2025-12-31,1,26-34,0-1 years,Q1 Low,49824.0
18,Yes,Travel_Rarely,1004,Research & Development,2,4,Life Sciences,1,93,1,Female,86,3,1,Laboratory Technician,4,Divorced,3145,15265,1,Y,Yes,14,4,4,80,1,7,2,3,4,4,0,1,2021-05-04,2024-01-07,2025-12-31,1,18-25,4-5 years,Q1 Low,9435.0
47,No,Travel_Frequently,1315,Research & Development,6,3,Marketing,1,95,3,Female,70,2,2,Healthcare Representative,3,Married,7645,26809,3,Y,Yes,13,3,4,80,1,8,5,3,6,5,1,1,2019-07-02,,2025-12-31,0,45+,6-10 years,Q3,15290.0
33,No,Travel_Frequently,242,Research & Development,21,3,Medical,1,97,1,Female,43,3,1,Research Scientist,4,Divorced,4951,4137,1,Y,No,20,3,3,80,0,9,4,2,2,1,1,0,2023-06-20,,2025-12-31,0,26-34,2-3 years,Q2,29706.0
29,No,Travel_Rarely,253,Research & Development,10,4,Life Sciences,1,99,2,Male,37,3,3,Research Director,1,Married,11085,13767,0,Y,No,15,3,4,80,2,8,1,3,7,3,1,5,2018-05-03,,2025-12-31,0,26-34,6-10 years,Q4 High,19002.85714285714
43,No,Travel_Rarely,1217,Human Resources,10,5,Medical,1,101,1,Male,36,3,1,Human Resources,3,Married,5003,25531,2,Y,No,15,3,3,80,1,9,4,4,6,4,1,3,2019-12-19,,2025-12-31,0,35-44,6-10 years,Q2,10006.0
33,Yes,Travel_Rarely,1320,Sales,8,3,Life Sciences,1,103,3,Male,96,3,4,Manager,4,Married,11865,21190,1,Y,No,23,3,2,80,1,6,2,3,3,3,1,1,2022-07-11,2025-03-24,2025-12-31,1,26-34,2-3 years,Q4 High,47460.0
47,No,Travel_Rarely,477,Sales,1,3,Life Sciences,1,105,1,Male,55,3,2,Sales Executive,4,Divorced,9276,12119,3,Y,No,20,4,4,80,2,16,6,3,11,7,1,8,2014-02-26,,2025-12-31,0,45+,11+ years,Q4 High,10119.272727272728
43,No,Travel_Frequently,860,Sales,5,2,Life Sciences,1,107,3,Male,32,2,2,Sales Executive,1,Married,9536,6850,0,Y,No,19,4,1,80,0,16,2,2,13,6,5,4,2012-09-29,,2025-12-31,0,35-44,11+ years,Q4 High,8802.461538461539
43,No,Travel_Rarely,633,Research & Development,11,2,Life Sciences,1,109,4,Male,75,2,1,Laboratory Technician,2,Divorced,8378,16787,3,Y,No,12,4,2,80,1,22,2,3,21,19,8,9,2004-12-23,,2025-12-31,0,35-44,11+ years,Q3,4787.428571428572
24,No,Travel_Rarely,736,Sales,6,3,Other,1,111,3,Male,33,3,2,Sales Executive,3,Divorced,7123,3957,1,Y,No,11,3,4,80,1,12,0,2,6,3,1,2,2019-08-01,,2025-12-31,0,18-25,6-10 years,Q3,14246.0
48,No,Travel_Rarely,925,Research & Development,3,4,Life Sciences,1,113,1,Female,86,3,1,Research Scientist,1,Married,4435,11685,1,Y,No,12,3,3,80,0,7,2,3,3,2,1,2,2022-07-20,,2025-12-31,0,45+,2-3 years,Q1 Low,17740.0
39,No,Travel_Rarely,792,Research & Development,4,3,Medical,1,115,2,Male,75,1,1,Research Scientist,4,Married,4950,2931,1,Y,No,18,3,1,80,0,8,3,3,3,2,1,2,2022-09-20,,2025-12-31,0,35-44,2-3 years,Q2,19800.0
34,No,Travel_Rarely,886,Research & Development,21,2,Life Sciences,1,117,3,Male,43,2,2,Healthcare Representative,1,Single,9403,2047,3,Y,No,14,3,1,80,1,17,6,3,17,15,1,11,2008-06-07,,2025-12-31,0,26-34,11+ years,Q4 High,6637.411764705882
38,Yes,Travel_Frequently,261,Research & Development,5,2,Medical,1,119,4,Male,32,3,1,Laboratory Technician,2,Married,5269,20654,3,Y,No,12,3,3,80,1,11,2,3,8,7,0,2,2017-08-26,2022-09-23,2025-12-31,1,35-44,6-10 years,Q2,7903.5
21,No,Travel_Rarely,565,Research & Development,18,3,Life Sciences,1,121,1,Female,42,3,1,Research Scientist,3,Divorced,4179,7767,1,Y,No,18,3,4,80,0,12,6,3,7,6,0,4,2018-12-30,,2025-12-31,0,18-25,6-10 years,Q1 Low,7164.0
41,No,Travel_Rarely,377,Research & Development,10,2,Medical,1,123,4,Female,37,3,1,Laboratory Technician,3,Married,6529,12952,1,Y,No,12,3,3,80,2,18,1,3,15,11,6,9,2010-05-09,,2025-12-31,0,35-44,11+ years,Q2,5223.2
28,No,Travel_Rarely,571,Sales,7,2,Medical,1,125,3,Female,85,3,4,Manager,4,Single,13903,26302,1,Y,No,16,3,3,80,0,5,4,3,4,2,1,2,2021-08-03,,2025-12-31,0,26-34,4-5 years,Q4 High,41709.0
25,No,Travel_Rarely,240,Research & Development,4,4,Medical,1,127,3,Male,31,2,1,Research Scientist,4,Single,7707,6561,2,Y,No,18,3,2,80,1,22,3,3,19,14,1,8,2006-08-22,,2025-12-31,0,18-25,11+ years,Q3,4867.578947368421
23,Yes,Travel_Rarely,909,Research & Development,13,1,Life Sciences,1,129,4,Male,75,3,1,Laboratory Technician,1,Married,3597,16306,1,Y,Yes,16,3,2,80,0,7,0,2,5,4,1,4,2020-08-08,2022-05-24,2025-12-31,1,18-25,4-5 years,Q1 Low,8632.8
47,No,Travel_Rarely,1370,Research & Development,17,3,Medical,1,131,3,Male,60,2,1,Research Scientist,4,Married,6278,15591,1,Y,Yes,25,4,1,80,0,20,1,3,14,8,0,3,2011-06-29,,2025-12-31,0,45+,11+ years,Q2,5381.142857142857
31,No,Travel_Rarely,933,Research & Development,14,4,Life Sciences,1,133,4,Male,64,3,1,Research Scientist,2,Married,5123,17680,1,Y,No,14,3,2,80,1,12,3,3,8,4,0,5,2017-07-18,,2025-12-31,0,26-34,6-10 years,Q2,7684.5
51,No,Travel_Frequently,802,Sales,2,2,Life Sciences,1,135,2,Male,91,3,4,Manager,3,Married,15129,2678,3,Y,No,13,4,3,80,1,13,2,3,9,5,2,4,2016-08-28,,2025-12-31,0,45+,6-10 years,Q4 High,20172.0
32,Yes,Travel_Frequently,269,Research & Development,5,3,Medical,1,137,3,Male,75,3,1,Research Scientist,1,Single,4541,14137,4,Y,Yes,12,3,2,80,1,11,2,3,6,4,1,4,2019-10-03,2021-12-13,2025-12-31,1,26-34,6-10 years,Q1 Low,9082.0
21,No,Travel_Rarely,318,Human Resources,6,3,Medical,1,139,3,Male,53,3,1,Human Resources,1,Divorced,6024,16286,2,Y,No,15,3,1,80,1,22,0,3,19,7,5,6,2006-10-21,,2025-12-31,0,18-25,11+ years,Q2,3804.6315789473683
27,No,Travel_Rarely,133,Sales,1,3,Medical,1,141,2,Female,94,3,4,Manager,2,Married,14280,19974,2,Y,Yes,20,3,4,80,0,9,2,3,4,3,1,1,2021-10-16,,2025-12-31,0,26-34,4-5 years,Q4 High,42840.0
48,No,Travel_Rarely,384,Research & Development,12,3,Medical,1,143,3,Female,73,3,1,Research Scientist,2,Single,6072,17436,0,Y,No,22,3,4,80,1,20,0,2,15,6,5,9,2010-09-13,,2025-12-31,0,45+,11+ years,Q2,4857.6
35,No,Travel_Frequently,1159,Research & Development,13,3,Life Sciences,1,145,2,Male,80,3,1,Laboratory Technician,4,Single,2543,4518,5,Y,No,24,3,4,80,0,11,3,3,3,1,1,3,2022-10-20,,2025-12-31,0,35-44,2-3 years,Q1 Low,10172.0
32,Yes,Travel_Rarely,1497,Sales,13,4,Life Sciences,1,147,1,Male,75,3,2,Sales Executive,4,Married,6160,25516,3,Y,Yes,15,3,3,80,0,9,4,2,1,0,0,1,2024-08-29,2025-06-01,2025-12-31,1,26-34,0-1 years,Q2,73920.0
38,No,Non-Travel,364,Sales,11,4,Life Sciences,1,149,2,Male,62,3,4,Manager,4,Married,15794,19950,0,Y,No,16,4,1,80,2,16,2,2,11,8,2,4,2014-06-06,,2025-12-31,0,35-44,11+ years,Q4 High,17229.81818181818
41,No,Travel_Rarely,952,Sales,6,3,Medical,1,151,3,Male,93,3,1,Sales Representative,3,Divorced,5147,15412,3,Y,No,16,3,4,80,1,12,4,2,7,4,1,2,2018-06-24,,2025-12-31,0,35-44,6-10 years,Q2,8823.42857142857
47,No,Travel_Rarely,1421,Sales,4,1,Medical,1,153,4,Female,55,1,4,Manager,2,Single,15370,25067,1,Y,No,15,3,1,80,0,12,4,3,8,5,1,5,2017-10-19,,2025-12-31,0,45+,6-10 years,Q4 High,23055.0
50,No,Non-Travel,106,Research & Development,6,1,Life Sciences,1,155,3,Male,68,3,1,Laboratory Technician,2,Single,4171,19951,2,Y,No,12,3,3,80,1,5,4,3,2,2,0,1,2023-05-20,,2025-12-31,0,45+,2-3 years,Q1 Low,25026.0
34,No,Travel_Rarely,122,Research & Development,11,1,Medical,1,157,3,Female,87,3,1,Research Scientist,2,Single,5972,13526,2,Y,Yes,11,3,4,80,1,13,2,4,7,6,1,5,2018-01-28,,2025-12-31,0,26-34,6-10 years,Q2,10237.714285714286
25,No,Travel_Rarely,634,Research & Development,20,3,Medical,1,159,1,Male,55,3,1,Laboratory Technician,2,Married,4827,2205,2,Y,No,14,3,4,80,1,8,3,3,5,4,0,3,2020-02-05,,2025-12-31,0,18-25,4-5 years,Q1 Low,11584.8
33,No,Travel_Rarely,1395,Sales,9,1,Medical,1,161,4,Female,96,3,4,Manager,3,Single,19340,3805,2,Y,No,12,3,4,80,1,30,0,3,25,17,6,13,2000-08-20,,2025-12-31,0,26-34,11+ years,Q4 High,9283.2
39,No,Travel_Rarely,168,Research & Development,9,3,Medical,1,163,3,Male,86,3,1,Laboratory Technician,3,Single,6341,4120,1,Y,Yes,21,3,4,80,1,13,4,1,12,10,3,7,2013-07-21,,2025-12-31,0,35-44,11+ years,Q2,6341.0
28,No,Travel_Rarely,112,Research & Development,1,4,Medical,1,165,3,Female,99,4,2,Healthcare Representative,2,Single,8159,12821,2,Y,No,18,3,4,80,1,16,2,2,8,7,1,2,2017-07-01,,2025-12-31,0,26-34,6-10 years,Q3,12238.5
28,No,Travel_Rarely,1389,Research & Development,11,2,Medical,1,167,3,Male,37,2,2,Healthcare Representative,1,Married,8313,24194,2,Y,No,16,3,2,80,1,18,4,3,14,13,6,9,2011-02-16,,2025-12-31,0,26-34,11+ years,Q3,7125.428571428572
40,Yes,Travel_Frequently,357,Research & Development,21,4,Life Sciences,1,169,2,Female,63,3,1,Research Scientist,1,Married,5104,25069,2,Y,No,11,3,4,80,1,9,1,3,6,2,2,3,2019-02-10,2025-10-04,2025-12-31,1,35-44,6-10 years,Q2,10208.0
36,Yes,Travel_Rarely,819,Research & Development,8,4,Life Sciences,1,171,3,Male,98,3,1,Research Scientist,2,Married,5946,19821,0,Y,Yes,17,3,1,80,1,12,4,2,8,3,3,6,2017-06-02,2021-08-08,2025-12-31,1,35-44,6-10 years,Q2,8919.0
37,No,Non-Travel,1047,Sales,7,2,Life Sciences,1,173,4,Male,39,3,1,Sales Representative,1,Divorced,4286,16991,2,Y,No,17,3,4,80,0,10,3,3,6,3,2,2,2019-10-18,,2025-12-31,0,35-44,6-10 years,Q1 Low,8572.0
30,No,Travel_Rarely,1398,Research & Development,6,4,Medical,1,175,1,Female,51,3,1,Laboratory Technician,4,Married,5387,3942,3,Y,No,14,3,2,80,0,8,3,3,5,5,0,2,2020-10-19,,2025-12-31,0,26-34,4-5 years,Q2,12928.8
35,No,Travel_Rarely,1220,Sales,14,4,Technical Degree,1,177,3,Female,41,3,4,Manager,1,Single,14703,12997,4,Y,Yes,17,3,1,80,2,13,4,3,9,6,4,7,2016-09-09,,2025-12-31,0,35-44,6-10 years,Q4 High,19604.0
28,No,Travel_Rarely,1151,Research & Development,1,3,Life Sciences,1,179,4,Female,58,2,2,Healthcare Representative,4,Married,9127,4827,1,Y,Yes,20,3,4,80,2,21,1,2,14,8,6,8,2011-01-30,,2025-12-31,0,26-34,11+ years,Q4 High,7823.142857142857
45,Yes,Travel_Rarely,744,Research & Development,19,2,Life Sciences,1,181,2,Female,60,3,1,Research Scientist,2,Married,3904,9380,2,Y,Yes,18,3,1,80,1,10,3,3,7,5,1,6,2018-11-15,2024-12-13,2025-12-31,1,45+,6-10 years,Q1 Low,6692.571428571428
46,No,Travel_Rarely,513,Sales,7,3,Marketing,1,183,4,Female,35,2,2,Sales Executive,1,Single,7492,26642,0,Y,No,15,3,4,80,0,7,5,3,4,3,0,3,2021-02-17,,2025-12-31,0,45+,4-5 years,Q3,22476.0
20,No,Non-Travel,1227,Sales,11,4,Marketing,1,185,4,Male,36,3,4,Manager,4,Single,15223,13093,1,Y,No,13,3,2,80,0,11,3,4,6,5,1,5,2019-05-09,,2025-12-31,0,18-25,6-10 years,Q4 High,30446.0
28,No,Travel_Rarely,1165,Research & Development,14,3,Technical Degree,1,187,3,Male,42,3,1,Research Scientist,3,Single,4097,26020,3,Y,No,15,3,4,80,0,13,3,3,5,4,2,2,2020-03-25,,2025-12-31,0,26-34,4-5 years,Q1 Low,9832.8
23,No,Travel_Rarely,764,Sales,4,2,Medical,1,189,2,Male,92,3,4,Manager,2,Married,12967,10555,0,Y,Yes,22,3,4,80,1,10,4,2,6,5,0,2,2019-06-19,,2025-12-31,0,18-25,6-10 years,Q4 High,25934.0
31,No,Travel_Rarely,1414,Research & Development,8,3,Technical Degree,1,191,2,Female,53,3,1,Laboratory Technician,4,Single,4198,6495,1,Y,Yes,19,3,3,80,0,8,2,3,5,3,1,4,2020-01-07,,2025-12-31,0,26-34,4-5 years,Q1 Low,10075.2
36,No,Travel_Frequently,835,Research & Development,7,3,Life Sciences,1,193,1,Male,48,3,2,Manufacturing Director,1,Married,7584,21281,3,Y,No,11,3,2,80,1,17,4,3,12,8,3,9,2013-11-07,,2025-12-31,0,35-44,11+ years,Q3,7584.0
24,Yes,Travel_Frequently,1162,Research & Development,3,3,Life Sciences,1,195,4,Male,98,2,1,Research Scientist,2,Married,9203,2259,0,Y,No,19,3,1,80,1,30,6,3,28,25,2,17,1997-09-08,2022-09-26,2025-12-31,1,18-25,11+ years,Q4 High,3944.1428571428573
29,Yes,Travel_Rarely,539,Research & Development,17,4,Life Sciences,1,197,4,Male,51,3,1,Laboratory Technician,4,Single,5107,9929,0,Y,No,12,3,4,80,1,10,2,3,6,5,2,3,2019-09-03,2023-09-28,2025-12-31,1,26-34,6-10 years,Q2,10214.0
28,No,Travel_Rarely,1161,Research & Development,6,3,Medical,1,199,3,Female,89,2,1,Laboratory Technician,4,Married,5205,19452,0,Y,Yes,16,3,1,80,2,14,3,3,8,6,3,6,2017-04-13,,2025-12-31,0,26-34,6-10 years,Q2,7807.5
39,No,Travel_Rarely,208,Research & Development,3,4,Life Sciences,1,201,2,Male,51,3,1,Laboratory Technician,2,Married,2888,14126,2,Y,No,19,3,2,80,2,11,2,2,5,2,1,2,2020-06-03,,2025-12-31,0,35-44,4-5 years,Q1 Low,6931.2
38,No,Travel_Rarely,529,Research & Development,9,4,Medical,1,203,1,Male,46,2,1,Research Scientist,1,Single,3757,6993,2,Y,No,16,3,3,80,1,8,2,2,4,1,1,2,2021-05-05,,2025-12-31,0,35-44,4-5 years,Q1 Low,11271.0
30,No,Travel_Rarely,445,Research & Development,2,3,Medical,1,205,3,Male,76,3,2,Manufacturing Director,4,Single,6936,18221,3,Y,No,14,3,3,80,0,7,2,3,5,2,2,1,2020-05-05,,2025-12-31,0,26-34,4-5 years,Q3,16646.4
39,No,Travel_Rarely,480,Research & Development,6,2,Life Sciences,1,207,3,Male,36,3,2,Healthcare Representative,2,Divorced,7252,9707,3,Y,No,13,3,2,80,2,5,2,2,1,1,0,0,2024-10-17,,2025-12-31,0,35-44,0-1 years,Q3,87024.0
32,No,Travel_Rarely,673,Sales,10,4,Technical Degree,1,209,4,Male,46,3,2,Sales Executive,2,Married,8187,9496,1,Y,No,13,3,1,80,0,19,2,1,12,8,3,6,2013-06-25,,2025-12-31,0,26-34,11+ years,Q3,8187.0
34,No,Travel_Rarely,1153,Research & Development,2,4,Life Sciences,1,211,3,Female,91,2,1,Research Scientist,3,Married,3998,8458,1,Y,Yes,20,3,1,80,0,8,4,3,2,2,0,1,2023-01-19,,2025-12-31,0,26-34,2-3 years,Q1 Low,23988.0
52,No,Travel_Rarely,874,Research & Development,13,2,Life Sciences,1,213,4,Female,92,3,1,Research Scientist,4,Married,5738,19826,1,Y,Yes,19,3,4,80,2,16,2,3,10,8,1,7,2015-12-16,,2025-12-31,0,45+,6-10 years,Q2,6885.6
49,No,Non-Travel,257,Sales,9,3,Marketing,1,215,3,Female,36,3,1,Sales Representative,1,Divorced,4567,25467,2,Y,No,19,3,1,80,0,14,0,2,8,4,4,7,2017-09-03,,2025-12-31,0,45+,6-10 years,Q1 Low,6850.5
25,Yes,Non-Travel,1284,Research & Development,15,2,Life Sciences,1,217,3,Male,58,3,1,Laboratory Technician,4,Single,4107,2228,0,Y,No,13,3,4,80,1,10,1,3,7,3,2,2,2018-08-14,2024-10-23,2025-12-31,1,18-25,6-10 years,Q1 Low,7040.571428571428
44,No,Travel_Rarely,1491,Research & Development,14,4,Medical,1,219,2,Female,33,2,1,Laboratory Technician,3,Single,5728,6845,2,Y,Yes,19,3,2,80,1,14,2,1,12,10,2,5,2013-05-31,,2025-12-31,0,35-44,11+ years,Q2,5728.0
44,No,Travel_Rarely,1482,Research & Development,6,4,Marketing,1,221,4,Male,45,3,1,Research Scientist,3,Married,6605,3970,3,Y,No,11,3,1,80,1,13,6,2,10,6,3,3,2015-02-02,,2025-12-31,0,35-44,6-10 years,Q3,7926.0
26,No,Travel_Rarely,722,Research & Development,6,2,Technical Degree,1,223,3,Male,88,3,1,Laboratory Technician,4,Single,4930,24645,3,Y,No,12,3,3,80,2,15,3,3,12,9,3,3,2013-01-25,,2025-12-31,0,26-34,11+ years,Q1 Low,4930.0
44,Yes,Travel_Rarely,649,Sales,12,4,Technical Degree,1,225,2,Female,70,2,1,Sales Representative,4,Married,5518,9952,5,Y,Yes,15,3,1,80,1,15,1,2,11,8,1,4,2014-07-28,2021-04-03,2025-12-31,1,35-44,11+ years,Q2,6019.636363636364
51,No,Travel_Frequently,823,Sales,3,2,Life Sciences,1,227,1,Male,89,3,1,Sales Representative,2,Single,5245,14413,2,Y,Yes,14,3,3,80,0,20,3,3,11,5,4,4,2014-04-17,,2025-12-31,0,45+,11+ years,Q2,5721.818181818182
27,No,Travel_Rarely,748,Research & Development,3,4,Medical,1,229,2,Male,98,3,4,Manager,1,Divorced,16060,6227,2,Y,Yes,12,3,4,80,0,13,4,3,9,3,0,4,2016-09-12,,2025-12-31,0,26-34,6-10 years,Q4 High,21413.333333333332
29,No,Travel_Frequently,769,Sales,5,3,Life Sciences,1,231,3,Female,87,3,2,Sales Executive,4,Divorced,10380,20109,5,Y,No,11,3,1,80,3,26,5,3,20,12,5,6,2005-01-21,,2025-12-31,0,26-34,11+ years,Q4 High,6228.0
46,No,Non-Travel,233,Sales,2,3,Life Sciences,1,233,2,Male,69,2,4,Manager,3,Single,16404,11808,1,Y,No,16,3,4,80,1,12,3,2,9,5,2,5,2016-04-25,,2025-12-31,0,45+,6-10 years,Q4 High,21872.0
39,No,Travel_Rarely,800,Research & Development,3,2,Life Sciences,1,235,2,Female,87,2,1,Laboratory Technician,3,Married,6506,12089,3,Y,No,13,3,3,80,0,33,3,3,26,20,4,21,1999-04-04,,2025-12-31,0,35-44,11+ years,Q2,3002.769230769231
42,No,Travel_Rarely,690,Sales,3,2,Life Sciences,1,237,3,Male,90,2,2,Sales Executive,3,Divorced,7545,18071,1,Y,No,11,4,1,80,1,6,2,2,4,3,1,3,2021-12-14,,2025-12-31,0,35-44,4-5 years,Q3,22635.0
40,No,Travel_Rarely,1375,Research & Development,6,3,Technical Degree,1,239,1,Female,74,3,2,Manufacturing Director,4,Single,5650,12323,1,Y,Yes,14,4,1,80,0,8,0,2,3,3,1,2,2022-05-30,,2025-12-31,0,35-44,2-3 years,Q2,22600.0
40,No,Travel_Rarely,305,Sales,6,3,Life Sciences,1,241,4,Male,77,3,4,Manager,4,Married,15209,24569,1,Y,No,13,3,4,80,0,16,1,3,12,10,4,9,2013-06-01,,2025-12-31,0,35-44,11+ years,Q4 High,15209.0
25,No,Travel_Rarely,247,Sales,16,2,Medical,1,243,3,Male,40,3,4,Manager,4,Single,12925,20866,2,Y,Yes,16,4,1,80,1,7,3,3,1,1,0,0,2024-08-24,,2025-12-31,0,18-25,0-1 years,Q4 High,155100.0
46,No,Travel_Rarely,607,Research & Development,7,2,Medical,1,245,3,Female,85,3,1,Research Scientist,3,Married,6133,7285,3,Y,No,22,3,4,80,0,21,2,2,13,8,6,9,2012-06-16,,2025-12-31,0,45+,11+ years,Q2,5661.2307692307695
48,No,Travel_Frequently,629,Research & Development,8,1,Medical,1,247,1,Male,52,1,1,Research Scientist,2,Single,3745,19834,1,Y,No,13,3,3,80,0,3,4,2,2,2,0,1,2023-07-05,,2025-12-31,0,45+,2-3 years,Q1 Low,22470.0
35,Yes,Travel_Rarely,290,Research & Development,25,4,Human Resources,1,249,2,Male,62,1,2,Manufacturing Director,3,Married,6625,8191,1,Y,Yes,25,3,1,80,1,11,0,4,7,3,2,2,2018-09-17,2024-05-03,2025-12-31,1,35-44,6-10 years,Q3,11357.142857142857
37,No,Travel_Rarely,1308,Research & Development,1,4,Life Sciences,1,251,2,Male,81,3,1,Laboratory Technician,3,Single,5921,23545,3,Y,No,11,3,3,80,2,16,4,3,13,12,5,10,2012-09-21,,2025-12-31,0,35-44,11+ years,Q2,5465.538461538462
23,No,Travel_Rarely,505,Sales,10,1,Medical,1,253,4,Male,57,2,2,Sales Executive,3,Married,5899,22664,1,Y,No,11,3,4,80,1,7,4,4,2,1,0,1,2023-11-20,,2025-12-31,0,18-25,2-3 years,Q2,35394.0
42,No,Travel_Rarely,1340,Sales,7,3,Medical,1,255,3,Male,33,3,2,Sales Executive,3,Married,5663,7941,4,Y,No,18,4,4,80,1,10,3,4,6,5,0,1,2019-03-20,,2025-12-31,0,35-44,6-10 years,Q2,11326.0
42,Yes,Travel_Rarely,187,Research & Development,10,1,Life Sciences,1,257,2,Male,80,3,1,Research Scientist,1,Single,6620,26416,3,Y,No,18,3,3,80,1,15,4,3,14,13,6,9,2011-06-08,2025-02-16,2025-12-31,1,35-44,11+ years,Q3,5674.285714285715
36,No,Travel_Frequently,706,Research & Development,5,4,Medical,1,259,3,Female,39,2,2,Healthcare Representative,3,Divorced,5972,19639,1,Y,No,14,3,4,80,1,5,3,2,1,1,0,1,2024-09-04,,2025-12-31,0,35-44,0-1 years,Q2,71664.0
47,No,Travel_Rarely,373,Research & Development,6,4,Marketing,1,261,2,Male,81,3,1,Research Scientist,4,Single,5458,2400,4,Y,No,13,3,1,80,1,13,0,3,9,4,3,5,2016-03-19,,2025-12-31,0,45+,6-10 years,Q2,7277.333333333333
34,No,Travel_Rarely,1093,Research & Development,19,3,Life Sciences,1,263,4,Male,38,3,1,Research Scientist,4,Married,3762,16002,3,Y,No,19,4,4,80,0,7,1,2,5,3,1,2,2020-02-03,,2025-12-31,0,26-34,4-5 years,Q1 Low,9028.8
42,No,Travel_Rarely,160,Research & Development,12,4,Life Sciences,1,265,4,Male,47,3,1,Research Scientist,3,Divorced,6993,7639,4,Y,Yes,23,4,4,80,0,23,3,2,17,12,4,9,2008-01-15,,2025-12-31,0,35-44,11+ years,Q3,4936.235294117647
28,No,Travel_Rarely,181,Research & Development,7,4,Life Sciences,1,267,3,Male,95,3,1,Research Scientist,1,Divorced,2388,23736,4,Y,No,25,3,4,80,1,8,5,3,6,5,1,3,2019-12-14,,2025-12-31,0,26-34,6-10 years,Q1 Low,4776.0
37,No,Travel_Frequently,1201,Sales,4,4,Marketing,1,269,3,Female,69,2,2,Sales Executive,3,Married,11650,12174,2,Y,No,17,4,4,80,0,31,4,3,29,11,6,24,1996-02-25,,2025-12-31,0,35-44,11+ years,Q4 High,4820.689655172414
35,Yes,Travel_Rarely,1444,Research & Development,3,3,Medical,1,271,4,Male,95,3,1,Laboratory Technician,4,Married,4481,15679,1,Y,No,18,3,3,80,1,10,3,2,8,5,2,6,2018-01-01,2025-12-13,2025-12-31,1,35-44,6-10 years,Q1 Low,6721.5
39,No,Travel_Frequently,983,Research & Development,6,2,Medical,1,273,3,Female,51,3,1,Research Scientist,3,Single,4680,17981,0,Y,No,19,4,3,80,0,8,3,3,7,6,0,5,2018-06-01,,2025-12-31,0,35-44,6-10 years,Q1 Low,8022.857142857143
34,No,Travel_Rarely,635,Sales,7,2,Medical,1,275,3,Male,63,3,4,Manager,4,Divorced,14083,12167,3,Y,No,19,3,3,80,0,7,1,3,5,5,1,2,2020-10-06,,2025-12-31,0,26-34,4-5 years,Q4 High,33799.2
36,No,Travel_Rarely,771,Research & Development,25,3,Technical Degree,1,277,4,Female,77,2,1,Research Scientist,3,Divorced,5318,13845,4,Y,No,25,3,2,80,1,8,3,2,6,3,1,2,2019-04-25,,2025-12-31,0,35-44,6-10 years,Q2,10636.0
44,Yes,Travel_Rarely,1389,Human Resources,9,3,Marketing,1,279,3,Male,45,3,1,Human Resources,2,Divorced,4899,5464,1,Y,No,19,3,3,80,2,16,3,2,12,10,4,5,2013-05-26,2024-03-05,2025-12-31,1,35-44,11+ years,Q1 Low,4899.0
33,No,Travel_Rarely,1162,Human Resources,5,2,Marketing,1,281,3,Female,78,3,4,Manager,4,Single,14964,23450,3,Y,Yes,17,3,2,80,1,8,4,2,6,3,1,3,2019-06-09,,2025-12-31,0,26-34,6-10 years,Q4 High,29928.0
22,Yes,Travel_Rarely,998,Research & Development,1,2,Marketing,1,283,4,Male,92,3,2,Manufacturing Director,1,Single,8433,25029,3,Y,Yes,14,3,3,80,0,9,5,3,5,4,2,1,2020-09-06,2022-12-10,2025-12-31,1,18-25,4-5 years,Q3,20239.2
53,No,Travel_Frequently,207,Research & Development,4,3,Medical,1,285,3,Male,69,3,1,Laboratory Technician,3,Married,3396,20798,2,Y,Yes,16,3,2,80,2,6,4,3,2,1,0,1,2023-10-26,,2025-12-31,0,45+,2-3 years,Q1 Low,20376.0
49,No,Travel_Rarely,1386,Research & Development,6,2,Medical,1,287,3,Male,85,3,1,Research Scientist,2,Married,5095,13374,1,Y,No,21,3,1,80,1,10,2,3,5,5,1,2,2020-05-21,,2025-12-31,0,45+,4-5 years,Q2,12228.0
25,No,Travel_Rarely,1121,Research & Development,10,3,Technical Degree,1,289,2,Male,77,3,1,Research Scientist,1,Married,6905,3087,0,Y,No,13,4,2,80,0,17,2,3,12,9,3,7,2013-10-17,,2025-12-31,0,18-25,11+ years,Q3,6905.0
43,Yes,Travel_Rarely,495,Research & Development,6,4,Technical Degree,1,291,2,Female,66,3,2,Manufacturing Director,3,Single,7990,5874,0,Y,Yes,11,3,4,80,1,8,2,1,4,2,0,1,2021-01-28,2022-03-09,2025-12-31,1,35-44,4-5 years,Q3,23970.0
32,No,Travel_Rarely,1402,Research & Development,26,4,Life Sciences,1,293,1,Male,41,2,4,Manager,3,Single,20638,12739,2,Y,No,13,3,2,80,0,40,3,2,36,19,6,15,1989-08-16,,2025-12-31,0,26-34,11+ years,Q4 High,6879.333333333333
39,No,Travel_Rarely,1058,Research & Development,7,3,Life Sciences,1,295,3,Male,61,3,2,Manufacturing Director,4,Single,10939,21544,5,Y,Yes,23,3,4,80,0,23,6,2,19,9,6,13,2006-12-02,,2025-12-31,0,35-44,11+ years,Q4 High,6908.8421052631575
40,No,Travel_Rarely,628,Research & Development,16,3,Human Resources,1,297,3,Female,52,3,1,Laboratory Technician,4,Married,4194,8499,0,Y,No,19,4,1,80,1,3,5,2,1,1,0,1,2024-08-06,,2025-12-31,0,35-44,0-1 years,Q1 Low,50328.0
35,Yes,Travel_Rarely,433,Research & Development,2,3,Life Sciences,1,299,4,Male,50,3,2,Manufacturing Director,4,Single,8130,11584,2,Y,No,12,3,3,80,1,11,4,2,6,5,2,4,2019-01-09,2023-01-20,2025-12-31,1,35-44,6-10 years,Q3,16260.0
30,No,Travel_Rarely,326,Sales,8,2,Technical Degree,1,301,3,Female,41,3,2,Sales Executive,3,Married,7371,11707,2,Y,Yes,11,4,1,80,1,11,0,3,5,4,1,3,2020-03-11,,2025-12-31,0,26-34,4-5 years,Q3,17690.4
31,No,Travel_Rarely,1315,Research & Development,4,4,Life Sciences,1,303,3,Female,78,3,1,Research Scientist,3,Married,4338,4693,2,Y,Yes,17,4,1,80,0,5,0,2,1,1,0,1,2024-09-01,,2025-12-31,0,26-34,0-1 years,Q1 Low,52056.0
29,Yes,Travel_Rarely,420,Research & Development,17,2,Life Sciences,1,305,2,Male,76,3,1,Laboratory Technician,3,Single,3931,4903,5,Y,Yes,16,3,3,80,0,9,6,3,5,4,1,1,2020-12-01,2023-08-20,2025-12-31,1,26-34,4-5 years,Q1 Low,9434.4
29,No,Travel_Rarely,441,Research & Development,6,1,Life Sciences,1,307,4,Female,91,2,4,Manager,3,Single,13622,8051,2,Y,Yes,11,3,3,80,3,11,6,3,5,5,2,2,2020-08-14,,2025-12-31,0,26-34,4-5 years,Q4 High,32692.8
36,Yes,Travel_Rarely,1151,Human Resources,19,4,Life Sciences,1,309,3,Male,67,2,1,Human Resources,3,Divorced,4038,16353,4,Y,No,23,3,2,80,0,17,2,3,13,10,4,7,2012-02-29,2023-04-10,2025-12-31,1,35-44,11+ years,Q1 Low,3727.3846153846152
30,No,Non-Travel,1437,Research & Development,13,2,Life Sciences,1,311,3,Male,55,3,2,Manufacturing Director,4,Married,8570,14655,2,Y,No,16,4,3,80,1,18,2,2,15,7,6,12,2010-12-20,,2025-12-31,0,26-34,11+ years,Q3,6856.0
43,Yes,Travel_Rarely,1338,Sales,5,3,Medical,1,313,2,Male,69,3,2,Sales Executive,2,Single,8426,23760,1,Y,Yes,17,3,4,80,1,18,2,3,13,11,4,8,2012-04-13,2024-10-29,2025-12-31,1,35-44,11+ years,Q3,7777.846153846154
50,No,Travel_Rarely,117,Sales,3,1,Medical,1,315,3,Male,45,3,1,Sales Representative,4,Married,5687,2220,2,Y,No,20,3,1,80,0,21,3,4,18,10,0,9,2007-05-02,,2025-12-31,0,45+,11+ years,Q2,3791.3333333333335
32,No,Travel_Rarely,1233,Research & Development,4,2,Other,1,317,3,Female,48,3,1,Research Scientist,1,Married,4880,8416,3,Y,No,13,3,1,80,2,9,0,2,8,8,0,2,2017-07-03,,2025-12-31,0,26-34,6-10 years,Q1 Low,7320.0
39,No,Travel_Rarely,732,Sales,6,2,Medical,1,319,3,Female,79,3,2,Sales Executive,2,Divorced,8510,5012,3,Y,No,16,3,3,80,0,10,0,3,8,5,2,4,2017-06-23,,2025-12-31,0,35-44,6-10 years,Q3,12765.0
41,Yes,Travel_Frequently,592,Research & Development,13,1,Medical,1,321,4,Male,85,3,2,Manufacturing Director,2,Single,7634,9544,1,Y,No,16,3,1,80,1,15,2,3,12,6,1,6,2013-07-22,2021-10-07,2025-12-31,1,35-44,11+ years,Q3,7634.0
41,No,Travel_Rarely,911,Research & Development,8,3,Medical,1,323,4,Male,58,2,1,Research Scientist,3,Divorced,6000,7366,0,Y,No,23,3,4,80,1,10,6,3,5,2,1,4,2020-11-10,,2025-12-31,0,35-44,4-5 years,Q2,14400.0
38,No,Non-Travel,369,Research & Development,15,4,Medical,1,325,4,Female,67,3,2,Manufacturing Director,1,Married,8084,26433,2,Y,No,12,3,3,80,1,12,4,3,9,7,3,4,2016-10-13,,2025-12-31,0,35-44,6-10 years,Q3,10778.666666666666
44,Yes,Travel_Frequently,1098,Research & Development,20,3,Medical,1,327,3,Male,90,3,2,Healthcare Representative,4,Divorced,8600,17749,1,Y,Yes,18,3,3,80,1,13,2,3,9,4,2,4,2016-11-30,2023-07-28,2025-12-31,1,35-44,6-10 years,Q3,11466.666666666666
41,No,Travel_Rarely,234,Research & Development,8,4,Life Sciences,1,329,4,Male,65,3,3,Research Director,4,Married,11271,24073,3,Y,No,16,4,3,80,1,13,1,3,10,9,2,3,2015-01-28,,2025-12-31,0,35-44,6-10 years,Q4 High,13525.2
26,No,Travel_Rarely,611,Sales,3,2,Life Sciences,1,331,4,Male,39,3,2,Sales Executive,3,Divorced,8089,6268,3,Y,No,20,3,3,80,1,18,4,3,15,8,4,3,2010-10-12,,2025-12-31,0,26-34,11+ years,Q3,6471.2
45,No,Travel_Rarely,500,Research & Development,11,3,Life Sciences,1,333,2,Female,76,3,1,Laboratory Technician,3,Married,4643,23831,2,Y,No,20,4,1,80,2,8,5,4,4,2,0,2,2021-06-09,,2025-12-31,0,45+,4-5 years,Q1 Low,13929.0
45,No,Travel_Rarely,1206,Research & Development,28,2,Life Sciences,1,335,2,Male,73,3,1,Research Scientist,4,Married,4839,22602,2,Y,No,11,3,4,80,2,9,1,3,4,2,1,2,2021-06-14,,2025-12-31,0,45+,4-5 years,Q1 Low,14517.0
30,No,Travel_Rarely,744,Research & Development,15,3,Medical,1,337,2,Female,91,3,4,Manager,4,Single,18736,19019,5,Y,No,13,3,3,80,1,33,3,2,27,13,8,15,1998-11-10,,2025-12-31,0,26-34,11+ years,Q4 High,8327.111111111111
37,No,Travel_Rarely,178,Research & Development,10,3,Life Sciences,1,339,1,Female,36,3,3,Research Director,3,Divorced,10165,13055,3,Y,No,12,3,2,80,1,9,2,3,4,2,1,3,2021-01-12,,2025-12-31,0,35-44,4-5 years,Q4 High,30495.0
43,No,Travel_Rarely,1431,Sales,4,3,Technical Degree,1,341,1,Male,98,3,1,Sales Representative,4,Married,4559,4737,1,Y,No,15,4,3,80,1,10,4,3,6,3,1,1,2019-12-09,,2025-12-31,0,35-44,6-10 years,Q1 Low,9118.0
35,No,Travel_Rarely,720,Research & Development,7,4,Technical Degree,1,343,1,Male,48,3,2,Healthcare Representative,3,Married,7560,23734,1,Y,No,21,4,1,80,0,16,5,2,11,6,4,6,2014-12-04,,2025-12-31,0,35-44,11+ years,Q3,8247.272727272728
47,No,Travel_Rarely,1149,Research & Development,2,3,Human Resources,1,345,3,Female,62,3,1,Laboratory Technician,3,Divorced,3820,15623,1,Y,No,11,3,1,80,0,4,5,3,1,0,0,1,2024-10-19,,2025-12-31,0,45+,0-1 years,Q1 Low,45840.0
58,No,Travel_Frequently,266,Research & Development,3,3,Technical Degree,1,347,2,Male,53,2,1,Laboratory Technician,2,Married,3935,4696,4,Y,No,15,3,3,80,0,11,0,3,5,3,0,2,2020-12-30,,2025-12-31,0,45+,4-5 years,Q1 Low,9444.0
30,No,Travel_Rarely,784,Research & Development,11,4,Life Sciences,1,349,2,Female,52,3,1,Research Scientist,3,Married,4398,11691,1,Y,No,21,3,3,80,2,4,5,3,3,2,1,2,2022-01-25,,2025-12-31,0,26-34,2-3 years,Q1 Low,17592.0
24,Yes,Travel_Frequently,944,Research & Development,1,2,Medical,1,351,3,Female,82,2,2,Manufacturing Director,1,Married,8087,13453,5,Y,No,22,3,3,80,1,4,1,2,2,1,1,1,2023-09-22,2025-09-18,2025-12-31,1,18-25,2-3 years,Q3,48522.0
40,No,Travel_Rarely,560,Sales,6,3,Life Sciences,1,353,4,Female,50,3,2,Sales Executive,2,Married,10089,3656,1,Y,No,17,4,2,80,2,19,1,2,15,8,4,7,2010-06-25,,2025-12-31,0,35-44,11+ years,Q4 High,8071.2
43,No,Travel_Rarely,1274,Research & Development,3,4,Marketing,1,355,4,Female,66,3,2,Healthcare Representative,4,Divorced,8538,21742,0,Y,No,19,3,3,80,1,18,5,3,13,7,3,4,2012-06-03,,2025-12-31,0,35-44,11+ years,Q3,7881.2307692307695
35,No,Travel_Rarely,1163,Sales,3,3,Technical Degree,1,357,3,Female,78,2,4,Manager,4,Single,14000,8464,1,Y,Yes,13,4,1,80,0,6,2,3,3,2,1,1,2022-09-03,,2025-12-31,0,35-44,2-3 years,Q4 High,56000.0
50,No,Travel_Rarely,899,Research & Development,9,2,Technical Degree,1,359,3,Female,54,3,2,Manufacturing Director,4,Single,10490,3896,0,Y,No,13,3,3,80,0,20,1,3,16,9,6,5,2009-01-10,,2025-12-31,0,45+,11+ years,Q4 High,7867.5
25,No,Travel_Rarely,871,Research & Development,4,3,Medical,1,361,2,Male,68,3,1,Research Scientist,3,Divorced,6408,4108,8,Y,Yes,11,3,3,80,1,18,3,3,16,12,4,11,2009-02-21,,2025-12-31,0,18-25,11+ years,Q2,4806.0
43,No,Travel_Rarely,1463,Research & Development,2,3,Marketing,1,363,2,Male,59,3,1,Research Scientist,3,Single,7708,11353,6,Y,No,15,3,3,80,2,22,1,2,18,17,5,7,2007-07-09,,2025-12-31,0,35-44,11+ years,Q3,5138.666666666667
31,No,Travel_Frequently,273,Sales,5,3,Life Sciences,1,365,2,Male,72,3,2,Sales Executive,1,Married,10051,2125,1,Y,Yes,15,3,4,80,2,22,4,2,17,6,2,14,2008-01-27,,2025-12-31,0,26-34,11+ years,Q4 High,7094.823529411765
53,No,Travel_Rarely,686,Sales,2,2,Life Sciences,1,367,2,Female,83,3,2,Sales Executive,4,Married,8211,5775,1,Y,No,14,3,4,80,1,15,3,3,9,4,1,7,2016-12-01,,2025-12-31,0,45+,6-10 years,Q3,10948.0
55,No,Travel_Rarely,653,Research & Development,19,4,Marketing,1,369,4,Male,61,3,1,Research Scientist,1,Married,4696,22671,4,Y,Yes,12,3,4,80,1,9,0,2,5,2,1,3,2020-05-06,,2025-12-31,0,45+,4-5 years,Q1 Low,11270.4
30,No,Travel_Frequently,1220,Sales,13,4,Medical,1,371,1,Female,78,3,4,Manager,2,Married,16756,13477,1,Y,No,13,3,4,80,1,20,2,3,13,8,2,9,2012-10-05,,2025-12-31,0,26-34,11+ years,Q4 High,15467.076923076924
32,No,Travel_Rarely,266,Sales,13,3,Other,1,373,2,Male,31,3,1,Sales Representative,3,Divorced,5959,20624,2,Y,Yes,12,3,4,80,0,10,3,2,6,2,2,1,2019-08-15,,2025-12-31,0,26-34,6-10 years,Q2,11918.0
45,Yes,Travel_Rarely,297,Research & Development,4,3,Life Sciences,1,375,1,Female,76,2,1,Research Scientist,2,Single,5175,18972,3,Y,No,22,3,4,80,0,11,1,3,9,6,1,5,2016-11-25,2021-10-08,2025-12-31,1,45+,6-10 years,Q2,6900.0
33,No,Travel_Rarely,539,Research & Development,11,4,Technical Degree,1,377,3,Male,52,3,1,Laboratory Technician,1,Married,5311,21478,1,Y,No,23,3,4,80,1,6,3,3,5,5,2,4,2020-12-04,,2025-12-31,0,26-34,4-5 years,Q2,12746.4
36,Yes,Travel_Frequently,658,Research & Development,9,2,Medical,1,379,2,Female,35,3,1,Laboratory Technician,4,Single,3341,8526,0,Y,Yes,11,3,4,80,0,9,6,3,7,2,2,2,2018-09-20,2023-12-30,2025-12-31,1,35-44,6-10 years,Q1 Low,5727.428571428572
37,No,Travel_Rarely,613,Research & Development,4,2,Marketing,1,381,3,Male,70,3,1,Laboratory Technician,2,Single,4251,5227,0,Y,No,12,3,1,80,1,5,2,3,3,2,1,1,2022-12-08,,2025-12-31,0,35-44,2-3 years,Q1 Low,17004.0
19,Yes,Travel_Rarely,1225,Sales,8,3,Marketing,1,383,1,Male,71,2,1,Sales Representative,1,Divorced,3562,11308,1,Y,Yes,21,3,1,80,0,14,2,3,12,10,2,3,2013-04-04,2025-01-24,2025-12-31,1,18-25,11+ years,Q1 Low,3562.0
37,No,Travel_Rarely,1305,Sales,2,4,Technical Degree,1,385,2,Male,82,3,4,Manager,1,Divorced,14559,11017,2,Y,No,11,3,4,80,0,12,2,3,10,4,2,6,2015-09-27,,2025-12-31,0,35-44,6-10 years,Q4 High,17470.8
31,No,Travel_Frequently,955,Research & Development,3,1,Life Sciences,1,387,1,Female,68,3,1,Laboratory Technician,2,Single,2573,20087,3,Y,No,22,3,3,80,1,5,3,3,2,1,0,1,2023-12-17,,2025-12-31,0,26-34,2-3 years,Q1 Low,15438.0
32,No,Travel_Rarely,513,Research & Development,8,5,Human Resources,1,389,3,Male,39,4,4,Manager,1,Single,15774,25231,3,Y,Yes,14,3,4,80,1,12,4,3,6,4,1,3,2019-10-23,,2025-12-31,0,26-34,6-10 years,Q4 High,31548.0
50,No,Non-Travel,590,Research & Development,5,3,Life Sciences,1,391,1,Male,79,3,2,Healthcare Representative,4,Single,8776,17786,2,Y,No,15,4,2,80,0,16,6,3,14,5,5,9,2011-06-20,,2025-12-31,0,45+,11+ years,Q3,7522.285714285715
25,No,Travel_Rarely,1339,Sales,10,3,Life Sciences,1,393,3,Female,37,3,2,Sales Executive,2,Single,6411,14135,0,Y,No,18,3,3,80,3,13,6,3,4,3,1,1,2021-10-09,,2025-12-31,0,18-25,4-5 years,Q2,19233.0
44,No,Travel_Frequently,641,Sales,4,2,Medical,1,395,3,Female,30,3,4,Manager,4,Married,13842,24601,3,Y,Yes,13,3,4,80,0,7,6,3,4,2,1,3,2021-05-29,,2025-12-31,0,35-44,4-5 years,Q4 High,41526.0
34,Yes,Travel_Rarely,350,Sales,6,2,Marketing,1,397,3,Female,98,4,2,Sales Executive,1,Married,5728,26427,1,Y,Yes,12,3,4,80,1,9,2,3,6,4,2,1,2019-07-02,2025-12-12,2025-12-31,1,26-34,6-10 years,Q2,11456.0
34,No,Travel_Rarely,852,Sales,8,4,Medical,1,399,2,Male,30,3,4,Manager,3,Single,14148,19889,2,Y,Yes,19,3,1,80,2,9,6,4,4,3,1,1,2021-07-13,,2025-12-31,0,26-34,4-5 years,Q4 High,42444.0
44,No,Travel_Frequently,783,Research & Development,4,4,Marketing,1,401,2,Male,96,3,1,Laboratory Technician,3,Married,7729,9032,2,Y,No,25,3,4,80,0,22,3,3,20,10,2,8,2005-04-19,,2025-12-31,0,35-44,11+ years,Q3,4637.4
40,No,Travel_Rarely,344,Research & Development,6,3,Medical,1,403,1,Female,56,2,2,Healthcare Representative,3,Married,5949,20628,0,Y,No,17,3,4,80,2,12,5,3,4,2,2,3,2021-03-15,,2025-12-31,0,35-44,4-5 years,Q2,17847.0
42,No,Travel_Rarely,1328,Research & Development,9,4,Life Sciences,1,405,3,Male,90,3,2,Healthcare Representative,3,Single,8172,12430,4,Y,No,19,3,2,80,1,11,3,2,5,2,1,4,2020-02-27,,2025-12-31,0,35-44,4-5 years,Q3,19612.8
46,No,Travel_Rarely,587,Sales,22,4,Human Resources,1,407,3,Female,77,3,4,Manager,4,Married,14624,25464,3,Y,No,22,3,2,80,0,4,1,3,1,1,0,0,2024-12-28,,2025-12-31,0,45+,0-1 years,Q4 High,175488.0
34,Yes,Travel_Rarely,135,Research & Development,4,3,Life Sciences,1,409,3,Male,52,3,2,Healthcare Representative,2,Single,5898,21519,4,Y,Yes,13,3,1,80,1,8,2,3,6,5,2,2,2019-07-12,2021-05-24,2025-12-31,1,26-34,6-10 years,Q2,11796.0
31,No,Travel_Rarely,1222,Research & Development,5,3,Technical Degree,1,411,3,Male,73,3,1,Research Scientist,3,Single,5307,8085,1,Y,No,14,3,1,80,2,15,4,3,13,6,3,10,2012-01-29,,2025-12-31,0,26-34,11+ years,Q2,4898.7692307692305
27,No,Travel_Rarely,468,Research & Development,15,3,Life Sciences,1,413,4,Male,69,3,1,Research Scientist,4,Divorced,6068,16986,5,Y,No,12,3,3,80,1,16,4,3,12,9,5,7,2013-07-23,,2025-12-31,0,26-34,11+ years,Q2,6068.0
29,No,Travel_Rarely,1058,Sales,18,3,Medical,1,415,3,Male,40,2,2,Sales Executive,1,Single,7857,14781,5,Y,No,11,3,1,80,1,23,1,3,12,9,1,4,2013-05-14,,2025-12-31,0,26-34,11+ years,Q3,7857.0
60,No,Travel_Rarely,357,Research & Development,12,1,Medical,1,417,1,Male,40,3,1,Research Scientist,1,Married,5724,25616,4,Y,No,18,4,2,80,0,15,5,1,11,10,2,6,2014-07-18,,2025-12-31,0,45+,11+ years,Q2,6244.363636363636
48,No,Travel_Rarely,600,Research & Development,17,3,Life Sciences,1,419,3,Male,60,3,2,Manufacturing Director,2,Single,10064,16998,4,Y,Yes,12,3,4,80,0,29,0,3,23,13,1,18,2002-07-15,,2025-12-31,0,45+,11+ years,Q4 High,5250.782608695652
25,No,Travel_Rarely,753,Research & Development,4,1,Life Sciences,1,421,1,Female,89,2,1,Research Scientist,3,Divorced,4048,16595,0,Y,No,11,3,3,80,1,10,1,3,9,8,1,2,2016-05-20,,2025-12-31,0,18-25,6-10 years,Q1 Low,5397.333333333333
25,No,Travel_Frequently,819,Sales,16,4,Life Sciences,1,423,3,Male,84,2,4,Manager,2,Divorced,13507,9942,0,Y,No,14,4,3,80,1,10,1,2,5,3,2,1,2020-06-27,,2025-12-31,0,18-25,4-5 years,Q4 High,32416.8
41,Yes,Travel_Rarely,1227,Research & Development,14,4,Life Sciences,1,425,2,Female,53,2,1,Laboratory Technician,2,Married,4433,26744,0,Y,Yes,11,3,2,80,2,10,6,1,5,4,0,2,2020-12-18,2023-08-29,2025-12-31,1,35-44,4-5 years,Q1 Low,10639.2
42,No,Travel_Rarely,578,Research & Development,3,2,Life Sciences,1,427,1,Female,91,3,2,Healthcare Representative,3,Married,7328,18560,1,Y,No,12,3,4,80,1,11,3,3,6,2,2,4,2019-04-24,,2025-12-31,0,35-44,6-10 years,Q3,14656.0
42,No,Non-Travel,339,Sales,6,3,Medical,1,429,4,Male,48,2,2,Sales Executive,3,Divorced,5975,19552,2,Y,No,11,4,4,80,0,6,0,3,4,2,1,1,2021-11-04,,2025-12-31,0,35-44,4-5 years,Q2,17925.0
35,No,Travel_Rarely,467,Research & Development,1,3,Marketing,1,431,3,Male,69,3,2,Healthcare Representative,2,Married,6891,18970,4,Y,No,20,4,3,80,0,15,5,3,10,9,2,7,2015-05-02,,2025-12-31,0,35-44,6-10 years,Q3,8269.2
36,No,Travel_Frequently,1414,Research & Development,9,3,Medical,1,433,2,Female,46,3,3,Research Director,2,Single,10782,18438,2,Y,No,19,3,4,80,0,18,1,3,13,11,2,9,2012-03-12,,2025-12-31,0,35-44,11+ years,Q4 High,9952.615384615385
40,Yes,Travel_Frequently,1081,Sales,16,2,Technical Degree,1,435,1,Female,79,3,1,Sales Representative,3,Married,5190,8777,4,Y,No,20,3,4,80,0,10,3,3,5,3,0,3,2020-07-27,2023-04-19,2025-12-31,1,35-44,4-5 years,Q2,12456.0
38,No,Travel_Frequently,248,Research & Development,5,3,Medical,1,437,3,Female,41,3,1,Laboratory Technician,4,Married,8603,10327,2,Y,Yes,20,3,4,80,1,20,1,2,16,11,7,4,2009-04-18,,2025-12-31,0,35-44,11+ years,Q3,6452.25
18,No,Travel_Rarely,831,Sales,3,2,Medical,1,439,4,Female,44,3,4,Manager,3,Married,13817,25923,2,Y,No,22,3,4,80,0,7,3,3,3,2,1,3,2022-04-02,,2025-12-31,0,18-25,2-3 years,Q4 High,55268.0
35,No,Travel_Frequently,500,Sales,3,1,Medical,1,441,3,Female,68,3,2,Sales Executive,4,Married,3635,7142,1,Y,No,12,3,1,80,2,5,5,2,1,0,0,1,2024-07-19,,2025-12-31,0,35-44,0-1 years,Q1 Low,43620.0
29,Yes,Travel_Frequently,693,Research & Development,8,1,Medical,1,443,4,Male,42,3,1,Laboratory Technician,2,Single,4646,10729,2,Y,Yes,21,3,2,80,1,9,4,3,5,2,0,2,2020-09-02,2025-04-21,2025-12-31,1,26-34,4-5 years,Q1 Low,11150.4
38,No,Travel_Rarely,387,Research & Development,12,1,Medical,1,445,1,Male,48,3,1,Laboratory Technician,2,Divorced,4457,12401,1,Y,Yes,15,4,1,80,2,3,3,3,1,0,0,1,2024-01-07,,2025-12-31,0,35-44,0-1 years,Q1 Low,53484.0
60,No,Travel_Rarely,233,Research & Development,22,4,Life Sciences,1,447,3,Female,86,3,1,Research Scientist,3,Married,3796,9927,1,Y,No,12,3,1,80,1,6,5,3,4,3,0,3,2021-01-21,,2025-12-31,0,45+,4-5 years,Q1 Low,11388.0
40,No,Travel_Rarely,324,Research & Development,1,4,Technical Degree,1,449,3,Male,89,3,1,Laboratory Technician,4,Divorced,5972,20591,2,Y,No,17,4,1,80,1,14,3,3,9,5,3,4,2016-07-06,,2025-12-31,0,35-44,6-10 years,Q2,7962.666666666667
34,No,Travel_Rarely,736,Research & Development,21,3,Marketing,1,451,3,Female,85,2,1,Research Scientist,3,Married,4514,4565,3,Y,No,13,3,4,80,1,7,3,3,2,1,1,1,2023-04-23,,2025-12-31,0,26-34,2-3 years,Q1 Low,27084.0
45,Yes,Travel_Rarely,707,Human Resources,9,3,Life Sciences,1,453,1,Male,54,3,1,Human Resources,4,Single,6195,20112,1,Y,No,11,3,2,80,3,14,3,3,8,7,2,2,2017-08-30,2024-03-30,2025-12-31,1,45+,6-10 years,Q2,9292.5
41,No,Travel_Rarely,948,Research & Development,16,2,Marketing,1,455,3,Male,33,3,1,Research Scientist,4,Married,3788,23880,2,Y,No,11,3,4,80,1,9,5,2,5,2,2,4,2020-02-06,,2025-12-31,0,35-44,4-5 years,Q1 Low,9091.2
41,No,Travel_Rarely,999,Sales,13,3,Life Sciences,1,457,3,Female,81,3,4,Manager,1,Divorced,15603,17025,4,Y,No,14,3,3,80,1,16,2,2,11,8,1,8,2014-09-16,,2025-12-31,0,35-44,11+ years,Q4 High,17021.454545454544
42,Yes,Travel_Rarely,925,Research & Development,8,2,Life Sciences,1,459,3,Male,36,3,1,Laboratory Technician,1,Single,3834,2707,4,Y,No,19,3,2,80,1,4,1,3,2,2,0,1,2023-08-13,2024-11-03,2025-12-31,1,35-44,2-3 years,Q1 Low,23004.0
56,No,Travel_Rarely,1017,Sales,8,3,Life Sciences,1,461,3,Male,97,3,4,Manager,1,Single,15627,19624,2,Y,No,13,4,3,80,0,11,3,3,5,2,2,3,2020-09-02,,2025-12-31,0,45+,4-5 years,Q4 High,37504.8
27,No,Travel_Rarely,510,Research & Development,11,4,Marketing,1,463,3,Male,99,1,1,Laboratory Technician,2,Divorced,3516,6359,1,Y,No,18,3,2,80,1,4,2,4,4,2,0,3,2021-12-23,,2025-12-31,0,26-34,4-5 years,Q1 Low,10548.0
41,No,Non-Travel,473,Research & Development,7,2,Marketing,1,465,3,Female,74,3,1,Research Scientist,1,Single,6043,19959,1,Y,No,11,3,4,80,3,14,2,2,9,6,2,3,2016-04-23,,2025-12-31,0,35-44,6-10 years,Q2,8057.333333333333
28,No,Travel_Rarely,184,Research & Development,7,4,Marketing,1,467,2,Male,38,3,1,Laboratory Technician,4,Divorced,4365,21373,2,Y,No,14,3,4,80,0,8,6,3,5,3,1,3,2020-12-16,,2025-12-31,0,26-34,4-5 years,Q1 Low,10476.0
42,No,Travel_Rarely,183,Research & Development,12,1,Life Sciences,1,469,2,Female,38,3,1,Laboratory Technician,1,Single,6514,14749,5,Y,No,12,3,1,80,1,13,3,3,11,7,2,4,2014-06-15,,2025-12-31,0,35-44,11+ years,Q2,7106.181818181818
29,No,Travel_Rarely,581,Sales,4,3,Medical,1,471,3,Male,32,3,2,Sales Executive,2,Divorced,8297,8143,4,Y,No,20,3,4,80,1,17,4,3,9,6,2,6,2016-12-19,,2025-12-31,0,26-34,6-10 years,Q3,11062.666666666666
33,No,Travel_Rarely,1466,Research & Development,17,2,Medical,1,473,4,Female,92,3,1,Laboratory Technician,1,Single,4045,14601,3,Y,No,23,3,4,80,2,11,1,3,7,6,2,2,2018-12-31,,2025-12-31,0,26-34,6-10 years,Q1 Low,6934.285714285715
34,No,Travel_Frequently,371,Research & Development,16,3,Life Sciences,1,475,1,Female,31,3,1,Research Scientist,4,Married,4672,23363,2,Y,No,13,3,1,80,0,12,4,3,6,2,1,4,2019-05-06,,2025-12-31,0,26-34,6-10 years,Q1 Low,9344.0
46,Yes,Non-Travel,105,Research & Development,6,2,Medical,1,477,3,Male,60,3,1,Laboratory Technician,3,Single,7289,14418,2,Y,No,25,3,3,80,0,25,1,3,21,17,1,9,2004-02-29,2022-07-10,2025-12-31,1,45+,11+ years,Q3,4165.142857142857
45,No,Travel_Rarely,618,Research & Development,12,3,Life Sciences,1,479,2,Male,67,3,2,Manufacturing Director,4,Married,7614,8222,6,Y,No,18,4,3,80,0,10,0,2,8,4,1,2,2017-06-30,,2025-12-31,0,45+,6-10 years,Q3,11421.0
26,No,Non-Travel,113,Sales,11,3,Life Sciences,1,481,2,Male,36,3,2,Sales Executive,4,Single,9363,23970,3,Y,Yes,11,3,2,80,0,17,6,2,10,6,2,3,2015-03-28,,2025-12-31,0,26-34,6-10 years,Q4 High,11235.6
37,No,Travel_Rarely,1126,Sales,5,2,Medical,1,483,3,Female,39,2,2,Sales Executive,3,Single,7574,22544,3,Y,Yes,15,3,4,80,1,15,2,1,10,4,1,6,2015-09-23,,2025-12-31,0,35-44,6-10 years,Q3,9088.8
30,No,Travel_Rarely,916,Sales,13,3,Medical,1,485,3,Male,88,3,4,Manager,2,Single,13500,2568,3,Y,No,20,3,1,80,0,7,2,3,5,3,2,2,2020-05-12,,2025-12-31,0,26-34,4-5 years,Q4 High,32400.0
25,Yes,Travel_Rarely,586,Research & Development,22,4,Life Sciences,1,487,1,Female,30,3,1,Laboratory Technician,2,Married,3029,19826,2,Y,Yes,15,3,3,80,1,6,5,2,1,1,0,1,2024-07-07,2025-08-08,2025-12-31,1,18-25,0-1 years,Q1 Low,36348.0
35,No,Travel_Frequently,896,Research & Development,17,3,Life Sciences,1,489,3,Male,66,1,1,Research Scientist,2,Married,8133,2946,1,Y,No,16,3,1,80,2,33,0,3,20,8,3,9,2005-10-11,,2025-12-31,0,35-44,11+ years,Q3,4879.8
34,No,Travel_Rarely,586,Sales,2,2,Life Sciences,1,491,4,Male,54,2,4,Manager,4,Single,14931,14236,0,Y,No,15,3,4,80,0,8,2,3,6,3,2,4,2019-02-20,,2025-12-31,0,26-34,6-10 years,Q4 High,29862.0
59,No,Travel_Rarely,1291,Research & Development,12,2,Life Sciences,1,493,4,Male,95,3,1,Research Scientist,1,Divorced,5789,10243,1,Y,Yes,14,3,4,80,0,12,2,3,9,5,2,5,2016-04-25,,2025-12-31,0,45+,6-10 years,Q2,7718.666666666667
41,No,Travel_Frequently,1036,Human Resources,15,4,Life Sciences,1,495,1,Male,34,3,1,Human Resources,1,Married,7118,15231,2,Y,No,11,3,1,80,3,25,2,3,21,9,2,8,2004-03-01,,2025-12-31,0,35-44,11+ years,Q3,4067.4285714285716
24,No,Travel_Rarely,505,Human Resources,5,3,Life Sciences,1,497,3,Male,85,3,4,Manager,3,Married,13736,25353,1,Y,No,17,3,2,80,1,11,3,2,5,4,1,1,2020-06-24,,2025-12-31,0,18-25,4-5 years,Q4 High,32966.4
32,No,Travel_Rarely,562,Sales,17,3,Medical,1,499,2,Female,71,4,2,Sales Executive,3,Single,8267,13851,4,Y,No,18,3,1,80,0,12,3,2,6,5,2,3,2019-12-31,,2025-12-31,0,26-34,6-10 years,Q3,16534.0
46,No,Travel_Frequently,231,Research & Development,4,2,Medical,1,501,2,Female,93,3,1,Research Scientist,3,Single,5665,17974,6,Y,No,19,4,4,80,0,18,5,2,17,14,1,10,2008-07-31,,2025-12-31,0,45+,11+ years,Q2,3998.823529411765
56,No,Travel_Rarely,605,Research & Development,7,3,Marketing,1,503,3,Male,78,1,1,Research Scientist,2,Married,4773,25577,1,Y,No,17,4,1,80,3,7,6,4,5,4,1,3,2020-06-30,,2025-12-31,0,45+,4-5 years,Q1 Low,11455.2
22,No,Travel_Rarely,732,Sales,4,2,Medical,1,505,3,Female,75,2,2,Sales Executive,4,Married,5993,15815,2,Y,No,14,3,4,80,0,7,2,3,3,2,0,1,2022-08-14,,2025-12-31,0,18-25,2-3 years,Q2,23972.0
20,Yes,Travel_Rarely,335,Research & Development,4,4,Life Sciences,1,507,1,Female,31,1,1,Research Scientist,3,Married,3761,14426,2,Y,No,11,3,4,80,1,5,5,2,2,1,0,1,2023-02-11,2022-12-22,2025-12-31,1,18-25,2-3 years,Q1 Low,22566.0
54,No,Travel_Rarely,122,Research & Development,11,4,Life Sciences,1,509,4,Female,96,2,2,Manufacturing Director,1,Divorced,13612,17957,3,Y,No,21,3,3,80,0,39,4,3,34,25,5,11,1991-11-20,,2025-12-31,0,45+,11+ years,Q4 High,4804.235294117647
40,No,Travel_Rarely,713,Research & Development,2,1,Technical Degree,1,511,4,Male,33,2,1,Research Scientist,4,Married,6029,22871,3,Y,No,14,3,2,80,0,25,5,3,19,12,5,7,2006-03-02,,2025-12-31,0,35-44,11+ years,Q2,3807.7894736842104
29,No,Travel_Rarely,1255,Sales,7,3,Life Sciences,1,513,3,Male,91,3,1,Sales Representative,4,Married,3785,2233,2,Y,Yes,16,4,2,80,2,6,3,3,1,1,0,1,2024-07-06,,2025-12-31,0,26-34,0-1 years,Q1 Low,45420.0
42,Yes,Travel_Rarely,551,Sales,11,2,Life Sciences,1,515,3,Male,56,3,4,Manager,1,Married,14892,22911,4,Y,Yes,12,3,3,80,0,16,0,2,12,11,0,5,2013-08-02,2024-08-05,2025-12-31,1,35-44,11+ years,Q4 High,14892.0
18,Yes,Travel_Rarely,373,Research & Development,5,3,Life Sciences,1,517,2,Female,96,3,2,Healthcare Representative,3,Married,9027,14575,1,Y,No,12,3,3,80,0,25,1,3,21,19,3,13,2004-04-13,2022-01-05,2025-12-31,1,18-25,11+ years,Q4 High,5158.285714285715
37,No,Travel_Frequently,1124,Research & Development,18,4,Medical,1,519,3,Male,46,3,1,Laboratory Technician,3,Divorced,4741,16364,1,Y,No,11,3,3,80,1,10,6,3,7,4,3,6,2018-09-12,,2025-12-31,0,35-44,6-10 years,Q1 Low,8127.428571428572
40,Yes,Non-Travel,760,Research & Development,7,3,Medical,1,521,2,Male,81,3,1,Research Scientist,1,Married,4150,11321,2,Y,Yes,19,3,3,80,1,11,0,3,6,3,1,2,2019-09-05,2024-12-22,2025-12-31,1,35-44,6-10 years,Q1 Low,8300.0
45,No,Travel_Rarely,265,Human Resources,24,3,Other,1,523,4,Male,86,3,1,Human Resources,4,Married,3877,23087,5,Y,No,17,3,2,80,0,12,1,3,6,5,1,3,2019-10-06,,2025-12-31,0,45+,6-10 years,Q1 Low,7754.0
28,No,Travel_Rarely,509,Research & Development,2,2,Technical Degree,1,525,1,Male,59,3,1,Laboratory Technician,2,Single,6850,20935,1,Y,No,17,3,4,80,0,21,4,3,19,15,4,15,2006-09-22,,2025-12-31,0,26-34,11+ years,Q3,4326.315789473684
38,Yes,Non-Travel,396,Research & Development,11,4,Medical,1,527,2,Female,94,3,1,Laboratory Technician,4,Married,3390,23112,4,Y,No,21,3,1,80,0,10,4,2,4,3,1,1,2021-06-09,2023-12-03,2025-12-31,1,35-44,4-5 years,Q1 Low,10170.0
28,No,Travel_Rarely,1216,Sales,9,3,Life Sciences,1,529,3,Male,45,2,2,Sales Executive,3,Married,7892,18999,2,Y,Yes,12,3,3,80,0,7,1,3,4,2,1,2,2021-12-02,,2025-12-31,0,26-34,4-5 years,Q3,23676.0
39,No,Travel_Rarely,1036,Sales,6,3,Life Sciences,1,531,2,Male,56,3,4,Manager,3,Divorced,14247,3924,2,Y,No,12,3,4,80,0,7,1,4,4,3,0,1,2021-04-10,,2025-12-31,0,35-44,4-5 years,Q4 High,42741.0
29,No,Non-Travel,1102,Sales,8,2,Life Sciences,1,533,2,Female,76,3,2,Sales Executive,2,Single,5492,25728,0,Y,No,12,3,1,80,2,4,2,3,0,0,0,0,2025-07-21,,2025-12-31,0,26-34,0-1 years,Q2,65904.0
33,No,Travel_Frequently,195,Sales,12,3,Life Sciences,1,535,3,Female,43,3,2,Sales Executive,2,Divorced,7698,16988,4,Y,No,14,3,4,80,0,7,2,3,6,4,1,4,2019-09-04,,2025-12-31,0,26-34,6-10 years,Q3,15396.0
28,Yes,Travel_Frequently,670,Research & Development,14,4,Life Sciences,1,537,4,Female,31,3,1,Laboratory Technician,1,Divorced,6590,5928,5,Y,No,20,3,4,80,1,21,6,3,17,15,4,11,2008-08-24,2023-06-27,2025-12-31,1,26-34,11+ years,Q2,4651.764705882353
43,Yes,Travel_Rarely,999,Research & Development,7,3,Life Sciences,1,539,3,Female,68,3,1,Laboratory Technician,2,Single,5211,20729,5,Y,No,21,3,3,80,0,10,3,3,10,6,0,6,2015-09-03,2025-11-15,2025-12-31,1,35-44,6-10 years,Q2,6253.2
45,No,Travel_Rarely,240,Sales,11,3,Life Sciences,1,541,2,Female,84,4,4,Manager,2,Married,16435,6889,0,Y,No,16,4,1,80,0,14,2,3,11,8,1,8,2014-03-09,,2025-12-31,0,45+,11+ years,Q4 High,17929.090909090908
35,No,Travel_Rarely,1440,Sales,4,3,Life Sciences,1,543,2,Male,55,1,4,Manager,4,Divorced,14600,4772,2,Y,No,17,3,2,80,0,14,0,3,10,6,3,2,2015-10-06,,2025-12-31,0,35-44,6-10 years,Q4 High,17520.0
37,No,Travel_Rarely,662,Sales,14,4,Human Resources,1,545,2,Male,73,3,4,Manager,2,Divorced,13675,2918,1,Y,No,21,3,2,80,1,11,3,3,7,5,1,6,2018-10-23,,2025-12-31,0,35-44,6-10 years,Q4 High,23442.85714285714
24,No,Travel_Rarely,1113,Sales,21,3,Medical,1,547,3,Female,98,1,2,Sales Executive,4,Divorced,7690,17275,1,Y,No,17,3,2,80,0,9,0,3,7,3,2,2,2018-01-09,,2025-12-31,0,18-25,6-10 years,Q3,13182.857142857143
34,No,Travel_Rarely,866,Research & Development,15,2,Other,1,549,3,Female,67,3,1,Laboratory Technician,3,Single,5457,7195,2,Y,Yes,13,3,4,80,1,16,2,3,10,6,2,3,2015-11-28,,2025-12-31,0,26-34,6-10 years,Q2,6548.4
36,Yes,Travel_Frequently,932,Research & Development,4,3,Life Sciences,1,551,1,Female,41,2,1,Laboratory Technician,4,Married,4379,26102,5,Y,Yes,18,4,3,80,2,9,2,3,5,3,2,4,2020-09-23,2024-08-19,2025-12-31,1,35-44,4-5 years,Q1 Low,10509.6
60,No,Travel_Frequently,1428,Sales,4,3,Medical,1,553,2,Male,46,3,2,Sales Executive,4,Divorced,6665,17923,2,Y,No,18,3,2,80,0,9,2,2,4,3,2,3,2021-09-12,,2025-12-31,0,45+,4-5 years,Q3,19995.0
27,No,Travel_Rarely,276,Research & Development,29,4,Life Sciences,1,555,2,Male,54,1,1,Research Scientist,2,Single,4861,6855,2,Y,No,17,3,4,80,1,11,2,4,6,5,2,4,2019-12-04,,2025-12-31,0,26-34,6-10 years,Q1 Low,9722.0
50,No,Travel_Frequently,714,Sales,20,4,Life Sciences,1,557,2,Male,93,3,4,Manager,4,Divorced,12677,15113,2,Y,No,13,4,4,80,0,6,3,3,3,2,1,1,2022-11-25,,2025-12-31,0,45+,2-3 years,Q4 High,50708.0
46,No,Travel_Frequently,753,Sales,14,3,Life Sciences,1,559,2,Male,40,2,2,Sales Executive,3,Married,5027,18088,2,Y,No,14,3,2,80,0,6,6,3,4,4,0,3,2021-06-09,,2025-12-31,0,45+,4-5 years,Q2,15081.0
39,Yes,Travel_Rarely,520,Sales,22,1,Human Resources,1,561,3,Male,47,2,1,Sales Representative,4,Married,6128,17179,2,Y,No,15,3,2,80,0,20,3,3,15,9,5,9,2010-07-23,2024-08-12,2025-12-31,1,35-44,11+ years,Q2,4902.4
53,No,Travel_Rarely,129,Research & Development,8,4,Other,1,563,2,Female,65,3,1,Research Scientist,3,Married,5282,24627,2,Y,No,12,3,2,80,1,9,1,3,6,5,1,4,2019-12-25,,2025-12-31,0,45+,6-10 years,Q2,10564.0
40,No,Travel_Rarely,241,Research & Development,14,3,Life Sciences,1,565,3,Male,32,2,1,Research Scientist,3,Divorced,6300,18657,3,Y,No,15,3,4,80,0,21,1,4,9,4,3,8,2016-04-01,,2025-12-31,0,35-44,6-10 years,Q2,8400.0
40,No,Travel_Rarely,322,Research & Development,18,3,Life Sciences,1,567,3,Male,99,2,1,Research Scientist,2,Married,6113,4345,1,Y,No,12,3,3,80,1,16,3,3,11,5,2,4,2014-07-19,,2025-12-31,0,35-44,11+ years,Q2,6668.727272727273
36,No,Travel_Rarely,959,Research & Development,7,3,Medical,1,569,2,Male,38,2,4,Manager,1,Married,13970,21457,2,Y,Yes,15,3,4,80,0,10,0,3,8,6,1,4,2017-02-12,,2025-12-31,0,35-44,6-10 years,Q4 High,20955.0
48,No,Travel_Rarely,929,Research & Development,12,3,Life Sciences,1,571,3,Female,95,3,2,Healthcare Representative,3,Divorced,8177,12528,2,Y,No,11,3,2,80,1,18,5,2,14,5,5,10,2011-04-05,,2025-12-31,0,45+,11+ years,Q3,7008.857142857143
47,No,Travel_Rarely,610,Research & Development,17,2,Life Sciences,1,573,3,Male,76,3,4,Manager,4,Married,15394,5757,4,Y,No,22,4,4,80,1,10,3,3,5,5,0,2,2020-04-28,,2025-12-31,0,45+,4-5 years,Q4 High,36945.6
31,No,Travel_Rarely,1126,Research & Development,3,4,Life Sciences,1,575,3,Male,79,1,1,Laboratory Technician,4,Divorced,6080,24736,4,Y,No,13,3,1,80,0,16,4,3,10,5,3,2,2015-09-14,,2025-12-31,0,26-34,6-10 years,Q2,7296.0
25,Yes,Non-Travel,1398,Research & Development,6,4,Medical,1,577,4,Male,93,2,1,Research Scientist,2,Married,4130,7690,2,Y,Yes,15,3,4,80,1,4,6,2,3,3,1,1,2022-10-14,2021-07-31,2025-12-31,1,18-25,2-3 years,Q1 Low,16520.0
35,Yes,Travel_Rarely,1484,Research & Development,17,3,Life Sciences,1,579,2,Male,76,3,1,Laboratory Technician,4,Divorced,4174,6792,2,Y,Yes,11,3,4,80,0,4,0,3,1,1,0,1,2024-12-14,2022-11-10,2025-12-31,1,35-44,0-1 years,Q1 Low,50088.0
30,No,Travel_Frequently,197,Research & Development,10,3,Life Sciences,1,581,4,Female,96,3,1,Laboratory Technician,4,Single,4302,24973,3,Y,No,12,3,2,80,0,11,2,3,5,3,1,2,2020-10-14,,2025-12-31,0,26-34,4-5 years,Q1 Low,10324.8
36,Yes,Travel_Rarely,1087,Research & Development,9,2,Life Sciences,1,583,3,Female,71,3,2,Healthcare Representative,2,Divorced,7093,16526,2,Y,No,17,3,4,80,1,13,1,3,7,3,0,2,2018-06-22,2025-01-21,2025-12-31,1,35-44,6-10 years,Q3,12159.42857142857
48,No,Travel_Rarely,559,Sales,8,1,Medical,1,585,3,Male,78,3,2,Sales Executive,1,Divorced,6436,4888,0,Y,No,12,4,4,80,0,6,2,3,3,2,1,1,2022-06-17,,2025-12-31,0,45+,2-3 years,Q2,25744.0
33,No,Non-Travel,1251,Research & Development,18,3,Other,1,587,4,Male,59,3,1,Laboratory Technician,1,Married,8069,21102,2,Y,No,17,3,4,80,1,24,3,3,20,9,9,7,2005-09-12,,2025-12-31,0,26-34,11+ years,Q3,4841.4
37,No,Travel_Rarely,1290,Research & Development,4,3,Life Sciences,1,589,4,Female,37,3,1,Research Scientist,4,Married,4908,15990,1,Y,No,11,3,2,80,0,9,2,3,7,5,2,2,2018-12-02,,2025-12-31,0,35-44,6-10 years,Q1 Low,8413.714285714286
37,No,Travel_Rarely,365,Research & Development,6,4,Technical Degree,1,591,3,Male,66,3,1,Research Scientist,4,Married,4026,10788,3,Y,No,15,3,3,80,0,15,3,3,12,8,5,4,2013-05-26,,2025-12-31,0,35-44,11+ years,Q1 Low,4026.0
45,No,Travel_Frequently,1111,Sales,2,4,Technical Degree,1,593,3,Male,37,3,4,Manager,2,Single,17929,17381,2,Y,No,18,3,4,80,0,21,6,3,18,14,1,14,2007-10-10,,2025-12-31,0,45+,11+ years,Q4 High,11952.666666666666
18,No,Travel_Rarely,1042,Research & Development,6,3,Human Resources,1,595,2,Male,92,3,1,Laboratory Technician,2,Divorced,5157,17490,1,Y,Yes,22,3,4,80,1,11,1,3,8,7,1,2,2017-07-26,,2025-12-31,0,18-25,6-10 years,Q2,7735.5
31,No,Travel_Rarely,483,Research & Development,9,3,Marketing,1,597,3,Female,40,3,1,Laboratory Technician,4,Married,4458,18159,4,Y,No,15,3,3,80,0,10,1,3,5,3,1,4,2020-02-09,,2025-12-31,0,26-34,4-5 years,Q1 Low,10699.2
39,No,Travel_Rarely,250,Research & Development,1,2,Medical,1,599,1,Male,87,3,1,Laboratory Technician,4,Single,5113,22768,1,Y,No,20,3,4,80,0,6,4,2,3,1,1,2,2022-02-26,,2025-12-31,0,35-44,2-3 years,Q2,20452.0
48,No,Travel_Frequently,1371,Research & Development,4,4,Technical Degree,1,601,1,Male,63,3,1,Laboratory Technician,4,Married,3033,20623,6,Y,No,19,3,1,80,1,3,2,2,2,1,0,1,2023-09-21,,2025-12-31,0,45+,2-3 years,Q1 Low,18198.0
32,Yes,Travel_Rarely,670,Research & Development,10,3,Life Sciences,1,603,4,Female,68,3,2,Manufacturing Director,3,Divorced,7360,22745,4,Y,Yes,13,3,4,80,0,17,3,2,12,10,3,4,2013-03-12,2024-10-29,2025-12-31,1,26-34,11+ years,Q3,7360.0
20,No,Travel_Rarely,317,Research & Development,11,1,Medical,1,605,1,Male,45,3,2,Healthcare Representative,2,Divorced,8811,5844,2,Y,No,20,3,2,80,2,17,6,3,13,6,4,10,2012-07-25,,2025-12-31,0,18-25,11+ years,Q3,8133.2307692307695
43,No,Travel_Rarely,694,Research & Development,25,3,Other,1,607,1,Male,33,2,4,Manager,3,Married,16424,11027,1,Y,Yes,17,4,2,80,1,21,4,3,18,13,1,9,2007-09-26,,2025-12-31,0,35-44,11+ years,Q4 High,10949.333333333334
31,No,Travel_Rarely,1225,Sales,13,4,Marketing,1,609,3,Female,75,3,4,Manager,2,Single,17985,8386,2,Y,No,12,3,3,80,1,19,2,1,16,6,1,5,2009-06-30,,2025-12-31,0,26-34,11+ years,Q4 High,13488.75
26,No,Travel_Frequently,1040,Human Resources,7,4,Human Resources,1,611,1,Male,51,3,1,Human Resources,4,Married,7206,6773,7,Y,Yes,22,3,3,80,2,27,4,2,22,11,0,11,2003-02-25,,2025-12-31,0,26-34,11+ years,Q3,3930.5454545454545
31,No,Travel_Rarely,855,Research & Development,9,1,Marketing,1,613,2,Female,42,3,2,Manufacturing Director,2,Single,8098,11183,4,Y,Yes,12,3,3,80,0,21,3,3,14,10,5,5,2011-04-30,,2025-12-31,0,26-34,11+ years,Q3,6941.142857142857
35,No,Travel_Rarely,399,Research & Development,9,4,Technical Degree,1,615,3,Male,71,3,1,Laboratory Technician,4,Single,4742,23160,3,Y,No,15,3,3,80,0,13,1,3,9,6,1,4,2016-05-22,,2025-12-31,0,35-44,6-10 years,Q1 Low,6322.666666666667
31,Yes,Travel_Rarely,1171,Sales,6,2,Medical,1,617,3,Male,63,2,2,Sales Executive,2,Married,6497,17944,1,Y,Yes,15,4,2,80,0,9,4,2,5,3,1,3,2020-08-31,2021-07-28,2025-12-31,1,26-34,4-5 years,Q2,15592.8
18,Yes,Travel_Frequently,430,Research & Development,10,1,Marketing,1,619,3,Male,42,2,2,Healthcare Representative,4,Married,6678,6915,5,Y,No,17,3,1,80,0,12,2,2,7,5,2,3,2018-03-04,2023-11-04,2025-12-31,1,18-25,6-10 years,Q3,11448.0
45,No,Travel_Rarely,861,Research & Development,6,4,Medical,1,621,3,Male,58,3,1,Research Scientist,2,Married,4798,16343,2,Y,No,17,4,4,80,0,12,0,2,8,4,1,5,2017-03-30,,2025-12-31,0,45+,6-10 years,Q1 Low,7197.0
49,No,Travel_Frequently,1358,Research & Development,10,4,Technical Degree,1,623,3,Male,76,3,2,Healthcare Representative,3,Single,10009,7559,3,Y,No,13,3,3,80,1,21,3,3,20,10,4,16,2005-02-16,,2025-12-31,0,45+,11+ years,Q4 High,6005.4
43,No,Travel_Frequently,612,Research & Development,8,3,Marketing,1,625,3,Female,98,3,1,Laboratory Technician,3,Single,5365,3633,2,Y,No,14,3,3,80,1,17,5,2,16,12,5,7,2009-03-20,,2025-12-31,0,35-44,11+ years,Q2,4023.75
27,Yes,Travel_Rarely,1027,Human Resources,7,3,Technical Degree,1,627,3,Male,40,2,1,Human Resources,1,Married,4339,6681,2,Y,Yes,12,3,3,80,0,10,5,3,4,3,1,2,2021-03-30,2022-01-07,2025-12-31,1,26-34,4-5 years,Q1 Low,13017.0
35,No,Travel_Rarely,196,Sales,7,4,Medical,1,629,3,Male,92,3,1,Sales Representative,4,Single,4933,26653,0,Y,Yes,12,3,4,80,0,14,1,3,10,4,2,7,2015-07-30,,2025-12-31,0,35-44,6-10 years,Q1 Low,5919.6
37,No,Travel_Rarely,1474,Sales,14,4,Life Sciences,1,631,4,Male,80,4,4,Manager,3,Single,15557,17863,5,Y,No,19,3,4,80,0,15,5,3,12,9,1,7,2014-01-01,,2025-12-31,0,35-44,11+ years,Q4 High,15557.0
42,No,Travel_Frequently,189,Research & Development,13,4,Life Sciences,1,633,2,Female,89,3,1,Laboratory Technician,3,Married,4557,22129,1,Y,No,18,4,1,80,0,13,3,2,11,8,1,5,2014-02-07,,2025-12-31,0,35-44,11+ years,Q1 Low,4971.272727272727
43,No,Travel_Rarely,1322,Research & Development,7,3,Technical Degree,1,635,2,Male,76,3,1,Laboratory Technician,4,Married,3193,4746,3,Y,No,15,3,4,80,1,13,3,3,6,2,2,4,2019-12-24,,2025-12-31,0,35-44,6-10 years,Q1 Low,6386.0
30,No,Travel_Rarely,1223,Research & Development,14,4,Medical,1,637,1,Male,33,3,1,Research Scientist,4,Single,4725,5285,1,Y,No,11,3,4,80,1,10,6,3,8,6,0,6,2017-10-28,,2025-12-31,0,26-34,6-10 years,Q1 Low,7087.5
38,No,Travel_Frequently,251,Research & Development,8,5,Life Sciences,1,639,3,Male,36,3,1,Laboratory Technician,3,Divorced,7869,5250,2,Y,No,15,3,3,80,0,18,3,4,15,10,6,9,2010-07-20,,2025-12-31,0,35-44,11+ years,Q3,6295.2
41,No,Travel_Rarely,825,Research & Development,8,2,Life Sciences,1,641,1,Male,60,3,1,Research Scientist,4,Married,5904,16331,0,Y,Yes,13,3,4,80,1,9,4,2,6,3,1,2,2019-11-14,,2025-12-31,0,35-44,6-10 years,Q2,11808.0
50,No,Travel_Rarely,207,Sales,6,4,Marketing,1,643,3,Male,59,2,4,Manager,1,Married,13092,9997,1,Y,No,19,3,3,80,0,6,3,3,3,2,1,2,2022-08-28,,2025-12-31,0,45+,2-3 years,Q4 High,52368.0
43,No,Travel_Rarely,263,Sales,23,3,Marketing,1,645,4,Female,58,3,1,Sales Representative,1,Married,5219,25580,1,Y,No,11,3,3,80,1,17,3,3,12,8,1,6,2013-06-21,,2025-12-31,0,35-44,11+ years,Q2,5219.0
44,No,Travel_Rarely,550,Research & Development,22,3,Marketing,1,647,3,Male,72,3,2,Manufacturing Director,3,Single,7553,4652,2,Y,Yes,15,3,2,80,0,10,1,2,7,6,3,3,2018-12-19,,2025-12-31,0,35-44,6-10 years,Q3,12948.0
38,No,Travel_Frequently,917,Sales,5,3,Medical,1,649,2,Male,51,3,2,Sales Executive,2,Married,6891,15446,1,Y,No,16,3,3,80,0,20,4,3,16,13,5,6,2009-09-05,,2025-12-31,0,35-44,11+ years,Q3,5168.25
50,No,Travel_Rarely,347,Sales,6,1,Life Sciences,1,651,3,Male,77,3,2,Sales Executive,3,Married,7183,8571,3,Y,No,25,3,2,80,1,12,2,3,8,4,2,4,2017-11-16,,2025-12-31,0,45+,6-10 years,Q3,10774.5
41,No,Travel_Rarely,1054,Research & Development,11,3,Life Sciences,1,653,2,Female,77,3,2,Manufacturing Director,2,Single,6015,17493,3,Y,No,11,3,1,80,3,7,3,3,0,0,0,0,2025-09-09,,2025-12-31,0,35-44,0-1 years,Q2,72180.0
29,No,Travel_Frequently,584,Research & Development,12,4,Life Sciences,1,655,3,Male,86,3,1,Research Scientist,3,Single,4808,12722,0,Y,No,12,3,1,80,1,13,4,2,9,8,2,3,2016-12-28,,2025-12-31,0,26-34,6-10 years,Q1 Low,6410.666666666667
50,No,Travel_Rarely,541,Research & Development,3,2,Marketing,1,657,3,Male,51,3,1,Research Scientist,4,Married,3841,6925,2,Y,Yes,25,4,2,80,0,10,2,2,10,9,2,8,2015-12-31,,2025-12-31,0,45+,6-10 years,Q1 Low,4609.2
43,No,Non-Travel,599,Research & Development,4,3,Life Sciences,1,659,1,Male,56,3,1,Research Scientist,3,Married,5119,3764,6,Y,No,14,4,3,80,0,21,2,3,16,7,3,12,2009-04-01,,2025-12-31,0,35-44,11+ years,Q2,3839.25
33,No,Non-Travel,1084,Research & Development,12,4,Medical,1,661,4,Male,92,3,4,Manager,4,Single,12587,23571,2,Y,No,18,3,3,80,1,9,5,3,4,2,1,3,2021-07-13,,2025-12-31,0,26-34,4-5 years,Q4 High,37761.0
33,No,Travel_Rarely,378,Sales,2,3,Medical,1,663,2,Male,33,2,4,Manager,4,Married,14025,7581,2,Y,No,19,3,2,80,1,8,3,3,5,4,1,2,2020-02-16,,2025-12-31,0,26-34,4-5 years,Q4 High,33660.0
40,No,Travel_Rarely,623,Research & Development,5,3,Medical,1,665,4,Male,32,3,1,Research Scientist,2,Married,3328,2764,3,Y,No,13,3,4,80,0,9,5,3,4,3,0,2,2021-11-07,,2025-12-31,0,35-44,4-5 years,Q1 Low,9984.0
41,No,Travel_Rarely,1309,Research & Development,15,3,Technical Degree,1,667,1,Male,69,4,1,Research Scientist,2,Divorced,8136,24981,7,Y,Yes,12,3,2,80,1,21,3,3,16,7,0,11,2009-12-21,,2025-12-31,0,35-44,11+ years,Q3,6102.0
39,Yes,Travel_Rarely,928,Research & Development,15,3,Life Sciences,1,669,2,Male,57,2,1,Research Scientist,2,Married,2642,22496,4,Y,Yes,13,4,3,80,1,8,5,3,3,2,0,2,2022-10-03,2023-02-10,2025-12-31,1,35-44,2-3 years,Q1 Low,10568.0
40,No,Travel_Rarely,587,Research & Development,23,3,Marketing,1,671,2,Male,44,1,2,Manufacturing Director,4,Single,9545,25472,3,Y,Yes,18,3,1,80,1,16,5,1,12,6,1,7,2013-06-13,,2025-12-31,0,35-44,11+ years,Q4 High,9545.0
52,No,Travel_Rarely,323,Sales,28,4,Life Sciences,1,673,1,Male,80,3,4,Manager,1,Divorced,13077,6247,2,Y,No,20,4,2,80,1,6,2,3,4,2,2,1,2021-04-30,,2025-12-31,0,45+,4-5 years,Q4 High,39231.0
47,No,Travel_Rarely,1084,Sales,29,3,Life Sciences,1,675,3,Male,55,3,2,Sales Executive,2,Married,9929,14535,4,Y,No,17,3,1,80,1,9,2,3,8,4,2,5,2017-05-09,,2025-12-31,0,45+,6-10 years,Q4 High,14893.5
39,Yes,Travel_Frequently,961,Research & Development,6,4,Medical,1,677,3,Female,64,3,1,Research Scientist,4,Married,4221,18184,3,Y,No,15,3,3,80,0,3,3,3,2,1,1,2,2023-01-07,2023-11-06,2025-12-31,1,35-44,2-3 years,Q1 Low,25326.0
45,No,Travel_Rarely,200,Research & Development,5,3,Life Sciences,1,679,3,Female,44,2,1,Research Scientist,3,Single,3700,16492,3,Y,No,13,3,4,80,1,16,2,2,11,9,2,3,2014-12-26,,2025-12-31,0,45+,11+ years,Q1 Low,4036.3636363636365
28,No,Travel_Rarely,865,Research & Development,11,3,Marketing,1,681,2,Female,34,2,2,Manufacturing Director,2,Divorced,8255,25869,2,Y,No,14,3,2,80,2,9,3,2,7,5,1,3,2018-05-19,,2025-12-31,0,26-34,6-10 years,Q3,14151.42857142857
41,No,Travel_Rarely,1397,Research & Development,2,3,Medical,1,683,3,Female,75,3,2,Manufacturing Director,2,Divorced,8259,23581,3,Y,No,21,3,2,80,2,14,2,2,13,7,4,7,2012-06-01,,2025-12-31,0,35-44,11+ years,Q3,7623.692307692308
53,No,Non-Travel,774,Research & Development,7,4,Life Sciences,1,685,3,Female,53,2,1,Research Scientist,4,Single,6650,23018,2,Y,Yes,20,3,1,80,0,14,3,4,11,10,3,7,2014-07-03,,2025-12-31,0,45+,11+ years,Q3,7254.545454545455
35,No,Travel_Rarely,531,Research & Development,9,3,Life Sciences,1,687,2,Female,31,2,1,Research Scientist,4,Married,4435,10487,3,Y,No,13,3,4,80,1,9,1,3,6,2,1,2,2019-06-22,,2025-12-31,0,35-44,6-10 years,Q1 Low,8870.0
29,No,Travel_Frequently,648,Research & Development,12,1,Medical,1,689,3,Male,88,2,1,Research Scientist,2,Single,3595,16216,1,Y,No,13,3,4,80,3,8,3,1,4,3,1,3,2021-11-24,,2025-12-31,0,26-34,4-5 years,Q1 Low,10785.0
31,No,Travel_Rarely,489,Research & Development,13,2,Marketing,1,691,3,Female,65,2,4,Manager,3,Married,14497,8543,3,Y,No,19,3,1,80,1,14,4,2,8,7,2,2,2017-11-24,,2025-12-31,0,26-34,6-10 years,Q4 High,21745.5
27,No,Travel_Rarely,310,Research & Development,7,2,Medical,1,693,1,Male,74,2,1,Research Scientist,4,Single,3051,16348,4,Y,No,14,3,2,80,0,13,5,2,5,3,2,4,2020-12-17,,2025-12-31,0,26-34,4-5 years,Q1 Low,7322.4
30,No,Travel_Rarely,1209,Research & Development,3,2,Medical,1,695,3,Male,66,3,2,Manufacturing Director,4,Married,10533,6533,3,Y,No,16,3,4,80,2,27,4,3,24,11,7,5,2001-10-18,,2025-12-31,0,26-34,11+ years,Q4 High,5266.5
34,No,Travel_Rarely,862,Research & Development,3,3,Marketing,1,697,3,Female,86,2,1,Laboratory Technician,4,Married,3707,3422,1,Y,No,14,4,3,80,0,13,1,2,8,7,3,2,2017-10-04,,2025-12-31,0,26-34,6-10 years,Q1 Low,5560.5
24,Yes,Travel_Rarely,307,Research & Development,1,1,Medical,1,699,3,Male,41,3,1,Laboratory Technician,3,Divorced,6275,12211,2,Y,No,13,4,3,80,0,21,0,3,17,12,7,12,2008-08-20,2022-10-19,2025-12-31,1,18-25,11+ years,Q2,4429.411764705882
37,No,Travel_Rarely,1085,Research & Development,5,4,Life Sciences,1,701,1,Male,64,3,1,Research Scientist,4,Married,5531,16735,2,Y,No,12,3,2,80,1,16,4,3,10,4,2,8,2015-07-07,,2025-12-31,0,35-44,6-10 years,Q2,6637.2
45,Yes,Travel_Rarely,1418,Sales,2,2,Medical,1,703,2,Female,51,3,2,Sales Executive,2,Married,8367,25595,3,Y,Yes,12,3,3,80,0,14,5,3,7,6,0,6,2018-10-30,2023-06-03,2025-12-31,1,45+,6-10 years,Q3,14343.42857142857
29,No,Non-Travel,871,Sales,6,3,Medical,1,705,2,Male,56,3,1,Sales Representative,1,Married,5253,21827,1,Y,No,11,3,4,80,0,13,3,3,4,2,0,1,2021-09-09,,2025-12-31,0,26-34,4-5 years,Q2,15759.0
51,No,Travel_Rarely,1011,Research & Development,11,3,Marketing,1,707,2,Male,36,3,2,Manufacturing Director,4,Divorced,8154,12613,3,Y,No,13,3,4,80,1,12,3,3,10,6,1,5,2015-11-15,,2025-12-31,0,45+,6-10 years,Q3,9784.8
42,No,Non-Travel,724,Research & Development,3,2,Medical,1,709,2,Female,32,3,1,Laboratory Technician,3,Single,2877,15291,3,Y,No,12,3,4,80,1,7,5,3,3,2,0,1,2022-03-23,,2025-12-31,0,35-44,2-3 years,Q1 Low,11508.0
46,No,Travel_Rarely,1398,Research & Development,9,4,Human Resources,1,711,4,Female,33,3,1,Laboratory Technician,4,Married,5223,13870,1,Y,No,13,3,3,80,2,14,3,3,9,7,2,3,2016-08-10,,2025-12-31,0,45+,6-10 years,Q2,6964.0
31,No,Travel_Rarely,884,Research & Development,7,1,Life Sciences,1,713,3,Male,37,3,1,Research Scientist,1,Married,5119,10750,0,Y,Yes,11,3,3,80,1,11,4,3,10,6,0,3,2015-07-08,,2025-12-31,0,26-34,6-10 years,Q2,6142.8
45,No,Travel_Rarely,1296,Research & Development,11,3,Human Resources,1,715,3,Male,74,3,4,Manager,4,Married,15901,20916,0,Y,No,14,3,2,80,2,11,2,3,7,3,2,2,2018-01-05,,2025-12-31,0,45+,6-10 years,Q4 High,27258.85714285714
27,No,Travel_Rarely,1253,Sales,13,4,Medical,1,717,2,Male,49,3,4,Manager,2,Divorced,16553,19491,3,Y,No,15,3,4,80,0,19,0,3,13,9,1,10,2012-07-27,,2025-12-31,0,26-34,11+ years,Q4 High,15279.692307692309
45,No,Travel_Rarely,699,Research & Development,6,3,Medical,1,719,4,Female,34,2,1,Research Scientist,3,Single,4584,23145,2,Y,Yes,22,3,4,80,0,7,3,3,5,4,1,1,2020-01-05,,2025-12-31,0,45+,4-5 years,Q1 Low,11001.6
38,No,Travel_Rarely,666,Research & Development,8,2,Life Sciences,1,721,2,Male,75,3,4,Manager,1,Single,17519,14770,6,Y,No,14,3,3,80,1,17,3,4,14,12,1,9,2011-04-13,,2025-12-31,0,35-44,11+ years,Q4 High,15016.285714285714
42,No,Travel_Rarely,958,Research & Development,7,3,Life Sciences,1,723,3,Male,98,3,1,Laboratory Technician,3,Single,6514,13559,0,Y,No,11,3,1,80,1,20,0,3,17,11,6,10,2008-09-26,,2025-12-31,0,35-44,11+ years,Q2,4598.117647058823
26,No,Travel_Frequently,103,Research & Development,6,4,Marketing,1,725,4,Male,64,3,1,Laboratory Technician,4,Married,5754,8060,3,Y,No,14,3,3,80,1,15,1,3,10,7,4,3,2015-08-09,,2025-12-31,0,26-34,6-10 years,Q2,6904.8
29,Yes,Travel_Rarely,595,Research & Development,5,4,Medical,1,727,3,Male,94,1,2,Manufacturing Director,2,Divorced,8041,18489,3,Y,No,19,3,4,80,0,17,6,2,13,5,2,11,2012-08-07,2024-04-23,2025-12-31,1,26-34,11+ years,Q3,7422.461538461538
42,No,Travel_Frequently,478,Sales,12,4,Life Sciences,1,729,4,Female,44,3,4,Manager,2,Single,15126,5678,5,Y,Yes,14,3,3,80,0,13,1,3,11,10,5,5,2014-05-25,,2025-12-31,0,35-44,11+ years,Q4 High,16501.090909090908
28,No,Travel_Rarely,455,Research & Development,20,3,Medical,1,731,3,Male,46,3,2,Manufacturing Director,3,Married,5959,15520,2,Y,No,13,3,2,80,1,16,3,3,10,5,1,8,2015-06-18,,2025-12-31,0,26-34,6-10 years,Q2,7150.8
41,No,Travel_Rarely,567,Human Resources,18,5,Life Sciences,1,733,2,Female,75,2,1,Human Resources,4,Married,5506,11898,1,Y,No,21,3,1,80,0,17,3,3,10,7,4,8,2015-03-19,,2025-12-31,0,35-44,6-10 years,Q2,6607.2
24,No,Travel_Rarely,537,Sales,3,1,Other,1,735,2,Male,90,3,2,Sales Executive,2,Single,6336,10135,2,Y,No,13,3,2,80,2,7,5,4,3,3,1,2,2022-10-14,,2025-12-31,0,18-25,2-3 years,Q2,25344.0
45,No,Travel_Rarely,927,Research & Development,20,1,Technical Degree,1,737,2,Female,72,3,3,Research Director,2,Divorced,12352,19174,5,Y,No,24,3,4,80,1,19,5,2,15,13,2,10,2010-09-19,,2025-12-31,0,45+,11+ years,Q4 High,9881.6
26,No,Travel_Rarely,800,Research & Development,4,4,Life Sciences,1,739,1,Female,51,3,1,Research Scientist,2,Married,4939,18174,2,Y,No,20,3,4,80,1,8,2,3,7,5,0,3,2018-07-25,,2025-12-31,0,26-34,6-10 years,Q1 Low,8466.857142857143
42,No,Travel_Rarely,1111,Research & Development,9,2,Technical Degree,1,741,3,Male,38,3,1,Laboratory Technician,4,Divorced,5890,11003,1,Y,No,17,3,4,80,0,11,3,3,8,6,1,2,2017-08-08,,2025-12-31,0,35-44,6-10 years,Q2,8835.0
43,No,Travel_Rarely,145,Research & Development,11,1,Technical Degree,1,743,2,Male,76,3,1,Laboratory Technician,2,Single,4769,23329,5,Y,No,16,4,4,80,1,9,3,2,7,6,3,4,2018-06-12,,2025-12-31,0,35-44,6-10 years,Q1 Low,8175.428571428572
31,No,Travel_Rarely,708,Research & Development,2,2,Life Sciences,1,745,4,Male,32,3,1,Laboratory Technician,1,Married,4488,26745,4,Y,No,13,3,3,80,2,9,4,3,4,3,1,2,2021-02-24,,2025-12-31,0,26-34,4-5 years,Q1 Low,13464.0
42,No,Travel_Rarely,148,Sales,7,3,Medical,1,747,2,Female,81,3,1,Sales Representative,4,Married,5106,25307,1,Y,Yes,18,3,3,80,0,14,1,2,7,5,1,5,2018-03-02,,2025-12-31,0,35-44,6-10 years,Q2,8753.142857142857
39,No,Travel_Rarely,219,Research & Development,21,4,Medical,1,749,3,Male,60,3,3,Research Director,4,Married,14014,16845,2,Y,No,14,4,3,80,0,24,2,1,18,13,4,12,2007-01-20,,2025-12-31,0,35-44,11+ years,Q4 High,9342.666666666666
32,Yes,Travel_Rarely,1197,Research & Development,1,3,Medical,1,751,4,Female,42,4,1,Research Scientist,1,Single,4440,6445,1,Y,No,15,4,4,80,0,8,6,2,4,2,0,2,2021-10-09,2024-03-02,2025-12-31,1,26-34,4-5 years,Q1 Low,13320.0
28,No,Non-Travel,372,Sales,29,2,Life Sciences,1,753,2,Female,31,3,2,Sales Executive,4,Married,7480,15902,2,Y,No,12,3,3,80,0,4,3,3,1,1,0,0,2024-11-12,,2025-12-31,0,26-34,0-1 years,Q3,89760.0
19,Yes,Travel_Frequently,1123,Research & Development,1,3,Life Sciences,1,755,3,Female,36,3,1,Research Scientist,3,Married,3563,8609,2,Y,Yes,13,3,3,80,1,5,2,4,2,1,1,1,2023-09-03,2022-12-11,2025-12-31,1,18-25,2-3 years,Q1 Low,21378.0
40,No,Travel_Rarely,1117,Sales,10,4,Medical,1,757,3,Female,58,1,4,Manager,3,Single,13576,24488,3,Y,Yes,15,3,1,80,0,11,3,2,6,4,1,3,2019-08-03,,2025-12-31,0,35-44,6-10 years,Q4 High,27152.0
23,Yes,Travel_Frequently,1230,Research & Development,2,4,Life Sciences,1,759,2,Male,33,2,1,Laboratory Technician,2,Single,4521,3932,2,Y,Yes,15,3,2,80,1,9,1,3,2,1,0,1,2023-01-17,2025-04-30,2025-12-31,1,18-25,2-3 years,Q1 Low,27126.0
38,No,Travel_Frequently,283,Research & Development,12,3,Marketing,1,761,3,Male,33,3,1,Research Scientist,4,Married,4627,20135,4,Y,No,14,3,4,80,1,7,3,2,4,2,2,3,2021-06-17,,2025-12-31,0,35-44,4-5 years,Q1 Low,13881.0
35,No,Travel_Rarely,444,Sales,18,5,Life Sciences,1,763,2,Male,50,3,4,Manager,2,Married,16973,23584,1,Y,Yes,15,3,4,80,0,22,2,3,16,6,3,10,2009-05-24,,2025-12-31,0,35-44,11+ years,Q4 High,12729.75
43,No,Travel_Rarely,919,Research & Development,15,4,Life Sciences,1,765,3,Female,74,3,2,Healthcare Representative,2,Single,9076,4679,5,Y,No,18,3,3,80,2,25,2,2,21,12,3,7,2004-04-21,,2025-12-31,0,35-44,11+ years,Q4 High,5186.285714285715
34,No,Non-Travel,1462,Sales,16,1,Technical Degree,1,767,3,Female,57,2,4,Manager,1,Single,14790,11316,3,Y,No,15,3,1,80,0,7,1,2,2,1,0,1,2023-10-31,,2025-12-31,0,26-34,2-3 years,Q4 High,88740.0
34,No,Travel_Rarely,558,Sales,7,1,Medical,1,769,3,Female,37,3,4,Manager,4,Divorced,15451,3392,2,Y,No,15,3,4,80,1,11,2,2,7,4,2,4,2018-03-31,,2025-12-31,0,26-34,6-10 years,Q4 High,26487.428571428572
44,No,Non-Travel,324,Sales,20,2,Medical,1,771,3,Male,71,3,2,Sales Executive,3,Married,7463,20202,2,Y,Yes,18,4,4,80,0,9,0,3,6,5,2,3,2019-02-24,,2025-12-31,0,35-44,6-10 years,Q3,14926.0
40,No,Travel_Rarely,789,Research & Development,29,4,Human Resources,1,773,2,Male,46,3,2,Manufacturing Director,3,Divorced,6098,3683,1,Y,Yes,20,3,3,80,2,21,5,3,13,10,0,11,2012-07-06,,2025-12-31,0,35-44,11+ years,Q2,5628.923076923077
40,No,Travel_Rarely,474,Research & Development,9,2,Technical Degree,1,775,3,Female,38,2,1,Laboratory Technician,2,Single,3996,13793,2,Y,Yes,15,3,3,80,2,10,2,3,5,3,1,1,2020-12-29,,2025-12-31,0,35-44,4-5 years,Q1 Low,9590.4
41,No,Travel_Rarely,1010,Sales,6,3,Life Sciences,1,777,4,Male,90,3,4,Manager,3,Single,17696,15052,1,Y,Yes,22,3,3,80,0,21,4,1,13,6,5,6,2012-06-25,,2025-12-31,0,35-44,11+ years,Q4 High,16334.76923076923
23,No,Travel_Rarely,1179,Sales,4,1,Medical,1,779,4,Male,98,1,4,Manager,4,Single,17894,11480,2,Y,No,14,3,3,80,0,24,3,3,21,15,6,16,2004-04-26,,2025-12-31,0,18-25,11+ years,Q4 High,10225.142857142857
44,No,Travel_Frequently,339,Human Resources,14,4,Human Resources,1,781,3,Female,70,2,4,Manager,2,Married,18671,4249,2,Y,No,13,3,4,80,1,36,4,3,30,22,12,14,1995-03-11,,2025-12-31,0,35-44,11+ years,Q4 High,7468.4
42,Yes,Non-Travel,1398,Research & Development,17,3,Life Sciences,1,783,2,Male,58,3,2,Manufacturing Director,4,Married,5548,11333,2,Y,No,17,3,1,80,0,6,4,2,1,1,0,0,2024-08-03,2022-04-07,2025-12-31,1,35-44,0-1 years,Q2,66576.0
28,No,Travel_Rarely,937,Research & Development,6,4,Life Sciences,1,785,4,Male,83,2,1,Research Scientist,2,Single,4641,15434,1,Y,Yes,12,3,1,80,1,13,1,2,9,4,1,6,2016-12-28,,2025-12-31,0,26-34,6-10 years,Q1 Low,6188.0
35,No,Travel_Rarely,1023,Sales,23,4,Life Sciences,1,787,2,Male,61,2,1,Sales Representative,4,Single,5901,19432,2,Y,No,21,3,1,80,2,13,3,2,8,3,3,5,2017-06-02,,2025-12-31,0,35-44,6-10 years,Q2,8851.5
37,Yes,Travel_Frequently,767,Research & Development,13,1,Life Sciences,1,789,3,Male,94,3,4,Manager,1,Single,15217,12608,3,Y,Yes,14,3,2,80,1,19,4,3,16,8,1,3,2009-05-20,2021-05-22,2025-12-31,1,35-44,11+ years,Q4 High,11412.75
36,No,Travel_Rarely,1237,Sales,9,3,Marketing,1,791,1,Female,72,2,4,Manager,3,Married,17951,14672,0,Y,No,17,3,1,80,2,19,3,3,18,11,1,9,2007-02-13,,2025-12-31,0,35-44,11+ years,Q4 High,11967.333333333334
40,No,Travel_Rarely,213,Sales,11,1,Marketing,1,793,4,Male,98,3,2,Sales Executive,4,Divorced,8271,24074,2,Y,No,16,4,2,80,0,13,1,3,8,7,0,3,2017-08-23,,2025-12-31,0,35-44,6-10 years,Q3,12406.5
50,No,Travel_Rarely,1100,Research & Development,3,4,Human Resources,1,795,3,Male,45,1,1,Research Scientist,4,Single,10208,24435,1,Y,No,11,3,1,80,2,25,2,2,22,19,8,13,2003-10-14,,2025-12-31,0,45+,11+ years,Q4 High,5568.0
47,No,Travel_Frequently,1494,Sales,14,3,Marketing,1,797,3,Male,50,3,2,Sales Executive,2,Married,7925,9214,1,Y,No,18,3,2,80,0,13,3,3,7,4,0,4,2018-08-02,,2025-12-31,0,45+,6-10 years,Q3,13585.714285714286
25,No,Travel_Frequently,1210,Sales,4,1,Life Sciences,1,799,1,Female,62,3,4,Manager,3,Married,12640,25968,3,Y,Yes,19,3,2,80,0,9,5,4,4,3,1,2,2021-06-14,,2025-12-31,0,18-25,4-5 years,Q4 High,37920.0
43,No,Travel_Rarely,704,Research & Development,5,2,Life Sciences,1,801,3,Male,55,2,2,Healthcare Representative,1,Single,8662,23013,4,Y,No,25,3,1,80,2,14,3,2,13,12,1,8,2012-06-24,,2025-12-31,0,35-44,11+ years,Q3,7995.692307692308
49,No,Travel_Rarely,299,Sales,8,3,Other,1,803,3,Male,32,3,2,Sales Executive,4,Divorced,5703,12583,2,Y,No,14,3,3,80,1,9,4,3,3,2,1,1,2022-12-13,,2025-12-31,0,45+,2-3 years,Q2,22812.0
40,No,Non-Travel,1485,Research & Development,27,4,Life Sciences,1,805,3,Male,52,3,1,Laboratory Technician,3,Single,6410,13584,1,Y,No,15,3,3,80,1,14,6,3,13,10,3,5,2012-04-09,,2025-12-31,0,35-44,11+ years,Q2,5916.923076923077
47,No,Travel_Rarely,586,Sales,10,3,Life Sciences,1,807,2,Male,83,2,4,Manager,2,Divorced,17634,6202,3,Y,No,20,3,1,80,1,22,4,2,13,12,1,6,2012-05-03,,2025-12-31,0,45+,11+ years,Q4 High,16277.538461538461
55,No,Travel_Rarely,816,Research & Development,4,4,Technical Degree,1,809,3,Male,76,4,2,Manufacturing Director,1,Married,8773,7088,2,Y,No,13,3,3,80,1,22,4,3,16,9,5,6,2009-10-26,,2025-12-31,0,45+,11+ years,Q3,6579.75
46,No,Travel_Rarely,183,Sales,11,3,Medical,1,811,1,Female,65,2,1,Sales Representative,4,Married,5668,2446,6,Y,No,12,3,4,80,0,11,2,4,7,2,2,5,2018-06-15,,2025-12-31,0,45+,6-10 years,Q2,9716.57142857143
39,Yes,Travel_Frequently,1370,Research & Development,13,1,Life Sciences,1,813,3,Female,64,2,1,Laboratory Technician,3,Divorced,5928,4509,1,Y,Yes,12,4,4,80,1,17,2,3,15,14,4,9,2010-01-19,2025-03-03,2025-12-31,1,35-44,11+ years,Q2,4742.4
46,No,Travel_Rarely,1040,Research & Development,19,4,Technical Degree,1,815,2,Male,72,1,1,Laboratory Technician,2,Divorced,2114,13479,1,Y,No,24,3,1,80,0,4,1,3,1,1,0,0,2024-11-04,,2025-12-31,0,45+,0-1 years,Q1 Low,25368.0
38,No,Travel_Rarely,367,Sales,8,1,Other,1,817,2,Male,62,3,2,Sales Executive,2,Single,9629,13045,0,Y,No,13,3,4,80,0,15,2,2,11,9,3,9,2014-04-22,,2025-12-31,0,35-44,11+ years,Q4 High,10504.363636363636
37,No,Travel_Rarely,564,Research & Development,5,4,Life Sciences,1,819,1,Female,34,3,1,Laboratory Technician,2,Divorced,5344,9549,3,Y,No,18,3,2,80,1,15,5,3,9,8,4,4,2016-05-27,,2025-12-31,0,35-44,6-10 years,Q2,7125.333333333333
34,No,Travel_Rarely,1137,Research & Development,29,3,Technical Degree,1,821,2,Male,33,3,2,Manufacturing Director,3,Married,9892,3072,2,Y,No,15,3,1,80,2,19,2,3,17,10,0,5,2008-07-30,,2025-12-31,0,26-34,11+ years,Q4 High,6982.588235294118
51,No,Travel_Rarely,920,Sales,11,1,Life Sciences,1,823,1,Female,87,3,4,Manager,4,Divorced,20641,13880,0,Y,No,13,3,2,80,1,32,3,4,30,20,4,10,1995-08-26,,2025-12-31,0,45+,11+ years,Q4 High,8256.4
29,No,Travel_Rarely,317,Sales,4,3,Medical,1,825,4,Male,81,3,1,Sales Representative,4,Married,6784,21512,2,Y,No,21,4,2,80,0,27,4,3,24,16,3,13,2001-06-13,,2025-12-31,0,26-34,11+ years,Q3,3392.0
51,No,Travel_Rarely,1089,Research & Development,8,5,Technical Degree,1,827,3,Female,79,3,2,Manufacturing Director,3,Married,6166,13789,3,Y,No,15,3,3,80,2,6,1,3,2,1,1,1,2023-05-09,,2025-12-31,0,45+,2-3 years,Q2,36996.0
41,Yes,Travel_Rarely,1357,Research & Development,5,4,Human Resources,1,829,2,Female,56,3,1,Research Scientist,4,Married,3497,14626,2,Y,No,16,3,3,80,3,9,1,1,8,3,2,6,2017-01-29,2024-10-08,2025-12-31,1,35-44,6-10 years,Q1 Low,5245.5
24,Yes,Travel_Rarely,144,Research & Development,20,2,Life Sciences,1,831,3,Female,39,3,1,Laboratory Technician,3,Married,3589,25559,1,Y,No,13,3,4,80,0,8,3,2,5,3,0,3,2020-05-29,2023-06-05,2025-12-31,1,18-25,4-5 years,Q1 Low,8613.6
40,Yes,Travel_Rarely,259,Research & Development,13,2,Life Sciences,1,833,3,Female,91,2,1,Research Scientist,2,Married,5114,8839,3,Y,Yes,13,4,2,80,0,7,5,2,4,2,0,3,2021-06-28,2022-11-05,2025-12-31,1,35-44,4-5 years,Q2,15342.0
18,No,Non-Travel,1281,Research & Development,6,3,Life Sciences,1,835,4,Male,49,3,1,Research Scientist,4,Married,5695,22502,0,Y,Yes,18,3,2,80,0,13,2,2,11,6,5,3,2014-06-28,,2025-12-31,0,18-25,11+ years,Q2,6212.727272727273
43,No,Travel_Frequently,879,Sales,17,3,Medical,1,837,1,Female,61,3,4,Manager,2,Married,13470,26129,2,Y,No,14,3,2,80,0,11,3,2,4,2,1,3,2021-04-03,,2025-12-31,0,35-44,4-5 years,Q4 High,40410.0
45,No,Travel_Rarely,1223,Sales,8,4,Life Sciences,1,839,2,Male,77,3,4,Manager,2,Married,15177,24274,3,Y,No,15,3,2,80,0,11,6,3,9,7,4,7,2016-04-24,,2025-12-31,0,45+,6-10 years,Q4 High,20236.0
32,No,Travel_Frequently,1206,Sales,8,2,Medical,1,841,4,Male,78,3,2,Sales Executive,4,Single,6869,23388,3,Y,No,12,3,4,80,1,14,3,4,6,5,2,2,2019-06-23,,2025-12-31,0,26-34,6-10 years,Q3,13738.0
38,Yes,Travel_Rarely,655,Sales,4,4,Life Sciences,1,843,2,Female,55,3,2,Sales Executive,1,Married,8470,19476,3,Y,No,20,3,4,80,1,16,4,3,11,8,2,3,2014-01-20,2024-07-16,2025-12-31,1,35-44,11+ years,Q3,9240.0
55,Yes,Non-Travel,1276,Research & Development,4,3,Life Sciences,1,845,1,Female,64,3,2,Healthcare Representative,4,Married,6562,2593,0,Y,Yes,18,3,4,80,1,12,3,3,5,3,0,2,2020-02-15,2024-06-12,2025-12-31,1,45+,4-5 years,Q2,15748.8
32,Yes,Travel_Rarely,781,Research & Development,29,4,Life Sciences,1,847,1,Female,57,3,1,Research Scientist,4,Single,6270,12752,2,Y,Yes,18,3,4,80,3,16,0,4,15,14,4,12,2010-07-09,2024-11-03,2025-12-31,1,26-34,11+ years,Q2,5016.0
27,No,Travel_Rarely,1144,Research & Development,16,3,Marketing,1,849,1,Male,94,3,1,Laboratory Technician,3,Divorced,4681,15284,6,Y,No,12,3,3,80,1,9,5,2,7,3,1,4,2018-02-14,,2025-12-31,0,26-34,6-10 years,Q1 Low,8024.571428571428
50,No,Travel_Rarely,1373,Research & Development,1,3,Life Sciences,1,851,4,Female,55,2,2,Manufacturing Director,1,Single,7213,2276,3,Y,No,15,3,2,80,0,8,6,3,4,2,1,2,2021-10-06,,2025-12-31,0,45+,4-5 years,Q3,21639.0
55,No,Travel_Rarely,1312,Research & Development,4,4,Life Sciences,1,853,2,Female,87,3,1,Laboratory Technician,2,Married,5382,22971,0,Y,No,11,3,3,80,1,12,2,3,8,4,2,5,2017-04-13,,2025-12-31,0,45+,6-10 years,Q2,8073.0
37,No,Non-Travel,1445,Sales,3,3,Technical Degree,1,855,4,Male,35,3,2,Sales Executive,1,Single,6921,10274,3,Y,No,13,3,3,80,2,20,3,1,12,7,5,3,2013-01-06,,2025-12-31,0,35-44,11+ years,Q3,6921.0
46,Yes,Travel_Rarely,893,Research & Development,9,4,Marketing,1,857,4,Male,79,3,1,Research Scientist,3,Married,3256,5383,2,Y,Yes,14,3,4,80,0,6,4,3,5,2,0,2,2020-03-04,2025-11-24,2025-12-31,1,45+,4-5 years,Q1 Low,7814.4
49,No,Travel_Rarely,771,Research & Development,6,4,Life Sciences,1,859,3,Male,78,3,2,Manufacturing Director,4,Married,8257,16437,0,Y,No,21,3,3,80,0,10,1,2,8,4,1,2,2017-02-21,,2025-12-31,0,45+,6-10 years,Q3,12385.5
30,No,Travel_Rarely,318,Research & Development,22,3,Life Sciences,1,861,1,Male,87,3,1,Laboratory Technician,3,Married,4361,15537,1,Y,No,25,3,2,80,1,10,6,2,7,4,2,3,2018-02-03,,2025-12-31,0,26-34,6-10 years,Q1 Low,7476.0
32,No,Travel_Rarely,1140,Sales,6,3,Medical,1,863,1,Female,75,1,2,Sales Executive,3,Divorced,6160,9553,0,Y,No,16,3,4,80,0,9,3,2,4,3,2,3,2021-08-29,,2025-12-31,0,26-34,4-5 years,Q2,18480.0
48,No,Travel_Rarely,615,Research & Development,29,1,Life Sciences,1,865,3,Female,50,3,2,Manufacturing Director,3,Married,8994,2467,2,Y,No,15,3,4,80,1,20,4,4,15,9,6,9,2010-07-09,,2025-12-31,0,45+,11+ years,Q4 High,7195.2
52,No,Travel_Rarely,1162,Research & Development,8,1,Marketing,1,867,2,Female,54,3,1,Research Scientist,3,Married,7113,17134,0,Y,No,15,3,3,80,0,20,2,3,18,13,5,15,2007-11-24,,2025-12-31,0,45+,11+ years,Q3,4742.0
42,Yes,Non-Travel,1119,Research & Development,29,2,Medical,1,869,3,Female,92,3,2,Manufacturing Director,4,Married,6879,7260,2,Y,No,11,3,3,80,1,15,2,3,12,8,0,4,2013-06-15,2024-07-19,2025-12-31,1,35-44,11+ years,Q3,6879.0
29,No,Travel_Rarely,800,Sales,7,2,Life Sciences,1,871,2,Male,95,3,2,Sales Executive,2,Divorced,11591,2997,0,Y,No,19,3,1,80,1,27,6,3,20,9,3,9,2005-03-06,,2025-12-31,0,26-34,11+ years,Q4 High,6954.6
55,No,Travel_Rarely,241,Research & Development,7,2,Medical,1,873,4,Female,64,2,4,Manager,4,Single,14544,4379,2,Y,No,17,3,3,80,0,10,5,2,6,5,2,4,2019-09-18,,2025-12-31,0,45+,6-10 years,Q4 High,29088.0
32,No,Non-Travel,445,Sales,16,2,Marketing,1,875,3,Male,62,3,2,Sales Executive,3,Married,7013,7048,3,Y,Yes,17,3,1,80,0,14,5,3,6,4,1,2,2019-10-07,,2025-12-31,0,26-34,6-10 years,Q3,14026.0
34,No,Travel_Rarely,402,Sales,15,3,Technical Degree,1,877,3,Female,79,3,2,Sales Executive,2,Single,8421,11484,1,Y,No,19,3,1,80,0,16,3,3,12,5,4,4,2013-12-21,,2025-12-31,0,26-34,11+ years,Q3,8421.0
40,No,Travel_Rarely,1253,Research & Development,2,3,Life Sciences,1,879,4,Male,53,4,1,Research Scientist,2,Single,4946,6095,2,Y,Yes,22,3,3,80,1,7,2,2,4,2,0,2,2021-05-04,,2025-12-31,0,35-44,4-5 years,Q2,14838.0
51,No,Travel_Rarely,567,Research & Development,9,1,Medical,1,881,1,Female,52,3,1,Research Scientist,2,Single,4420,11559,2,Y,No,14,3,2,80,1,7,1,3,2,2,0,1,2023-12-15,,2025-12-31,0,45+,2-3 years,Q1 Low,26520.0
45,No,Travel_Frequently,445,Human Resources,6,1,Life Sciences,1,883,2,Male,66,3,4,Manager,3,Married,16848,14126,0,Y,No,14,3,4,80,1,24,2,2,17,13,4,14,2008-05-22,,2025-12-31,0,45+,11+ years,Q4 High,11892.70588235294
41,No,Travel_Rarely,933,Research & Development,6,3,Medical,1,885,1,Male,92,3,4,Manager,2,Divorced,13430,26205,3,Y,Yes,24,3,4,80,0,10,3,2,5,3,2,2,2020-10-17,,2025-12-31,0,35-44,4-5 years,Q4 High,32232.0
41,No,Non-Travel,275,Research & Development,9,3,Technical Degree,1,887,1,Female,85,3,1,Laboratory Technician,4,Married,8068,25409,2,Y,No,17,4,1,80,1,20,2,3,17,9,8,13,2008-03-21,,2025-12-31,0,35-44,11+ years,Q3,5695.058823529412
37,Yes,Travel_Frequently,293,Sales,7,3,Life Sciences,1,889,3,Male,92,3,2,Sales Executive,3,Single,8665,2093,1,Y,Yes,20,4,4,80,0,18,6,3,13,8,5,10,2012-01-31,2021-04-07,2025-12-31,1,35-44,11+ years,Q3,7998.461538461538
42,No,Travel_Rarely,1043,Sales,10,3,Technical Degree,1,891,2,Female,48,3,4,Manager,4,Married,16085,11114,2,Y,No,13,3,3,80,0,14,2,3,11,8,3,3,2014-11-24,,2025-12-31,0,35-44,11+ years,Q4 High,17547.272727272728
18,No,Travel_Frequently,436,Human Resources,3,4,Medical,1,893,2,Male,50,4,4,Manager,1,Married,14874,13333,3,Y,No,13,4,1,80,0,20,3,3,14,12,4,9,2011-09-08,,2025-12-31,0,18-25,11+ years,Q4 High,12749.142857142857
34,No,Travel_Rarely,1302,Sales,2,3,Technical Degree,1,895,4,Female,68,3,1,Sales Representative,2,Married,5014,9293,4,Y,No,14,3,3,80,1,7,2,3,6,4,2,2,2019-10-20,,2025-12-31,0,26-34,6-10 years,Q2,10028.0
39,Yes,Travel_Rarely,743,Research & Development,17,3,Marketing,1,897,1,Male,55,2,1,Laboratory Technician,1,Single,5642,20293,3,Y,Yes,13,4,3,80,1,23,2,3,17,9,0,4,2008-07-12,2024-05-06,2025-12-31,1,35-44,11+ years,Q2,3982.5882352941176
26,No,Travel_Frequently,180,Research & Development,18,4,Life Sciences,1,899,3,Male,80,3,1,Laboratory Technician,2,Married,7472,15499,1,Y,Yes,21,3,3,80,0,26,2,3,22,8,8,17,2003-06-03,,2025-12-31,0,26-34,11+ years,Q3,4075.6363636363635
40,No,Non-Travel,260,Sales,16,4,Life Sciences,1,901,1,Male,89,1,4,Manager,4,Divorced,16960,25438,1,Y,No,15,4,4,80,2,18,3,3,17,8,4,7,2008-10-28,,2025-12-31,0,35-44,11+ years,Q4 High,11971.764705882353
35,No,Travel_Rarely,506,Research & Development,9,3,Life Sciences,1,903,2,Male,35,2,1,Research Scientist,1,Married,5569,20263,3,Y,No,23,3,3,80,1,5,2,4,4,3,2,2,2021-06-03,,2025-12-31,0,35-44,4-5 years,Q2,16707.0
53,No,Travel_Rarely,1304,Research & Development,6,3,Life Sciences,1,905,3,Male,36,3,1,Laboratory Technician,3,Single,6188,3158,3,Y,No,13,3,4,80,1,13,5,4,10,4,3,4,2015-03-06,,2025-12-31,0,45+,6-10 years,Q2,7425.6
51,Yes,Travel_Rarely,1392,Sales,5,2,Medical,1,907,4,Male,89,3,2,Sales Executive,1,Divorced,7919,13412,2,Y,Yes,11,3,3,80,3,7,2,3,3,2,0,1,2022-12-21,2023-08-03,2025-12-31,1,45+,2-3 years,Q3,31676.0
33,No,Travel_Rarely,593,Research & Development,4,3,Medical,1,909,2,Male,90,3,2,Healthcare Representative,3,Single,8969,7221,1,Y,No,12,3,1,80,1,17,3,3,13,10,1,6,2012-09-13,,2025-12-31,0,26-34,11+ years,Q4 High,8279.076923076924
36,Yes,Travel_Rarely,290,Research & Development,8,5,Human Resources,1,911,1,Male,34,1,1,Research Scientist,4,Single,3461,2357,2,Y,Yes,12,3,3,80,1,11,5,3,6,3,1,3,2019-04-08,2025-05-31,2025-12-31,1,35-44,6-10 years,Q1 Low,6922.0
36,No,Travel_Rarely,1444,Research & Development,18,3,Medical,1,913,2,Male,37,3,1,Laboratory Technician,3,Single,2586,10333,0,Y,No,17,4,2,80,0,5,2,3,2,2,0,1,2023-02-16,,2025-12-31,0,35-44,2-3 years,Q1 Low,15516.0
33,No,Travel_Rarely,1483,Research & Development,5,4,Marketing,1,915,1,Female,62,3,1,Laboratory Technician,4,Married,5100,11986,3,Y,No,12,3,3,80,0,14,5,1,6,4,1,5,2019-12-08,,2025-12-31,0,26-34,6-10 years,Q2,10200.0
39,No,Travel_Rarely,653,Research & Development,18,3,Human Resources,1,917,2,Male,86,3,1,Laboratory Technician,2,Divorced,4043,4218,4,Y,No,14,3,4,80,2,13,4,3,8,5,2,3,2017-11-09,,2025-12-31,0,35-44,6-10 years,Q1 Low,6064.5
30,No,Travel_Rarely,1218,Research & Development,2,5,Technical Degree,1,919,3,Male,41,3,1,Research Scientist,4,Married,2761,25916,3,Y,Yes,19,3,3,80,2,13,6,3,5,4,1,1,2020-02-22,,2025-12-31,0,26-34,4-5 years,Q1 Low,6626.4
27,No,Travel_Frequently,455,Research & Development,10,3,Life Sciences,1,921,1,Female,66,3,1,Laboratory Technician,4,Single,5867,9906,5,Y,No,12,3,1,80,1,21,3,3,17,13,0,5,2008-06-11,,2025-12-31,0,26-34,11+ years,Q2,4141.411764705882
43,Yes,Travel_Frequently,469,Research & Development,12,1,Medical,1,923,3,Male,44,2,1,Laboratory Technician,3,Single,4586,12251,3,Y,Yes,11,4,3,80,1,8,4,3,5,3,2,3,2020-10-15,2021-04-26,2025-12-31,1,35-44,4-5 years,Q1 Low,11006.4
43,No,Travel_Rarely,844,Sales,5,3,Life Sciences,1,925,3,Female,46,3,1,Sales Representative,3,Married,3631,11270,2,Y,No,15,4,1,80,1,8,2,2,5,4,1,3,2020-02-13,,2025-12-31,0,35-44,4-5 years,Q1 Low,8714.4
30,No,Travel_Rarely,395,Research & Development,3,2,Life Sciences,1,927,2,Male,66,3,1,Laboratory Technician,4,Married,4400,8074,0,Y,No,17,3,3,80,3,5,4,3,1,1,0,1,2024-08-03,,2025-12-31,0,26-34,0-1 years,Q1 Low,52800.0
45,No,Travel_Rarely,1225,Human Resources,15,1,Life Sciences,1,929,1,Male,80,3,1,Human Resources,3,Married,6959,26309,1,Y,No,21,3,4,80,2,18,1,2,15,12,0,10,2010-02-11,,2025-12-31,0,45+,11+ years,Q3,5567.2
31,No,Travel_Rarely,120,Research & Development,9,4,Marketing,1,931,4,Male,58,1,2,Healthcare Representative,4,Divorced,7815,2885,0,Y,Yes,17,3,4,80,0,14,4,3,9,7,3,3,2016-06-19,,2025-12-31,0,26-34,6-10 years,Q3,10420.0
39,No,Travel_Rarely,1206,Research & Development,29,2,Medical,1,933,2,Female,32,3,1,Research Scientist,3,Divorced,7054,21323,2,Y,Yes,22,3,1,80,1,18,2,3,16,9,1,4,2009-05-30,,2025-12-31,0,35-44,11+ years,Q3,5290.5
44,No,Travel_Frequently,1075,Sales,18,4,Medical,1,935,3,Female,55,3,4,Manager,2,Single,15683,14612,1,Y,No,13,3,3,80,1,13,2,3,9,5,3,5,2016-03-05,,2025-12-31,0,35-44,6-10 years,Q4 High,20910.666666666668
37,No,Travel_Rarely,772,Research & Development,18,2,Other,1,937,2,Male,74,2,1,Laboratory Technician,4,Single,7891,12156,2,Y,No,14,3,3,80,0,25,1,3,19,14,6,12,2006-04-20,,2025-12-31,0,35-44,11+ years,Q3,4983.789473684211
41,No,Travel_Rarely,466,Human Resources,1,2,Life Sciences,1,939,3,Male,35,3,1,Human Resources,3,Divorced,5120,14086,4,Y,No,20,3,4,80,1,14,5,3,12,5,5,4,2013-12-14,,2025-12-31,0,35-44,11+ years,Q2,5120.0
32,No,Travel_Rarely,809,Research & Development,5,4,Medical,1,941,2,Female,83,3,1,Research Scientist,3,Married,6635,7818,2,Y,No,19,3,3,80,0,15,3,2,11,9,2,7,2014-07-10,,2025-12-31,0,26-34,11+ years,Q3,7238.181818181818
35,No,Travel_Rarely,653,Human Resources,3,3,Marketing,1,943,2,Male,48,3,1,Human Resources,3,Married,5450,18202,3,Y,Yes,17,3,1,80,2,13,3,2,8,5,0,6,2017-01-05,,2025-12-31,0,35-44,6-10 years,Q2,8175.0
35,Yes,Travel_Rarely,648,Research & Development,1,3,Life Sciences,1,945,1,Male,42,4,2,Manufacturing Director,2,Single,5590,3724,4,Y,No,15,3,3,80,0,8,2,3,1,1,0,1,2024-10-22,2023-05-24,2025-12-31,1,35-44,0-1 years,Q2,67080.0
30,No,Non-Travel,1456,Sales,8,3,Medical,1,947,2,Female,86,1,4,Manager,4,Divorced,14745,24313,0,Y,No,11,3,3,80,2,7,2,1,5,3,1,3,2020-01-18,,2025-12-31,0,26-34,4-5 years,Q4 High,35388.0
35,No,Travel_Rarely,138,Research & Development,15,3,Life Sciences,1,949,4,Female,86,3,2,Manufacturing Director,4,Divorced,5406,18555,3,Y,No,13,3,4,80,2,8,1,1,4,3,0,3,2021-09-30,,2025-12-31,0,35-44,4-5 years,Q2,16218.0
23,No,Travel_Rarely,146,Human Resources,4,4,Technical Degree,1,951,3,Male,75,3,1,Human Resources,4,Married,5475,15701,0,Y,No,12,4,4,80,0,11,3,3,8,6,2,2,2017-06-10,,2025-12-31,0,18-25,6-10 years,Q2,8212.5
32,No,Travel_Rarely,1435,Research & Development,1,3,Life Sciences,1,953,1,Female,41,3,1,Laboratory Technician,2,Married,4659,6676,2,Y,No,11,3,2,80,1,9,2,4,6,4,0,2,2019-10-22,,2025-12-31,0,26-34,6-10 years,Q1 Low,9318.0
34,No,Non-Travel,1233,Research & Development,4,3,Life Sciences,1,955,3,Female,58,3,1,Research Scientist,3,Married,4480,19685,1,Y,No,19,3,4,80,1,22,1,3,15,8,2,3,2010-08-03,,2025-12-31,0,26-34,11+ years,Q1 Low,3584.0
35,No,Travel_Rarely,285,Human Resources,7,4,Medical,1,957,4,Male,94,2,1,Human Resources,4,Married,8003,18467,3,Y,No,12,3,1,80,2,22,0,1,14,6,2,4,2011-04-22,,2025-12-31,0,35-44,11+ years,Q3,6859.714285714285
35,No,Travel_Rarely,1023,Research & Development,7,2,Life Sciences,1,959,3,Male,78,3,1,Laboratory Technician,3,Married,3489,24615,3,Y,No,14,4,4,80,1,9,1,2,7,6,1,6,2018-05-20,,2025-12-31,0,35-44,6-10 years,Q1 Low,5981.142857142857
36,Yes,Travel_Frequently,1308,Research & Development,8,3,Life Sciences,1,961,1,Male,33,3,1,Research Scientist,3,Single,5637,11363,1,Y,Yes,24,3,4,80,1,19,2,4,9,8,2,3,2016-01-22,2025-04-20,2025-12-31,1,35-44,6-10 years,Q2,7516.0
41,No,Travel_Rarely,426,Sales,11,4,Medical,1,963,4,Female,57,2,2,Sales Executive,4,Married,8188,17101,4,Y,No,14,3,3,80,2,9,3,3,5,2,1,3,2020-07-11,,2025-12-31,0,35-44,4-5 years,Q3,19651.2
45,No,Travel_Rarely,209,Research & Development,8,3,Life Sciences,1,965,2,Female,79,3,1,Laboratory Technician,3,Divorced,3562,16126,2,Y,No,12,3,4,80,0,18,1,3,12,6,4,8,2013-03-14,,2025-12-31,0,45+,11+ years,Q1 Low,3562.0
31,No,Travel_Rarely,1323,Research & Development,15,4,Medical,1,967,3,Male,41,3,2,Manufacturing Director,3,Married,8514,11135,2,Y,Yes,17,3,1,80,0,15,3,2,12,6,5,7,2013-06-01,,2025-12-31,0,26-34,11+ years,Q3,8514.0
26,Yes,Travel_Rarely,272,Research & Development,4,3,Medical,1,969,3,Female,47,3,4,Manager,1,Single,18748,6828,5,Y,Yes,19,3,1,80,2,25,4,1,23,21,1,13,2002-12-02,2021-10-24,2025-12-31,1,26-34,11+ years,Q4 High,9781.565217391304
27,No,Travel_Rarely,1444,Sales,7,4,Medical,1,971,4,Male,35,3,4,Manager,1,Married,15669,17081,2,Y,Yes,13,3,1,80,0,11,6,1,8,4,3,4,2017-01-11,,2025-12-31,0,26-34,6-10 years,Q4 High,23503.5
32,No,Travel_Rarely,615,Research & Development,13,4,Medical,1,973,4,Male,97,3,1,Laboratory Technician,1,Married,8355,8679,2,Y,Yes,19,4,1,80,2,25,6,3,19,9,8,9,2006-06-08,,2025-12-31,0,26-34,11+ years,Q3,5276.8421052631575
34,No,Travel_Rarely,160,Research & Development,10,2,Life Sciences,1,975,4,Male,52,3,1,Laboratory Technician,4,Married,4603,20170,0,Y,No,13,3,3,80,1,6,3,1,3,1,1,2,2022-08-05,,2025-12-31,0,26-34,2-3 years,Q1 Low,18412.0
30,No,Travel_Rarely,1294,Sales,27,2,Life Sciences,1,977,1,Male,57,2,1,Sales Representative,3,Divorced,4728,16663,2,Y,No,17,3,2,80,1,15,4,4,9,7,4,2,2016-04-04,,2025-12-31,0,26-34,6-10 years,Q1 Low,6304.0
25,No,Travel_Rarely,1270,Sales,4,3,Marketing,1,979,4,Female,69,3,4,Manager,3,Divorced,14828,22693,2,Y,No,12,4,4,80,0,11,2,2,7,6,1,2,2018-09-10,,2025-12-31,0,18-25,6-10 years,Q4 High,25419.428571428572
33,No,Travel_Rarely,1465,Research & Development,13,4,Technical Degree,1,981,1,Male,77,2,1,Research Scientist,4,Married,6885,26886,1,Y,No,14,3,3,80,0,10,5,3,9,5,3,5,2016-06-14,,2025-12-31,0,26-34,6-10 years,Q3,9180.0
39,No,Travel_Rarely,1252,Research & Development,5,2,Life Sciences,1,983,2,Female,63,3,1,Laboratory Technician,3,Married,6742,3760,0,Y,Yes,15,3,4,80,0,17,4,2,11,5,3,5,2014-12-29,,2025-12-31,0,35-44,11+ years,Q3,7354.909090909091
42,No,Non-Travel,758,Research & Development,4,1,Life Sciences,1,985,3,Male,91,2,2,Healthcare Representative,3,Divorced,5670,7491,3,Y,No,18,3,3,80,1,6,4,3,2,1,0,1,2023-02-13,,2025-12-31,0,35-44,2-3 years,Q2,34020.0
32,No,Travel_Rarely,1174,Research & Development,17,3,Medical,1,987,3,Male,87,1,1,Laboratory Technician,2,Married,7339,20614,2,Y,No,17,4,2,80,2,16,5,2,15,7,5,13,2010-09-02,,2025-12-31,0,26-34,11+ years,Q3,5871.2
33,No,Travel_Rarely,1408,Research & Development,8,4,Medical,1,989,3,Female,63,2,1,Laboratory Technician,4,Married,7616,24725,2,Y,Yes,20,3,2,80,1,17,6,3,15,6,3,11,2010-03-03,,2025-12-31,0,26-34,11+ years,Q3,6092.8
28,No,Travel_Rarely,1379,Research & Development,10,3,Medical,1,991,3,Male,86,3,1,Laboratory Technician,1,Single,3768,3982,1,Y,No,12,3,2,80,1,13,2,3,7,6,1,5,2018-06-19,,2025-12-31,0,26-34,6-10 years,Q1 Low,6459.428571428572
37,No,Travel_Rarely,1146,Research & Development,5,3,Life Sciences,1,993,4,Male,58,3,1,Research Scientist,1,Divorced,4896,14089,4,Y,Yes,17,3,4,80,0,12,3,2,8,7,1,4,2017-06-10,,2025-12-31,0,35-44,6-10 years,Q1 Low,7344.0
29,No,Travel_Rarely,868,Research & Development,5,2,Medical,1,995,2,Male,81,3,1,Laboratory Technician,2,Married,4978,8553,5,Y,No,12,4,3,80,0,16,1,3,10,9,3,4,2016-01-01,,2025-12-31,0,26-34,6-10 years,Q2,5973.6
42,No,Travel_Rarely,1184,Human Resources,2,3,Life Sciences,1,997,2,Female,37,2,1,Human Resources,2,Married,7362,8864,4,Y,No,15,4,2,80,3,18,3,3,15,10,5,10,2010-10-31,,2025-12-31,0,35-44,11+ years,Q3,5889.6
21,No,Travel_Rarely,306,Human Resources,10,2,Medical,1,999,4,Male,45,3,1,Human Resources,2,Divorced,4746,2356,1,Y,Yes,15,3,4,80,0,13,0,4,10,5,2,7,2015-06-10,,2025-12-31,0,18-25,6-10 years,Q1 Low,5695.2
34,No,Travel_Rarely,892,Sales,3,1,Marketing,1,1001,1,Male,59,3,2,Sales Executive,3,Married,8224,13354,5,Y,No,11,3,1,80,0,18,3,3,14,11,3,8,2011-04-02,,2025-12-31,0,26-34,11+ years,Q3,7049.142857142857
40,No,Travel_Frequently,1255,Research & Development,7,4,Medical,1,1003,3,Male,55,3,2,Healthcare Representative,2,Married,7662,6951,1,Y,Yes,11,3,4,80,1,6,1,4,4,2,0,3,2021-09-11,,2025-12-31,0,35-44,4-5 years,Q3,22986.0
39,No,Travel_Rarely,976,Research & Development,15,5,Life Sciences,1,1005,3,Male,86,3,1,Research Scientist,3,Single,6280,12893,3,Y,No,20,3,3,80,1,22,1,2,19,9,4,16,2006-08-20,,2025-12-31,0,35-44,11+ years,Q2,3966.315789473684
60,No,Travel_Rarely,1124,Sales,1,2,Other,1,1007,3,Female,68,3,1,Sales Representative,1,Divorced,4987,23444,1,Y,No,13,3,4,80,0,7,4,2,6,3,2,3,2019-07-23,,2025-12-31,0,45+,6-10 years,Q2,9974.0
40,No,Travel_Rarely,651,Sales,29,1,Technical Degree,1,1009,3,Male,62,3,2,Sales Executive,1,Single,7784,23118,2,Y,Yes,14,3,4,80,3,15,6,4,12,11,5,4,2013-03-01,,2025-12-31,0,35-44,11+ years,Q3,7784.0
28,No,Travel_Rarely,376,Research & Development,4,3,Marketing,1,1011,1,Male,60,2,3,Research Director,3,Divorced,11662,15709,4,Y,No,17,3,4,80,1,12,4,3,8,6,2,4,2017-02-05,,2025-12-31,0,26-34,6-10 years,Q4 High,17493.0
36,No,Travel_Rarely,858,Sales,8,3,Medical,1,1013,4,Male,50,1,2,Sales Executive,4,Single,7170,4311,2,Y,No,13,3,3,80,0,10,4,2,9,4,4,8,2016-07-19,,2025-12-31,0,35-44,6-10 years,Q3,9560.0
21,No,Travel_Rarely,1261,Sales,10,2,Life Sciences,1,1015,1,Male,79,3,2,Sales Executive,4,Married,7528,23994,0,Y,No,12,3,1,80,2,12,2,3,9,4,4,4,2016-11-29,,2025-12-31,0,18-25,6-10 years,Q3,10037.333333333334
36,No,Travel_Rarely,421,Sales,4,2,Human Resources,1,1017,2,Female,35,3,4,Manager,4,Divorced,12428,12968,3,Y,Yes,14,3,4,80,0,8,1,2,7,6,0,4,2018-11-21,,2025-12-31,0,35-44,6-10 years,Q4 High,21305.14285714286
29,No,Travel_Frequently,1008,Sales,6,2,Medical,1,1019,1,Male,89,2,4,Manager,3,Married,17337,21628,2,Y,No,11,3,3,80,1,24,6,3,20,17,4,13,2005-03-11,,2025-12-31,0,26-34,11+ years,Q4 High,10402.2
45,Yes,Travel_Frequently,345,Research & Development,18,4,Technical Degree,1,1021,3,Female,42,3,1,Research Scientist,3,Married,3996,8884,3,Y,Yes,21,3,1,80,2,8,2,3,4,3,0,1,2021-07-17,2021-02-06,2025-12-31,1,45+,4-5 years,Q1 Low,11988.0
32,No,Travel_Rarely,1100,Research & Development,14,4,Life Sciences,1,1023,3,Male,87,3,2,Healthcare Representative,3,Single,7284,13522,1,Y,No,22,3,4,80,3,15,1,3,7,3,1,4,2018-02-17,,2025-12-31,0,26-34,6-10 years,Q3,12486.857142857143
36,No,Travel_Rarely,575,Sales,7,3,Life Sciences,1,1025,4,Male,73,3,2,Sales Executive,3,Married,10432,2364,3,Y,No,15,3,2,80,0,21,0,2,16,10,6,6,2009-04-09,,2025-12-31,0,35-44,11+ years,Q4 High,7824.0
31,Yes,Travel_Frequently,1236,Sales,8,3,Other,1,1027,3,Female,61,3,1,Sales Representative,1,Married,7123,9562,1,Y,Yes,12,3,1,80,0,21,6,3,16,11,1,12,2009-03-11,2022-01-06,2025-12-31,1,26-34,11+ years,Q3,5342.25
53,No,Travel_Rarely,225,Research & Development,9,4,Medical,1,1029,3,Male,88,2,1,Research Scientist,3,Married,5951,14296,1,Y,No,15,4,4,80,1,13,1,3,10,9,4,7,2015-11-23,,2025-12-31,0,45+,6-10 years,Q2,7141.2
34,Yes,Travel_Rarely,365,Research & Development,12,4,Life Sciences,1,1031,4,Female,74,3,1,Research Scientist,2,Married,3325,5331,7,Y,No,11,3,3,80,2,9,3,3,4,2,1,3,2021-06-29,2021-11-24,2025-12-31,1,26-34,4-5 years,Q1 Low,9975.0
54,No,Travel_Rarely,1364,Research & Development,13,2,Life Sciences,1,1033,3,Female,84,2,2,Manufacturing Director,3,Divorced,10133,2112,0,Y,Yes,14,4,2,80,1,15,2,2,10,7,3,3,2015-10-11,,2025-12-31,0,45+,6-10 years,Q4 High,12159.6
44,No,Travel_Rarely,237,Sales,13,2,Medical,1,1035,3,Male,78,3,1,Sales Representative,3,Single,2486,13982,1,Y,Yes,11,3,4,80,1,6,1,3,4,2,0,1,2021-12-29,,2025-12-31,0,35-44,4-5 years,Q1 Low,7458.0
41,Yes,Travel_Rarely,1369,Human Resources,6,3,Life Sciences,1,1037,3,Male,90,1,1,Human Resources,1,Divorced,2798,12714,3,Y,No,18,3,4,80,0,6,2,3,3,2,0,2,2022-02-09,2024-06-23,2025-12-31,1,35-44,2-3 years,Q1 Low,11192.0
40,No,Travel_Rarely,1361,Research & Development,9,1,Medical,1,1039,2,Female,69,3,2,Manufacturing Director,2,Married,7092,22958,2,Y,No,13,3,1,80,1,12,3,3,9,4,3,4,2016-03-24,,2025-12-31,0,35-44,6-10 years,Q3,9456.0
40,No,Travel_Rarely,1426,Research & Development,17,3,Medical,1,1041,4,Male,63,3,2,Manufacturing Director,1,Married,6411,15489,4,Y,Yes,15,3,3,80,2,7,3,3,2,2,1,1,2023-04-15,,2025-12-31,0,35-44,2-3 years,Q2,38466.0
19,Yes,Travel_Rarely,620,Research & Development,29,3,Marketing,1,1043,1,Male,41,3,1,Research Scientist,4,Married,7104,11039,2,Y,Yes,11,3,4,80,0,22,2,3,19,10,7,5,2006-06-11,2025-05-31,2025-12-31,1,18-25,11+ years,Q3,4486.736842105263
34,Yes,Travel_Frequently,1169,Human Resources,9,3,Life Sciences,1,1045,3,Male,44,1,1,Human Resources,1,Married,3531,17863,0,Y,Yes,15,3,2,80,0,9,4,2,5,3,2,3,2020-04-22,2022-08-06,2025-12-31,1,26-34,4-5 years,Q1 Low,8474.4
45,No,Travel_Rarely,1496,Sales,5,3,Other,1,1047,3,Male,38,2,2,Sales Executive,2,Married,7574,20913,1,Y,No,11,4,3,80,1,11,0,3,7,4,1,2,2018-06-23,,2025-12-31,0,45+,6-10 years,Q3,12984.0
36,No,Travel_Rarely,1247,Sales,4,3,Life Sciences,1,1049,4,Female,49,2,4,Manager,4,Divorced,15182,11861,0,Y,Yes,22,3,1,80,0,9,1,3,5,4,0,3,2020-10-13,,2025-12-31,0,35-44,4-5 years,Q4 High,36436.8
24,No,Travel_Rarely,1191,Research & Development,13,4,Medical,1,1051,4,Male,78,3,2,Manufacturing Director,3,Divorced,6270,24955,5,Y,No,15,3,4,80,1,8,2,3,3,2,1,2,2022-10-01,,2025-12-31,0,18-25,2-3 years,Q2,25080.0
36,No,Travel_Rarely,976,Research & Development,2,2,Life Sciences,1,1053,3,Male,43,3,4,Manager,1,Divorced,12127,9684,1,Y,No,12,3,4,80,0,4,3,3,1,0,0,1,2024-08-15,,2025-12-31,0,35-44,0-1 years,Q4 High,145524.0
52,No,Travel_Frequently,601,Research & Development,13,3,Marketing,1,1055,3,Female,34,3,1,Research Scientist,2,Married,4166,16520,3,Y,No,14,3,1,80,0,7,2,2,4,2,1,3,2021-05-29,,2025-12-31,0,45+,4-5 years,Q1 Low,12498.0
48,No,Travel_Rarely,1447,Research & Development,13,1,Other,1,1057,2,Male,77,2,1,Research Scientist,1,Divorced,6764,10151,2,Y,No,11,3,4,80,2,24,3,3,19,13,5,6,2006-05-07,,2025-12-31,0,45+,11+ years,Q3,4272.0
36,No,Travel_Rarely,743,Sales,5,1,Marketing,1,1059,3,Male,86,2,2,Sales Executive,2,Married,8222,18093,2,Y,No,15,3,4,80,0,24,4,3,17,10,3,9,2008-09-24,,2025-12-31,0,35-44,11+ years,Q3,5803.764705882353
46,No,Travel_Frequently,1484,Sales,10,3,Medical,1,1061,4,Female,89,2,2,Sales Executive,1,Married,6365,15003,2,Y,No,12,3,2,80,3,9,1,3,2,1,0,1,2023-12-01,,2025-12-31,0,45+,2-3 years,Q2,38190.0
34,No,Travel_Rarely,848,Human Resources,7,1,Medical,1,1063,4,Male,72,3,1,Human Resources,3,Divorced,6476,10772,2,Y,No,15,3,4,80,1,23,5,3,19,16,8,15,2006-01-28,,2025-12-31,0,26-34,11+ years,Q2,4090.1052631578946
21,No,Travel_Rarely,1004,Human Resources,2,1,Marketing,1,1065,4,Female,93,3,4,Manager,4,Single,14497,10567,3,Y,No,13,3,1,80,0,11,6,3,9,4,3,7,2016-11-13,,2025-12-31,0,18-25,6-10 years,Q4 High,19329.333333333332
28,No,Travel_Rarely,554,Research & Development,12,2,Technical Degree,1,1067,1,Female,31,3,1,Research Scientist,3,Married,4060,17014,3,Y,No,18,3,4,80,0,8,4,3,3,3,1,1,2022-05-09,,2025-12-31,0,26-34,2-3 years,Q1 Low,16240.0
51,Yes,Travel_Rarely,923,Sales,12,3,Other,1,1069,4,Male,30,3,2,Sales Executive,3,Married,8894,21361,3,Y,No,15,3,3,80,1,17,5,4,12,4,2,5,2013-11-25,2021-10-26,2025-12-31,1,45+,11+ years,Q4 High,8894.0
34,No,Travel_Rarely,1172,Sales,6,4,Life Sciences,1,1071,4,Male,93,2,4,Manager,2,Married,15854,14733,4,Y,No,20,4,3,80,0,12,1,3,8,3,0,3,2017-04-21,,2025-12-31,0,26-34,6-10 years,Q4 High,23781.0
35,No,Travel_Rarely,800,Sales,29,2,Other,1,1073,2,Male,53,2,2,Sales Executive,2,Single,5496,15323,0,Y,No,22,3,3,80,2,10,6,3,6,3,3,5,2019-05-25,,2025-12-31,0,35-44,6-10 years,Q2,10992.0
34,No,Travel_Rarely,620,Research & Development,8,3,Life Sciences,1,1075,3,Male,31,3,2,Manufacturing Director,4,Married,6846,15508,4,Y,No,23,3,3,80,0,11,4,3,6,4,0,4,2019-12-28,,2025-12-31,0,26-34,6-10 years,Q3,13692.0
54,No,Non-Travel,493,Research & Development,1,2,Life Sciences,1,1077,3,Female,88,3,1,Research Scientist,1,Divorced,6961,4613,4,Y,No,13,3,4,80,0,16,3,2,12,6,3,9,2013-10-01,,2025-12-31,0,45+,11+ years,Q3,6961.0
52,No,Travel_Frequently,979,Research & Development,17,3,Life Sciences,1,1079,3,Female,63,3,1,Laboratory Technician,4,Married,4728,18868,3,Y,Yes,18,3,3,80,0,14,4,3,13,10,2,4,2012-04-07,,2025-12-31,0,45+,11+ years,Q1 Low,4364.307692307692
57,No,Non-Travel,494,Sales,15,3,Life Sciences,1,1081,4,Male,85,2,2,Sales Executive,3,Married,6781,16671,0,Y,Yes,14,3,4,80,1,8,3,3,4,2,1,2,2021-08-09,,2025-12-31,0,45+,4-5 years,Q3,20343.0
35,No,Non-Travel,195,Research & Development,16,3,Marketing,1,1083,3,Female,34,1,1,Research Scientist,4,Single,5726,15640,3,Y,Yes,14,3,3,80,2,14,4,3,11,4,2,7,2014-02-10,,2025-12-31,0,35-44,11+ years,Q2,6246.545454545455
40,No,Travel_Rarely,184,Research & Development,3,5,Technical Degree,1,1085,3,Female,84,2,2,Healthcare Representative,2,Single,7013,8880,0,Y,No,20,3,1,80,0,16,6,3,10,9,4,8,2015-05-20,,2025-12-31,0,35-44,6-10 years,Q3,8415.6
23,No,Travel_Rarely,1159,Sales,10,4,Marketing,1,1087,3,Female,65,1,2,Sales Executive,2,Married,4937,14964,0,Y,No,12,3,4,80,1,4,3,1,0,0,0,0,2025-05-15,,2025-12-31,0,18-25,0-1 years,Q1 Low,59244.0
50,No,Travel_Rarely,1051,Research & Development,8,1,Medical,1,1089,3,Male,84,2,1,Laboratory Technician,4,Single,5360,22144,2,Y,No,15,3,3,80,0,19,4,3,14,10,3,6,2011-11-17,,2025-12-31,0,45+,11+ years,Q2,4594.285714285715
26,No,Travel_Frequently,515,Research & Development,7,4,Medical,1,1091,4,Male,39,3,1,Laboratory Technician,4,Divorced,4121,24016,1,Y,Yes,16,3,4,80,1,8,6,2,4,3,0,3,2021-01-04,,2025-12-31,0,26-34,4-5 years,Q1 Low,12363.0
39,No,Travel_Rarely,694,Research & Development,20,1,Medical,1,1093,3,Male,75,2,1,Research Scientist,2,Divorced,2695,3710,1,Y,No,11,3,4,80,0,10,6,2,8,3,2,2,2017-04-27,,2025-12-31,0,35-44,6-10 years,Q1 Low,4042.5
27,No,Non-Travel,774,Sales,8,4,Life Sciences,1,1095,2,Female,81,2,4,Manager,4,Divorced,14416,19544,6,Y,No,20,3,1,80,1,13,6,3,10,5,2,5,2015-03-15,,2025-12-31,0,26-34,6-10 years,Q4 High,17299.2
32,No,Travel_Rarely,825,Research & Development,6,2,Technical Degree,1,1097,1,Male,91,3,1,Research Scientist,1,Divorced,5292,8417,3,Y,No,13,3,3,80,1,16,3,3,13,7,6,6,2012-11-07,,2025-12-31,0,26-34,11+ years,Q2,4884.923076923077
29,No,Travel_Frequently,320,Sales,6,3,Medical,1,1099,2,Male,33,3,4,Manager,1,Single,17492,18212,5,Y,No,17,3,2,80,0,22,2,3,17,16,1,5,2008-06-20,,2025-12-31,0,26-34,11+ years,Q4 High,12347.29411764706
31,No,Travel_Rarely,1442,Research & Development,3,1,Medical,1,1101,3,Male,85,3,4,Manager,3,Divorced,14419,15995,2,Y,Yes,22,3,3,80,1,22,3,2,13,9,1,6,2012-07-18,,2025-12-31,0,26-34,11+ years,Q4 High,13309.846153846154
32,Yes,Travel_Rarely,578,Sales,9,2,Medical,1,1103,4,Male,40,3,1,Sales Representative,4,Married,6667,17821,4,Y,Yes,18,4,4,80,1,15,4,3,11,4,3,7,2014-03-09,2023-02-14,2025-12-31,1,26-34,11+ years,Q3,7273.090909090909
32,Yes,Travel_Frequently,491,Research & Development,21,4,Technical Degree,1,1105,2,Male,79,3,3,Research Director,4,Married,11632,18614,3,Y,Yes,21,3,4,80,1,14,4,3,9,5,3,4,2016-05-21,2025-02-19,2025-12-31,1,26-34,6-10 years,Q4 High,15509.333333333334
44,No,Travel_Rarely,1242,Research & Development,6,4,Life Sciences,1,1107,2,Female,90,2,1,Research Scientist,3,Married,5521,24758,1,Y,No,11,4,3,80,1,12,3,2,6,2,1,2,2019-12-06,,2025-12-31,0,35-44,6-10 years,Q2,11042.0
27,Yes,Travel_Frequently,1192,Sales,10,3,Life Sciences,1,1109,1,Male,52,3,2,Sales Executive,1,Single,8961,5186,4,Y,Yes,15,3,4,80,1,23,1,3,17,8,2,12,2008-10-08,2023-11-20,2025-12-31,1,26-34,11+ years,Q4 High,6325.411764705882
39,No,Travel_Rarely,544,Research & Development,7,4,Marketing,1,1111,3,Male,59,2,1,Research Scientist,3,Married,3687,8853,2,Y,No,16,3,4,80,1,10,3,2,4,2,1,3,2021-10-02,,2025-12-31,0,35-44,4-5 years,Q1 Low,11061.0
48,No,Travel_Rarely,1217,Research & Development,8,4,Medical,1,1113,4,Male,54,1,2,Manufacturing Director,2,Divorced,8072,4562,0,Y,Yes,17,3,3,80,2,17,6,3,13,7,2,9,2012-10-23,,2025-12-31,0,45+,11+ years,Q3,7451.076923076923
32,No,Travel_Rarely,418,Research & Development,15,2,Technical Degree,1,1115,3,Male,59,3,4,Manager,3,Married,16143,20415,3,Y,No,12,3,2,80,2,23,5,4,12,4,1,9,2013-04-18,,2025-12-31,0,26-34,11+ years,Q4 High,16143.0
30,No,Travel_Rarely,1440,Sales,3,1,Life Sciences,1,1117,3,Male,68,3,2,Sales Executive,3,Married,7314,2111,2,Y,No,17,3,3,80,1,15,2,3,9,4,3,7,2016-02-25,,2025-12-31,0,26-34,6-10 years,Q3,9752.0
35,No,Travel_Rarely,392,Research & Development,2,1,Life Sciences,1,1119,3,Male,40,3,2,Manufacturing Director,1,Single,8738,21601,3,Y,No,12,3,4,80,2,20,4,4,17,12,0,12,2008-10-17,,2025-12-31,0,35-44,11+ years,Q3,6168.0
48,No,Travel_Rarely,865,Sales,17,3,Technical Degree,1,1121,1,Male,65,3,2,Sales Executive,3,Married,7801,15220,4,Y,No,11,3,4,80,2,10,0,3,10,8,2,8,2015-12-06,,2025-12-31,0,45+,6-10 years,Q3,9361.2
39,No,Travel_Rarely,615,Research & Development,5,2,Medical,1,1123,3,Male,81,3,1,Laboratory Technician,3,Married,5499,7907,2,Y,Yes,15,3,3,80,0,17,6,3,9,5,3,6,2016-05-13,,2025-12-31,0,35-44,6-10 years,Q2,7332.0
32,No,Travel_Rarely,1179,Research & Development,6,1,Medical,1,1125,3,Male,34,3,1,Laboratory Technician,4,Married,4363,26579,2,Y,Yes,16,3,4,80,3,12,4,3,11,9,0,7,2014-02-27,,2025-12-31,0,26-34,11+ years,Q1 Low,4759.636363636364
41,No,Travel_Rarely,1400,Research & Development,29,2,Life Sciences,1,1127,3,Male,43,3,4,Manager,3,Single,15559,8252,4,Y,No,23,3,2,80,0,21,2,3,15,7,6,10,2010-08-07,,2025-12-31,0,35-44,11+ years,Q4 High,12447.2
27,No,Travel_Rarely,669,Research & Development,14,2,Life Sciences,1,1129,4,Female,49,3,1,Laboratory Technician,1,Married,4440,5149,2,Y,No,17,4,2,80,0,3,0,3,1,0,0,1,2024-11-05,,2025-12-31,0,26-34,0-1 years,Q1 Low,53280.0
43,No,Travel_Frequently,861,Research & Development,4,4,Medical,1,1131,3,Female,49,3,1,Research Scientist,2,Divorced,7929,15840,1,Y,No,16,3,4,80,3,28,2,3,25,21,1,16,2000-08-14,,2025-12-31,0,35-44,11+ years,Q3,3805.92
41,No,Travel_Rarely,243,Research & Development,18,2,Life Sciences,1,1133,3,Male,73,1,1,Research Scientist,2,Single,7378,11954,2,Y,Yes,12,3,1,80,0,20,1,2,13,7,5,9,2012-08-24,,2025-12-31,0,35-44,11+ years,Q3,6810.461538461538
34,Yes,Travel_Rarely,408,Research & Development,15,3,Technical Degree,1,1135,4,Male,54,3,1,Research Scientist,1,Married,4836,3720,4,Y,No,12,4,2,80,1,14,3,1,10,6,2,3,2015-08-10,2023-07-02,2025-12-31,1,26-34,6-10 years,Q1 Low,5803.2
29,No,Travel_Rarely,117,Sales,1,3,Marketing,1,1137,4,Female,70,3,2,Sales Executive,3,Married,4635,23218,1,Y,No,16,3,3,80,3,4,5,4,1,1,0,1,2024-05-17,,2025-12-31,0,26-34,0-1 years,Q1 Low,55620.0
29,No,Travel_Rarely,924,Research & Development,9,3,Life Sciences,1,1139,3,Male,98,2,1,Research Scientist,4,Married,8448,20480,2,Y,No,13,3,3,80,0,28,2,1,19,11,8,9,2006-06-24,,2025-12-31,0,26-34,11+ years,Q3,5335.578947368421
42,No,Travel_Rarely,1474,Research & Development,3,1,Medical,1,1141,1,Female,31,3,2,Healthcare Representative,3,Single,8721,16815,9,Y,No,18,4,3,80,0,8,4,4,6,2,2,2,2019-10-11,,2025-12-31,0,35-44,6-10 years,Q3,17442.0
48,No,Non-Travel,1289,Sales,8,3,Medical,1,1143,3,Female,41,3,1,Sales Representative,3,Married,3457,13635,1,Y,Yes,12,3,2,80,1,5,3,3,3,3,1,2,2022-11-13,,2025-12-31,0,45+,2-3 years,Q1 Low,13828.0
31,No,Travel_Frequently,990,Research & Development,29,1,Life Sciences,1,1145,3,Male,57,2,1,Laboratory Technician,3,Married,6908,2521,3,Y,No,13,3,4,80,1,16,3,3,13,5,1,6,2012-01-28,,2025-12-31,0,26-34,11+ years,Q3,6376.615384615385
41,No,Travel_Rarely,1235,Research & Development,15,3,Life Sciences,1,1147,1,Male,73,2,1,Research Scientist,2,Divorced,4408,13164,4,Y,No,19,3,4,80,1,8,6,3,5,4,1,2,2020-02-05,,2025-12-31,0,35-44,4-5 years,Q1 Low,10579.2
18,No,Travel_Rarely,324,Sales,17,2,Life Sciences,1,1149,1,Female,42,3,4,Manager,4,Single,12912,4423,0,Y,Yes,20,3,3,80,2,3,4,3,0,0,0,0,2025-04-12,,2025-12-31,0,18-25,0-1 years,Q4 High,154944.0
32,No,Travel_Frequently,951,Sales,7,3,Medical,1,1151,1,Male,72,3,4,Manager,4,Married,16782,7242,2,Y,No,14,3,3,80,0,22,3,2,16,10,7,4,2009-06-06,,2025-12-31,0,26-34,11+ years,Q4 High,12586.5
37,No,Travel_Rarely,1197,Research & Development,17,3,Medical,1,1153,3,Male,84,3,1,Research Scientist,3,Married,3613,8731,1,Y,No,12,3,4,80,0,8,2,3,2,1,0,1,2023-09-15,,2025-12-31,0,35-44,2-3 years,Q1 Low,21678.0
29,No,Travel_Rarely,253,Sales,4,3,Medical,1,1155,3,Male,37,2,4,Manager,2,Divorced,14787,19018,2,Y,No,23,3,3,80,1,18,3,3,8,5,0,5,2017-12-01,,2025-12-31,0,26-34,6-10 years,Q4 High,22180.5
28,No,Travel_Rarely,209,Research & Development,9,3,Marketing,1,1157,2,Male,93,1,1,Laboratory Technician,4,Divorced,5225,11364,1,Y,No,18,3,2,80,1,12,2,2,10,8,4,8,2015-09-24,,2025-12-31,0,26-34,6-10 years,Q2,6270.0
31,No,Travel_Rarely,437,Research & Development,15,3,Marketing,1,1159,1,Female,41,3,1,Research Scientist,1,Single,4527,15312,1,Y,No,19,3,3,80,0,12,1,1,9,8,2,4,2016-07-13,,2025-12-31,0,26-34,6-10 years,Q1 Low,6036.0
40,No,Non-Travel,606,Research & Development,15,4,Medical,1,1161,3,Female,70,3,1,Laboratory Technician,4,Single,3663,26069,2,Y,Yes,13,3,2,80,0,6,4,2,5,2,1,3,2020-05-10,,2025-12-31,0,35-44,4-5 years,Q1 Low,8791.2
35,No,Travel_Rarely,272,Human Resources,2,2,Marketing,1,1163,2,Female,73,3,1,Human Resources,4,Single,4071,2366,3,Y,Yes,14,3,2,80,0,12,2,2,9,7,1,7,2016-08-29,,2025-12-31,0,35-44,6-10 years,Q1 Low,5428.0
18,Yes,Travel_Rarely,1117,Research & Development,28,4,Life Sciences,1,1165,2,Male,40,4,1,Research Scientist,1,Divorced,1393,8289,1,Y,Yes,11,3,3,80,2,4,3,2,1,0,0,0,2024-05-24,2023-04-17,2025-12-31,1,18-25,0-1 years,Q1 Low,16716.0
18,No,Travel_Rarely,1269,Research & Development,4,4,Technical Degree,1,1167,3,Male,48,3,3,Research Director,4,Divorced,10888,16948,2,Y,Yes,12,3,3,80,2,15,1,3,10,4,4,6,2015-06-23,,2025-12-31,0,18-25,6-10 years,Q4 High,13065.6
31,No,Travel_Frequently,898,Research & Development,29,3,Medical,1,1169,3,Male,89,2,2,Healthcare Representative,4,Married,6226,5783,2,Y,No,13,4,4,80,0,9,1,3,6,6,3,3,2019-06-26,,2025-12-31,0,26-34,6-10 years,Q2,12452.0
41,No,Travel_Frequently,498,Research & Development,15,2,Marketing,1,1171,2,Male,56,2,2,Manufacturing Director,4,Divorced,6981,8026,4,Y,No,13,3,4,80,0,15,2,3,12,8,2,7,2013-10-02,,2025-12-31,0,35-44,11+ years,Q3,6981.0
18,Yes,Travel_Rarely,201,Research & Development,14,3,Medical,1,1173,3,Male,56,3,1,Laboratory Technician,3,Married,4330,13076,2,Y,No,25,3,2,80,0,12,1,2,10,4,4,3,2015-04-20,2022-08-18,2025-12-31,1,18-25,6-10 years,Q1 Low,5196.0
32,Yes,Travel_Rarely,1088,Research & Development,4,1,Life Sciences,1,1175,2,Female,43,3,1,Laboratory Technician,2,Married,3042,5988,0,Y,Yes,14,3,4,80,3,5,3,3,2,1,0,2,2023-02-28,2023-04-18,2025-12-31,1,26-34,2-3 years,Q1 Low,18252.0
32,No,Travel_Rarely,1372,Research & Development,6,1,Medical,1,1177,3,Female,53,3,2,Manufacturing Director,3,Single,6725,14906,2,Y,No,17,3,1,80,2,9,0,3,7,4,3,2,2018-11-20,,2025-12-31,0,26-34,6-10 years,Q3,11528.57142857143
50,Yes,Travel_Frequently,584,Research & Development,26,2,Life Sciences,1,1179,2,Male,93,3,1,Laboratory Technician,3,Married,5263,12708,0,Y,No,21,3,3,80,1,10,4,3,3,2,0,2,2022-02-20,2023-04-17,2025-12-31,1,45+,2-3 years,Q2,21052.0
33,No,Travel_Frequently,1484,Research & Development,24,2,Medical,1,1181,1,Female,53,3,1,Research Scientist,2,Divorced,4539,22691,1,Y,No,13,4,4,80,0,11,6,3,9,7,3,3,2016-11-06,,2025-12-31,0,26-34,6-10 years,Q1 Low,6052.0
40,No,Travel_Rarely,273,Research & Development,7,3,Medical,1,1183,3,Male,31,1,1,Laboratory Technician,3,Married,5821,14552,1,Y,No,12,3,3,80,0,13,5,3,6,5,1,4,2019-09-30,,2025-12-31,0,35-44,6-10 years,Q2,11642.0
38,No,Travel_Rarely,1481,Research & Development,7,4,Marketing,1,1185,3,Male,81,2,2,Healthcare Representative,3,Single,7954,23761,0,Y,No,13,4,3,80,1,18,2,3,13,5,1,6,2012-08-15,,2025-12-31,0,35-44,11+ years,Q3,7342.153846153846
18,No,Travel_Rarely,1011,Research & Development,7,2,Medical,1,1187,1,Female,41,2,1,Laboratory Technician,1,Divorced,5284,13609,4,Y,Yes,21,3,3,80,2,14,4,3,9,4,4,4,2016-04-03,,2025-12-31,0,18-25,6-10 years,Q2,7045.333333333333
44,Yes,Travel_Rarely,1153,Sales,18,4,Medical,1,1189,1,Male,94,2,2,Sales Executive,2,Divorced,6279,3803,1,Y,No,17,4,4,80,0,8,0,2,6,2,1,2,2019-12-29,2022-01-16,2025-12-31,1,35-44,6-10 years,Q2,12558.0
39,No,Travel_Rarely,652,Research & Development,17,4,Life Sciences,1,1191,4,Female,89,3,2,Manufacturing Director,1,Married,9309,3234,5,Y,Yes,15,3,3,80,1,10,1,3,9,4,4,3,2016-05-01,,2025-12-31,0,35-44,6-10 years,Q4 High,12412.0
42,No,Travel_Rarely,166,Sales,11,4,Other,1,1193,3,Female,87,2,2,Sales Executive,4,Married,8033,15304,2,Y,No,19,4,4,80,0,11,2,3,5,5,0,4,2020-09-01,,2025-12-31,0,35-44,4-5 years,Q3,19279.2
60,No,Travel_Rarely,587,Research & Development,9,4,Technical Degree,1,1195,2,Male,71,2,1,Research Scientist,3,Single,6594,9250,2,Y,Yes,13,3,4,80,1,16,5,1,11,10,0,4,2014-03-28,,2025-12-31,0,45+,11+ years,Q2,7193.454545454545
18,No,Travel_Rarely,884,Research & Development,7,3,Marketing,1,1197,3,Female,30,3,1,Research Scientist,1,Married,6630,19145,2,Y,Yes,13,4,4,80,1,13,2,3,9,7,4,6,2016-09-11,,2025-12-31,0,18-25,6-10 years,Q3,8840.0
53,No,Travel_Rarely,1241,Research & Development,29,1,Life Sciences,1,1199,1,Male,51,3,1,Research Scientist,4,Divorced,4398,10540,4,Y,Yes,16,3,3,80,1,6,3,3,1,1,0,1,2024-04-29,,2025-12-31,0,45+,0-1 years,Q1 Low,52776.0
34,No,Travel_Rarely,940,Research & Development,2,3,Medical,1,1201,3,Male,42,3,2,Manufacturing Director,1,Divorced,12925,24715,1,Y,No,19,3,1,80,1,36,5,4,31,27,6,8,1994-01-10,,2025-12-31,0,26-34,11+ years,Q4 High,5003.225806451613
40,No,Travel_Rarely,820,Research & Development,6,3,Life Sciences,1,1203,1,Male,94,3,1,Laboratory Technician,3,Married,3740,25969,4,Y,No,13,3,2,80,1,12,2,2,8,3,0,2,2017-12-16,,2025-12-31,0,35-44,6-10 years,Q1 Low,5610.0
36,No,Travel_Rarely,1480,Research & Development,11,4,Medical,1,1205,2,Male,67,3,1,Research Scientist,4,Married,2339,25354,1,Y,No,12,3,3,80,0,8,1,2,6,3,2,5,2019-07-14,,2025-12-31,0,35-44,6-10 years,Q1 Low,4678.0
33,No,Travel_Rarely,347,Research & Development,2,5,Life Sciences,1,1207,1,Female,93,3,2,Healthcare Representative,4,Married,6290,2895,5,Y,No,15,3,4,80,0,12,1,3,8,4,1,5,2017-05-20,,2025-12-31,0,26-34,6-10 years,Q2,9435.0
32,No,Travel_Rarely,1218,Research & Development,5,3,Medical,1,1209,3,Male,81,2,2,Healthcare Representative,1,Divorced,6802,17943,1,Y,No,12,4,3,80,1,17,3,3,12,10,3,4,2013-05-26,,2025-12-31,0,26-34,11+ years,Q3,6802.0
40,No,Travel_Rarely,1437,Research & Development,29,3,Medical,1,1211,2,Female,61,2,2,Healthcare Representative,4,Married,6620,17237,2,Y,Yes,18,3,4,80,0,11,3,3,7,4,2,5,2018-06-07,,2025-12-31,0,35-44,6-10 years,Q3,11348.57142857143
23,No,Travel_Frequently,558,Research & Development,16,2,Life Sciences,1,1213,3,Male,56,3,1,Research Scientist,4,Married,5470,12143,0,Y,No,16,3,2,80,1,11,5,3,7,5,2,5,2018-05-04,,2025-12-31,0,18-25,6-10 years,Q2,9377.142857142857
44,Yes,Travel_Frequently,1225,Research & Development,5,1,Medical,1,1215,1,Male,90,3,1,Laboratory Technician,3,Married,2960,9451,2,Y,No,15,3,4,80,2,5,1,3,3,1,1,1,2022-12-24,2021-10-21,2025-12-31,1,35-44,2-3 years,Q1 Low,11840.0
33,No,Travel_Frequently,825,Research & Development,5,3,Technical Degree,1,1217,2,Female,91,3,4,Manager,3,Single,13679,2330,2,Y,No,20,3,3,80,2,7,2,3,5,4,1,3,2020-01-22,,2025-12-31,0,26-34,4-5 years,Q4 High,32829.6
27,No,Travel_Rarely,1105,Sales,2,3,Life Sciences,1,1219,3,Male,32,2,4,Manager,1,Married,14936,5551,3,Y,Yes,18,3,3,80,1,12,3,4,9,8,1,4,2016-09-03,,2025-12-31,0,26-34,6-10 years,Q4 High,19914.666666666668
33,No,Travel_Rarely,1254,Research & Development,6,4,Marketing,1,1221,2,Male,60,3,1,Research Scientist,3,Married,4938,16376,3,Y,Yes,12,4,4,80,0,13,0,3,8,4,1,2,2017-03-11,,2025-12-31,0,26-34,6-10 years,Q1 Low,7407.0
48,No,Travel_Rarely,475,Sales,13,3,Life Sciences,1,1223,3,Male,93,3,2,Sales Executive,3,Divorced,6486,16291,3,Y,No,14,3,2,80,2,6,5,4,5,4,1,2,2020-01-03,,2025-12-31,0,45+,4-5 years,Q2,15566.4
32,No,Travel_Rarely,993,Research & Development,11,4,Life Sciences,1,1225,2,Male,71,3,1,Laboratory Technician,4,Divorced,6350,15911,2,Y,No,13,3,1,80,2,13,2,2,10,5,1,7,2015-02-12,,2025-12-31,0,26-34,6-10 years,Q2,7620.0
40,No,Travel_Rarely,980,Research & Development,6,3,Life Sciences,1,1227,2,Male,87,2,2,Healthcare Representative,3,Divorced,6922,19306,5,Y,Yes,19,3,3,80,1,10,5,3,5,4,1,2,2020-01-28,,2025-12-31,0,35-44,4-5 years,Q3,16612.8
30,No,Travel_Rarely,579,Sales,4,4,Marketing,1,1229,3,Female,72,3,1,Sales Representative,3,Married,5404,19902,2,Y,No,18,3,3,80,0,11,2,3,10,6,4,5,2015-02-10,,2025-12-31,0,26-34,6-10 years,Q2,6484.8
44,No,Travel_Frequently,743,Sales,7,2,Life Sciences,1,1231,4,Male,61,3,1,Sales Representative,1,Married,6148,23812,3,Y,No,15,3,4,80,1,6,5,3,3,2,1,1,2022-09-15,,2025-12-31,0,35-44,2-3 years,Q2,24592.0
43,No,Travel_Rarely,1035,Research & Development,7,4,Technical Degree,1,1233,1,Male,59,3,1,Research Scientist,1,Single,6348,21834,2,Y,Yes,19,3,4,80,1,13,4,3,7,4,2,3,2018-02-13,,2025-12-31,0,35-44,6-10 years,Q2,10882.285714285714
54,No,Non-Travel,201,Research & Development,15,3,Medical,1,1235,1,Female,90,1,2,Manufacturing Director,1,Married,7347,7113,3,Y,Yes,14,3,1,80,1,7,3,3,6,2,2,2,2019-01-23,,2025-12-31,0,45+,6-10 years,Q3,14694.0
35,No,Travel_Frequently,156,Sales,10,2,Life Sciences,1,1237,3,Male,57,3,4,Manager,1,Divorced,17257,5338,5,Y,No,19,3,3,80,0,20,2,4,17,15,3,10,2008-12-05,,2025-12-31,0,35-44,11+ years,Q4 High,12181.411764705883
43,Yes,Travel_Rarely,1316,Sales,9,2,Medical,1,1239,4,Female,74,2,2,Sales Executive,3,Single,6335,16934,4,Y,No,11,3,3,80,0,10,2,3,6,6,2,1,2019-09-03,2021-06-11,2025-12-31,1,35-44,6-10 years,Q2,12670.0
38,No,Travel_Frequently,530,Research & Development,19,4,Life Sciences,1,1241,4,Male,39,2,2,Manufacturing Director,4,Married,7190,16997,5,Y,No,12,3,4,80,1,16,4,3,15,10,5,11,2010-04-05,,2025-12-31,0,35-44,11+ years,Q3,5752.0
49,No,Travel_Rarely,866,Research & Development,24,1,Marketing,1,1243,3,Male,45,3,4,Manager,3,Divorced,15828,26580,6,Y,No,18,4,4,80,1,16,3,2,9,4,3,3,2016-10-24,,2025-12-31,0,45+,6-10 years,Q4 High,21104.0
30,No,Travel_Frequently,563,Research & Development,11,3,Life Sciences,1,1245,3,Female,60,2,1,Research Scientist,3,Divorced,2978,17471,2,Y,No,12,3,4,80,1,8,5,2,4,3,0,2,2021-07-11,,2025-12-31,0,26-34,4-5 years,Q1 Low,8934.0
44,No,Travel_Rarely,261,Research & Development,11,3,Life Sciences,1,1247,3,Male,39,3,1,Laboratory Technician,3,Married,7068,10097,3,Y,No,17,3,3,80,1,16,1,4,15,9,5,7,2010-03-18,,2025-12-31,0,35-44,11+ years,Q3,5654.4
35,No,Travel_Frequently,131,Research & Development,8,3,Marketing,1,1249,3,Female,41,3,1,Research Scientist,2,Single,7918,8461,1,Y,No,18,3,1,80,1,21,3,3,13,7,4,9,2012-01-20,,2025-12-31,0,35-44,11+ years,Q3,7308.923076923077
36,No,Travel_Rarely,1295,Research & Development,4,4,Human Resources,1,1251,3,Male,57,2,2,Healthcare Representative,2,Married,6472,10238,1,Y,No,17,3,2,80,0,14,1,3,11,4,0,8,2014-06-09,,2025-12-31,0,35-44,11+ years,Q2,7060.363636363636
38,No,Non-Travel,1105,Research & Development,16,3,Life Sciences,1,1253,4,Male,47,3,1,Laboratory Technician,2,Married,3539,15604,2,Y,No,19,3,3,80,0,13,3,3,11,10,1,4,2014-05-25,,2025-12-31,0,35-44,11+ years,Q1 Low,3860.7272727272725
39,Yes,Travel_Rarely,196,Sales,14,3,Marketing,1,1255,3,Male,81,3,1,Sales Representative,4,Married,4338,23718,2,Y,No,15,3,4,80,1,14,4,1,9,7,3,6,2016-12-15,2022-09-27,2025-12-31,1,35-44,6-10 years,Q1 Low,5784.0
36,No,Travel_Rarely,238,Research & Development,8,5,Life Sciences,1,1257,3,Male,57,2,2,Healthcare Representative,1,Single,9109,26874,3,Y,No,21,3,3,80,0,15,5,3,12,10,3,4,2013-06-01,,2025-12-31,0,35-44,11+ years,Q4 High,9109.0
39,No,Travel_Frequently,391,Research & Development,10,4,Marketing,1,1259,3,Female,57,3,1,Laboratory Technician,1,Divorced,7390,26636,2,Y,No,16,3,4,80,1,25,6,3,14,9,5,4,2011-10-04,,2025-12-31,0,35-44,11+ years,Q3,6334.285714285715
51,No,Travel_Frequently,240,Sales,18,4,Medical,1,1261,3,Male,93,3,4,Manager,3,Single,14653,9141,3,Y,No,15,3,3,80,1,9,2,2,3,2,0,2,2022-11-10,,2025-12-31,0,45+,2-3 years,Q4 High,58612.0
46,No,Travel_Rarely,1436,Sales,20,3,Life Sciences,1,1263,3,Female,43,3,1,Sales Representative,4,Married,7069,12623,1,Y,No,15,3,4,80,1,19,4,2,16,11,0,5,2009-10-22,,2025-12-31,0,45+,11+ years,Q3,5301.75
45,Yes,Travel_Rarely,1079,Research & Development,1,2,Life Sciences,1,1265,3,Female,37,2,1,Research Scientist,3,Single,7250,21871,2,Y,Yes,21,3,1,80,2,21,0,3,18,10,1,6,2007-08-27,2023-05-26,2025-12-31,1,45+,11+ years,Q3,4833.333333333333
33,No,Travel_Rarely,297,Research & Development,5,3,Life Sciences,1,1267,1,Male,32,3,2,Manufacturing Director,4,Married,6466,14221,2,Y,No,13,3,1,80,0,9,3,3,3,3,1,1,2022-11-17,,2025-12-31,0,26-34,2-3 years,Q2,25864.0
29,Yes,Non-Travel,231,Research & Development,8,4,Life Sciences,1,1269,1,Male,38,1,2,Healthcare Representative,3,Divorced,8021,24142,5,Y,Yes,17,3,1,80,0,8,1,2,6,6,1,3,2019-11-28,2023-12-20,2025-12-31,1,26-34,6-10 years,Q3,16042.0
46,No,Travel_Frequently,464,Research & Development,3,1,Life Sciences,1,1271,3,Female,76,4,1,Research Scientist,3,Married,4910,16232,0,Y,No,13,4,4,80,0,13,2,3,10,9,4,8,2015-08-25,,2025-12-31,0,45+,6-10 years,Q1 Low,5892.0
45,No,Travel_Frequently,637,Research & Development,10,2,Medical,1,1273,4,Female,92,3,2,Healthcare Representative,4,Married,8992,20208,1,Y,No,11,4,1,80,1,21,2,3,14,11,5,5,2011-08-28,,2025-12-31,0,45+,11+ years,Q4 High,7707.428571428572
50,No,Travel_Rarely,1392,Research & Development,5,1,Other,1,1275,2,Male,69,3,2,Healthcare Representative,4,Married,6671,19139,1,Y,No,23,3,4,80,1,12,3,3,8,6,4,4,2017-07-20,,2025-12-31,0,45+,6-10 years,Q3,10006.5
31,No,Travel_Rarely,171,Research & Development,10,3,Life Sciences,1,1277,3,Male,53,3,1,Research Scientist,2,Single,5808,25494,1,Y,No,12,3,2,80,0,18,1,3,11,8,0,5,2014-05-06,,2025-12-31,0,26-34,11+ years,Q2,6336.0
35,No,Travel_Rarely,402,Research & Development,5,4,Medical,1,1279,2,Male,42,3,4,Manager,2,Married,13921,17759,2,Y,Yes,17,4,3,80,0,9,1,4,4,3,0,2,2021-05-22,,2025-12-31,0,35-44,4-5 years,Q4 High,41763.0
22,Yes,Travel_Frequently,480,Research & Development,5,1,Medical,1,1281,1,Female,35,3,1,Research Scientist,2,Single,7458,4224,4,Y,Yes,14,3,4,80,2,12,3,2,10,6,0,6,2015-03-10,2023-08-22,2025-12-31,1,18-25,6-10 years,Q3,8949.6
33,No,Travel_Rarely,1331,Research & Development,10,3,Technical Degree,1,1283,4,Male,80,3,1,Research Scientist,3,Married,5945,14380,1,Y,Yes,20,3,3,80,1,22,1,2,19,9,5,11,2006-10-07,,2025-12-31,0,26-34,11+ years,Q2,3754.7368421052633
46,Yes,Travel_Frequently,1293,Research & Development,16,4,Medical,1,1285,4,Female,89,3,1,Research Scientist,4,Married,6114,8419,0,Y,No,19,3,2,80,1,14,2,3,9,7,1,4,2016-01-23,2022-09-28,2025-12-31,1,45+,6-10 years,Q2,8152.0
33,No,Travel_Rarely,995,Research & Development,13,2,Medical,1,1287,1,Male,58,2,2,Healthcare Representative,2,Single,8094,2533,2,Y,No,12,3,2,80,3,20,4,3,13,12,4,10,2012-01-06,,2025-12-31,0,26-34,11+ years,Q3,7471.384615384615
43,No,Travel_Rarely,386,Research & Development,8,3,Medical,1,1289,3,Male,45,2,2,Manufacturing Director,2,Divorced,7687,20375,1,Y,No,15,4,4,80,2,10,1,3,5,3,0,1,2020-03-11,,2025-12-31,0,35-44,4-5 years,Q3,18448.8
35,No,Travel_Rarely,267,Sales,1,4,Life Sciences,1,1291,2,Male,93,3,2,Sales Executive,4,Divorced,7279,16518,2,Y,No,11,3,3,80,0,13,1,3,4,3,0,1,2021-09-02,,2025-12-31,0,35-44,4-5 years,Q3,21837.0
40,Yes,Travel_Rarely,314,Research & Development,5,4,Life Sciences,1,1293,4,Male,84,3,1,Laboratory Technician,3,Married,8220,2863,3,Y,No,14,4,3,80,1,26,3,3,24,12,5,20,2001-01-13,2021-07-15,2025-12-31,1,35-44,11+ years,Q3,4110.0
26,No,Travel_Rarely,1239,Sales,5,2,Life Sciences,1,1295,2,Male,58,2,1,Sales Representative,3,Married,4262,22891,2,Y,Yes,18,3,3,80,1,15,2,1,10,9,2,7,2015-01-16,,2025-12-31,0,26-34,6-10 years,Q1 Low,5114.4
38,No,Travel_Rarely,243,Sales,14,1,Life Sciences,1,1297,2,Male,84,1,2,Sales Executive,4,Married,7679,15960,2,Y,Yes,13,3,2,80,2,18,1,4,13,10,5,9,2012-03-16,,2025-12-31,0,35-44,11+ years,Q3,7088.307692307692
18,Yes,Travel_Rarely,1435,Research & Development,9,2,Medical,1,1299,3,Male,89,2,2,Healthcare Representative,3,Single,9305,5026,1,Y,No,19,3,2,80,0,23,1,2,17,12,6,10,2008-06-26,2024-05-23,2025-12-31,1,18-25,11+ years,Q4 High,6568.235294117647
35,No,Travel_Frequently,429,Research & Development,10,4,Life Sciences,1,1301,4,Male,70,3,2,Healthcare Representative,3,Single,5734,24345,0,Y,No,11,4,3,80,1,3,1,3,3,2,0,1,2022-09-10,,2025-12-31,0,35-44,2-3 years,Q2,22936.0
22,No,Travel_Rarely,1346,Research & Development,4,4,Medical,1,1303,2,Male,38,3,1,Laboratory Technician,1,Divorced,7343,13475,1,Y,No,11,3,4,80,1,26,2,2,21,18,8,13,2004-12-26,,2025-12-31,0,18-25,11+ years,Q3,4196.0
48,No,Travel_Rarely,335,Research & Development,21,3,Life Sciences,1,1305,3,Female,35,3,4,Manager,1,Divorced,14083,19592,1,Y,No,11,3,2,80,2,12,1,2,9,8,2,2,2016-06-30,,2025-12-31,0,45+,6-10 years,Q4 High,18777.333333333332
44,No,Travel_Rarely,568,Sales,10,3,Technical Degree,1,1307,1,Male,58,3,2,Sales Executive,3,Married,11377,15214,0,Y,No,13,3,4,80,2,26,4,2,23,20,5,16,2002-10-21,,2025-12-31,0,35-44,11+ years,Q4 High,5935.826086956522
41,No,Travel_Rarely,947,Research & Development,4,2,Technical Degree,1,1309,4,Male,47,3,4,Manager,3,Single,13192,19994,6,Y,Yes,15,3,4,80,1,7,1,4,4,2,0,2,2021-10-24,,2025-12-31,0,35-44,4-5 years,Q4 High,39576.0
51,No,Travel_Frequently,795,Research & Development,4,3,Life Sciences,1,1311,1,Male,53,4,2,Manufacturing Director,4,Divorced,8890,13434,4,Y,No,12,3,4,80,1,21,4,1,15,6,5,12,2010-03-12,,2025-12-31,0,45+,11+ years,Q4 High,7112.0
28,No,Travel_Rarely,1365,Research & Development,11,3,Life Sciences,1,1313,4,Female,80,2,1,Laboratory Technician,4,Divorced,5524,22711,2,Y,No,25,3,1,80,2,9,5,3,6,5,0,4,2019-09-21,,2025-12-31,0,26-34,6-10 years,Q2,11048.0
53,No,Travel_Frequently,1427,Research & Development,4,4,Medical,1,1315,3,Male,46,2,1,Research Scientist,4,Married,5068,19481,1,Y,No,25,4,2,80,1,10,3,3,7,6,1,2,2018-01-23,,2025-12-31,0,45+,6-10 years,Q2,8688.0
45,No,Travel_Rarely,669,Research & Development,5,3,Life Sciences,1,1317,3,Female,50,3,2,Healthcare Representative,2,Married,10075,18636,4,Y,No,15,3,4,80,2,21,5,3,16,9,1,8,2009-06-04,,2025-12-31,0,45+,11+ years,Q4 High,7556.25
35,No,Travel_Rarely,882,Research & Development,3,3,Life Sciences,1,1319,4,Female,91,3,1,Laboratory Technician,4,Married,3585,13144,0,Y,Yes,16,3,2,80,2,8,1,3,6,2,1,1,2019-09-07,,2025-12-31,0,35-44,6-10 years,Q1 Low,7170.0
47,No,Travel_Rarely,1067,Research & Development,14,2,Life Sciences,1,1321,4,Female,83,3,1,Research Scientist,3,Married,5534,2433,3,Y,No,22,3,1,80,2,11,5,4,9,5,3,6,2016-12-29,,2025-12-31,0,45+,6-10 years,Q2,7378.666666666667
27,No,Travel_Rarely,248,Human Resources,4,2,Technical Degree,1,1323,3,Male,40,3,1,Human Resources,3,Married,9553,20340,2,Y,Yes,18,3,4,80,0,30,3,3,28,16,11,15,1997-08-07,,2025-12-31,0,26-34,11+ years,Q4 High,4094.1428571428573
29,No,Travel_Rarely,675,Research & Development,23,2,Technical Degree,1,1325,1,Female,72,3,1,Laboratory Technician,4,Married,4146,21172,3,Y,No,12,3,2,80,0,12,3,3,9,7,3,4,2016-06-07,,2025-12-31,0,26-34,6-10 years,Q1 Low,5528.0
31,Yes,Travel_Frequently,568,Research & Development,12,1,Medical,1,1327,3,Male,37,2,1,Laboratory Technician,1,Single,4440,11414,1,Y,No,19,4,3,80,0,9,4,3,6,2,2,5,2019-03-21,2023-06-25,2025-12-31,1,26-34,6-10 years,Q1 Low,8880.0
32,No,Travel_Rarely,234,Research & Development,3,3,Medical,1,1329,3,Male,52,1,2,Manufacturing Director,1,Married,6621,2083,4,Y,No,13,3,3,80,1,13,2,4,6,3,2,5,2019-03-06,,2025-12-31,0,26-34,6-10 years,Q3,13242.0
27,No,Travel_Rarely,919,Research & Development,13,1,Technical Degree,1,1331,3,Female,82,3,2,Healthcare Representative,4,Married,6290,7776,1,Y,No,14,4,4,80,0,6,3,4,2,2,0,2,2023-10-04,,2025-12-31,0,26-34,2-3 years,Q2,37740.0
48,No,Travel_Rarely,118,Research & Development,21,2,Technical Degree,1,1333,3,Male,69,3,1,Research Scientist,3,Married,3669,5045,2,Y,Yes,15,3,2,80,0,10,2,3,7,3,2,2,2018-11-14,,2025-12-31,0,45+,6-10 years,Q1 Low,6289.714285714285
35,No,Travel_Rarely,992,Research & Development,8,4,Human Resources,1,1335,1,Female,38,3,2,Manufacturing Director,2,Divorced,6980,26792,1,Y,Yes,18,3,4,80,0,13,4,3,10,8,2,7,2015-01-14,,2025-12-31,0,35-44,6-10 years,Q3,8376.0
40,Yes,Travel_Rarely,697,Research & Development,23,3,Life Sciences,1,1337,3,Male,53,3,1,Research Scientist,3,Divorced,3486,9628,5,Y,Yes,12,3,3,80,2,11,3,3,7,4,2,6,2018-06-15,2022-07-10,2025-12-31,1,35-44,6-10 years,Q1 Low,5976.0
32,No,Travel_Rarely,785,Research & Development,12,3,Life Sciences,1,1339,3,Female,31,3,2,Healthcare Representative,4,Single,7065,23740,3,Y,No,11,3,3,80,1,15,1,3,11,8,3,6,2014-08-01,,2025-12-31,0,26-34,11+ years,Q3,7707.272727272727
20,Yes,Travel_Rarely,649,Research & Development,5,4,Medical,1,1341,1,Male,99,3,2,Healthcare Representative,3,Married,12417,6015,5,Y,Yes,20,3,2,80,0,37,3,2,34,13,11,12,1991-10-07,2022-01-31,2025-12-31,1,18-25,11+ years,Q4 High,4382.470588235294
39,No,Travel_Rarely,240,Sales,29,3,Medical,1,1343,3,Male,33,2,1,Sales Representative,3,Divorced,6947,4558,4,Y,Yes,19,3,2,80,0,16,4,2,15,8,1,11,2010-10-18,,2025-12-31,0,35-44,11+ years,Q3,5557.6
19,No,Travel_Rarely,1423,Research & Development,2,4,Life Sciences,1,1345,3,Male,90,2,2,Manufacturing Director,1,Married,7548,12497,0,Y,No,15,3,3,80,0,13,0,3,9,5,3,7,2016-07-04,,2025-12-31,0,18-25,6-10 years,Q3,10064.0
36,No,Travel_Frequently,505,Research & Development,6,1,Life Sciences,1,1347,3,Female,93,2,1,Research Scientist,2,Married,6080,4276,4,Y,Yes,17,3,3,80,2,13,3,3,13,11,1,9,2012-02-25,,2025-12-31,0,35-44,11+ years,Q2,5612.307692307692
24,No,Travel_Rarely,599,Research & Development,8,4,Technical Degree,1,1349,1,Male,65,3,1,Laboratory Technician,4,Married,5161,6393,4,Y,No,18,4,4,80,2,18,2,2,14,10,0,5,2011-07-21,,2025-12-31,0,18-25,11+ years,Q2,4423.714285714285
55,No,Travel_Rarely,134,Human Resources,29,4,Technical Degree,1,1351,3,Male,70,2,4,Manager,3,Married,13525,21049,2,Y,No,15,3,3,80,1,7,3,3,1,0,0,0,2024-06-29,,2025-12-31,0,45+,0-1 years,Q4 High,162300.0
45,No,Non-Travel,1490,Research & Development,14,4,Life Sciences,1,1353,2,Male,67,3,1,Laboratory Technician,3,Married,8806,18888,5,Y,No,13,3,3,80,1,21,1,3,20,17,5,12,2005-02-12,,2025-12-31,0,45+,11+ years,Q3,5283.6
38,No,Travel_Rarely,755,Research & Development,13,2,Technical Degree,1,1355,3,Female,44,3,1,Research Scientist,3,Divorced,5416,23130,1,Y,Yes,15,3,3,80,1,13,1,4,9,3,0,5,2016-02-08,,2025-12-31,0,35-44,6-10 years,Q2,7221.333333333333
48,No,Travel_Rarely,755,Human Resources,4,3,Medical,1,1357,3,Male,77,3,1,Human Resources,4,Single,6250,22219,0,Y,No,23,3,4,80,0,11,4,3,10,9,2,6,2015-07-15,,2025-12-31,0,45+,6-10 years,Q2,7500.0
29,No,Travel_Rarely,457,Sales,8,2,Marketing,1,1359,3,Male,59,2,4,Manager,3,Married,12700,11976,3,Y,No,20,3,3,80,0,6,3,3,1,0,0,0,2024-08-16,,2025-12-31,0,26-34,0-1 years,Q4 High,152400.0
42,No,Travel_Rarely,123,Sales,5,3,Medical,1,1361,1,Male,92,2,2,Sales Executive,4,Divorced,7819,8583,2,Y,No,15,4,2,80,1,14,5,3,11,7,0,3,2014-01-11,,2025-12-31,0,35-44,11+ years,Q3,8529.818181818182
39,No,Travel_Rarely,1081,Research & Development,12,4,Life Sciences,1,1363,3,Male,54,3,1,Research Scientist,2,Married,5634,11800,2,Y,No,13,3,4,80,2,14,2,3,9,4,3,4,2016-06-07,,2025-12-31,0,35-44,6-10 years,Q2,7512.0
39,Yes,Non-Travel,533,Research & Development,19,3,Medical,1,1365,4,Male,33,2,2,Manufacturing Director,1,Married,6041,19324,3,Y,No,21,3,3,80,1,11,3,3,5,3,0,2,2020-03-04,2024-02-18,2025-12-31,1,35-44,4-5 years,Q2,14498.4
48,No,Travel_Frequently,314,Sales,29,3,Medical,1,1367,1,Male,47,2,4,Manager,4,Single,14431,6257,2,Y,No,17,3,3,80,0,10,2,4,6,4,2,4,2019-05-28,,2025-12-31,0,45+,6-10 years,Q4 High,28862.0
44,No,Travel_Frequently,463,Sales,6,3,Medical,1,1369,4,Female,74,2,2,Sales Executive,4,Single,7128,24521,4,Y,No,14,3,3,80,2,12,1,3,5,3,1,2,2020-06-26,,2025-12-31,0,35-44,4-5 years,Q3,17107.2
40,No,Travel_Rarely,566,Research & Development,2,3,Life Sciences,1,1371,3,Male,94,2,1,Research Scientist,4,Married,4169,6702,1,Y,Yes,12,3,4,80,1,8,3,3,6,2,1,4,2019-03-25,,2025-12-31,0,35-44,6-10 years,Q1 Low,8338.0
22,Yes,Travel_Rarely,924,Research & Development,7,4,Other,1,1373,3,Male,94,2,1,Research Scientist,4,Married,4150,6953,2,Y,Yes,18,3,2,80,2,14,1,2,9,8,4,6,2016-09-11,2022-02-26,2025-12-31,1,18-25,6-10 years,Q1 Low,5533.333333333333
28,No,Travel_Rarely,335,Research & Development,17,4,Life Sciences,1,1375,2,Male,56,3,1,Research Scientist,4,Single,5075,3912,3,Y,Yes,13,4,1,80,0,16,2,2,12,10,4,4,2013-12-15,,2025-12-31,0,26-34,11+ years,Q2,5075.0
36,No,Travel_Frequently,1246,Sales,4,1,Life Sciences,1,1377,2,Female,89,3,2,Sales Executive,3,Single,8240,18356,4,Y,No,16,3,4,80,0,20,3,3,17,12,6,14,2008-10-09,,2025-12-31,0,35-44,11+ years,Q3,5816.470588235294
38,No,Non-Travel,667,Research & Development,8,3,Medical,1,1379,4,Female,88,3,2,Manufacturing Director,4,Single,8220,11963,3,Y,No,16,3,1,80,0,14,3,4,10,7,1,7,2015-02-12,,2025-12-31,0,35-44,6-10 years,Q3,9864.0
27,No,Travel_Rarely,697,Research & Development,13,2,Medical,1,1381,2,Female,54,2,2,Manufacturing Director,3,Married,8116,14307,0,Y,No,17,3,4,80,2,14,2,3,8,6,0,5,2017-03-12,,2025-12-31,0,26-34,6-10 years,Q3,12174.0
59,No,Non-Travel,564,Research & Development,6,3,Medical,1,1383,1,Male,63,3,1,Laboratory Technician,1,Married,6111,25623,2,Y,No,15,3,1,80,0,19,4,4,14,6,4,11,2011-01-18,,2025-12-31,0,45+,11+ years,Q2,5238.0
51,No,Travel_Rarely,1201,Research & Development,10,4,Marketing,1,1385,3,Male,79,3,1,Research Scientist,3,Married,7369,25109,5,Y,Yes,17,3,2,80,1,11,1,3,7,6,1,3,2018-04-16,,2025-12-31,0,45+,6-10 years,Q3,12632.57142857143
42,No,Travel_Rarely,703,Research & Development,4,4,Medical,1,1387,1,Male,84,1,2,Healthcare Representative,4,Married,6687,2401,2,Y,No,11,3,1,80,0,8,2,2,7,4,3,3,2018-12-04,,2025-12-31,0,35-44,6-10 years,Q3,11463.42857142857
38,No,Travel_Rarely,1456,Research & Development,20,3,Medical,1,1389,3,Male,39,3,1,Laboratory Technician,2,Divorced,4042,15755,2,Y,Yes,17,3,3,80,1,11,4,3,7,5,1,2,2018-11-10,,2025-12-31,0,35-44,6-10 years,Q1 Low,6929.142857142857
35,No,Travel_Rarely,1371,Research & Development,7,2,Medical,1,1391,3,Male,87,2,4,Manager,4,Single,14378,21828,2,Y,No,12,3,3,80,0,7,1,3,3,2,1,1,2022-07-11,,2025-12-31,0,35-44,2-3 years,Q4 High,57512.0
28,No,Travel_Rarely,1460,Research & Development,10,2,Life Sciences,1,1393,4,Female,32,3,1,Laboratory Technician,1,Married,5999,11752,4,Y,Yes,14,3,1,80,0,16,3,3,11,8,3,6,2014-04-29,,2025-12-31,0,26-34,11+ years,Q2,6544.363636363636
38,No,Travel_Rarely,172,Research & Development,1,3,Medical,1,1395,3,Female,85,3,1,Research Scientist,2,Single,5753,17643,3,Y,No,15,3,2,80,0,14,4,2,9,8,3,5,2016-12-24,,2025-12-31,0,35-44,6-10 years,Q2,7670.666666666667
39,No,Travel_Rarely,929,Research & Development,3,2,Technical Degree,1,1397,1,Female,56,3,2,Manufacturing Director,2,Single,8069,11705,4,Y,No,17,3,4,80,0,12,4,4,6,3,1,1,2019-04-03,,2025-12-31,0,35-44,6-10 years,Q3,16138.0
26,No,Travel_Rarely,843,Research & Development,17,3,Life Sciences,1,1399,2,Male,45,2,1,Research Scientist,1,Married,3251,5347,1,Y,No,18,3,3,80,0,8,3,3,5,4,2,1,2020-04-12,,2025-12-31,0,26-34,4-5 years,Q1 Low,7802.4
40,No,Travel_Rarely,333,Research & Development,6,1,Life Sciences,1,1401,3,Female,67,3,2,Manufacturing Director,1,Divorced,7676,19733,1,Y,No,18,3,4,80,0,15,2,3,7,5,2,3,2018-08-21,,2025-12-31,0,35-44,6-10 years,Q3,13158.857142857143
35,No,Non-Travel,1311,Research & Development,4,3,Technical Degree,1,1403,2,Male,82,2,1,Research Scientist,2,Divorced,3406,16884,6,Y,No,11,4,4,80,1,12,3,3,7,3,3,2,2018-11-03,,2025-12-31,0,35-44,6-10 years,Q1 Low,5838.857142857143
20,Yes,Travel_Rarely,1400,Research & Development,2,2,Life Sciences,1,1405,4,Male,97,3,1,Research Scientist,4,Single,7159,21471,2,Y,No,14,3,4,80,0,20,1,2,15,9,4,10,2010-12-22,2022-05-14,2025-12-31,1,18-25,11+ years,Q3,5727.2
29,No,Travel_Rarely,518,Research & Development,19,4,Medical,1,1407,3,Female,52,3,2,Healthcare Representative,1,Married,7851,24434,2,Y,No,13,4,4,80,0,9,0,3,6,5,2,4,2019-04-20,,2025-12-31,0,26-34,6-10 years,Q3,15702.0
33,Yes,Travel_Rarely,522,Research & Development,14,4,Other,1,1409,1,Male,85,1,1,Research Scientist,2,Single,5134,4230,2,Y,Yes,14,3,2,80,1,8,4,4,5,3,0,2,2020-03-07,2022-08-06,2025-12-31,1,26-34,4-5 years,Q2,12321.6
54,No,Travel_Rarely,124,Human Resources,13,3,Life Sciences,1,1411,4,Male,82,3,4,Manager,1,Single,17883,23347,2,Y,No,17,3,4,80,0,25,2,3,21,13,8,5,2004-04-05,,2025-12-31,0,45+,11+ years,Q4 High,10218.857142857143
42,No,Travel_Frequently,1310,Research & Development,25,1,Life Sciences,1,1413,1,Male,96,3,1,Research Scientist,4,Married,5694,3791,1,Y,Yes,12,3,4,80,2,10,1,3,7,5,2,2,2018-12-08,,2025-12-31,0,35-44,6-10 years,Q2,9761.142857142857
25,No,Travel_Rarely,454,Sales,6,3,Technical Degree,1,1415,1,Female,48,3,1,Sales Representative,3,Married,4886,25744,4,Y,No,15,3,4,80,1,10,0,3,8,6,2,5,2017-11-25,,2025-12-31,0,18-25,6-10 years,Q1 Low,7329.0
41,No,Travel_Frequently,1257,Research & Development,2,2,Technical Degree,1,1417,3,Female,33,2,2,Manufacturing Director,3,Divorced,10800,25565,1,Y,No,21,3,1,80,3,20,1,3,17,15,1,14,2008-05-04,,2025-12-31,0,35-44,11+ years,Q4 High,7623.529411764706
23,No,Travel_Rarely,1254,Sales,9,3,Medical,1,1419,4,Male,58,3,1,Sales Representative,2,Married,5087,6119,4,Y,No,18,3,4,80,0,17,3,3,11,5,4,5,2014-08-06,,2025-12-31,0,18-25,11+ years,Q2,5549.454545454545
47,No,Travel_Rarely,211,Sales,28,4,Medical,1,1421,3,Female,74,4,2,Sales Executive,2,Single,7594,17954,7,Y,No,18,3,4,80,0,13,4,2,9,6,1,6,2016-06-09,,2025-12-31,0,45+,6-10 years,Q3,10125.333333333334
33,No,Travel_Rarely,740,Research & Development,9,3,Marketing,1,1423,2,Male,50,3,1,Research Scientist,4,Single,7660,25333,3,Y,No,20,3,4,80,1,24,2,3,19,11,2,15,2006-08-06,,2025-12-31,0,26-34,11+ years,Q3,4837.894736842105
36,No,Travel_Rarely,676,Research & Development,18,3,Marketing,1,1425,2,Male,83,3,1,Research Scientist,4,Married,3324,12475,3,Y,No,14,3,1,80,0,14,2,3,6,3,0,1,2019-09-09,,2025-12-31,0,35-44,6-10 years,Q1 Low,6648.0
49,No,Travel_Rarely,125,Research & Development,2,3,Life Sciences,1,1427,2,Female,81,3,1,Research Scientist,1,Married,5542,11992,3,Y,No,18,3,2,80,1,13,1,1,11,10,0,9,2014-06-17,,2025-12-31,0,45+,11+ years,Q2,6045.818181818182
25,No,Travel_Rarely,629,Research & Development,4,4,Life Sciences,1,1429,2,Female,47,3,2,Manufacturing Director,3,Divorced,6849,18115,3,Y,No,11,4,4,80,1,14,6,2,6,2,2,3,2019-07-06,,2025-12-31,0,18-25,6-10 years,Q3,13698.0
24,No,Travel_Rarely,1031,Sales,16,4,Medical,1,1431,2,Female,46,2,4,Manager,2,Married,15397,22734,2,Y,No,11,4,3,80,1,23,1,2,17,7,2,14,2008-03-30,,2025-12-31,0,18-25,11+ years,Q4 High,10868.470588235294
32,No,Travel_Rarely,1039,Sales,10,3,Technical Degree,1,1433,3,Male,73,3,4,Manager,1,Single,15049,14664,4,Y,No,13,3,3,80,2,16,2,3,9,7,1,5,2016-07-13,,2025-12-31,0,26-34,6-10 years,Q4 High,20065.333333333332
46,No,Non-Travel,1153,Human Resources,8,2,Technical Degree,1,1435,4,Female,53,3,4,Manager,4,Single,13855,6044,2,Y,No,12,3,4,80,0,4,3,3,1,1,0,0,2024-07-30,,2025-12-31,0,45+,0-1 years,Q4 High,166260.0
23,No,Travel_Rarely,689,Research & Development,18,3,Human Resources,1,1437,2,Female,35,4,2,Manufacturing Director,3,Single,7618,9474,2,Y,No,15,3,1,80,1,7,6,2,6,5,1,5,2019-01-12,,2025-12-31,0,18-25,6-10 years,Q3,15236.0
18,No,Travel_Rarely,860,Sales,16,2,Technical Degree,1,1439,1,Female,56,3,4,Manager,2,Divorced,14942,3341,3,Y,No,12,4,3,80,0,23,2,2,16,14,4,6,2009-02-20,,2025-12-31,0,18-25,11+ years,Q4 High,11206.5
33,No,Travel_Rarely,1410,Sales,10,3,Medical,1,1441,4,Male,76,2,2,Sales Executive,2,Single,7047,21198,2,Y,No,24,3,2,80,1,5,3,3,2,1,0,2,2023-09-09,,2025-12-31,0,26-34,2-3 years,Q3,42282.0
42,No,Travel_Rarely,263,Research & Development,1,3,Medical,1,1443,3,Female,75,3,2,Healthcare Representative,4,Married,5281,13508,2,Y,No,20,3,2,80,0,9,1,2,6,3,1,2,2019-03-06,,2025-12-31,0,35-44,6-10 years,Q2,10562.0
48,Yes,Travel_Rarely,434,Research & Development,8,1,Marketing,1,1445,4,Male,64,3,2,Manufacturing Director,4,Divorced,5544,26329,1,Y,Yes,25,3,2,80,1,4,1,3,2,1,0,1,2023-08-13,2021-11-18,2025-12-31,1,45+,2-3 years,Q2,33264.0
33,No,Travel_Frequently,513,Sales,12,2,Marketing,1,1447,1,Male,86,2,1,Sales Representative,4,Single,5372,26997,0,Y,Yes,19,4,2,80,1,6,1,4,2,1,1,1,2023-03-29,,2025-12-31,0,26-34,2-3 years,Q2,32232.0
33,No,Non-Travel,689,Research & Development,1,3,Medical,1,1449,1,Male,41,3,1,Research Scientist,3,Married,4114,10322,1,Y,No,23,3,1,80,3,7,4,3,4,2,0,3,2021-12-17,,2025-12-31,0,26-34,4-5 years,Q1 Low,12342.0
47,Yes,Travel_Rarely,722,Sales,11,4,Life Sciences,1,1451,3,Male,58,3,2,Sales Executive,3,Married,7164,15231,1,Y,No,14,3,3,80,1,12,6,3,10,9,4,3,2015-08-09,2025-03-13,2025-12-31,1,45+,6-10 years,Q3,8596.8
20,Yes,Travel_Rarely,1466,Research & Development,19,3,Technical Degree,1,1453,3,Male,86,2,1,Laboratory Technician,2,Divorced,2334,7544,5,Y,No,15,3,4,80,0,9,5,3,3,2,0,1,2022-04-15,2023-08-27,2025-12-31,1,18-25,2-3 years,Q1 Low,9336.0
33,No,Travel_Rarely,382,Sales,8,3,Medical,1,1455,3,Female,99,1,4,Manager,1,Married,17575,25696,1,Y,No,13,4,3,80,1,30,3,1,26,9,8,16,1999-12-10,,2025-12-31,0,26-34,11+ years,Q4 High,8111.538461538462
39,No,Travel_Rarely,463,Research & Development,3,3,Life Sciences,1,1457,3,Male,84,3,1,Laboratory Technician,3,Single,4753,17702,0,Y,Yes,17,4,2,80,1,13,2,3,11,10,2,9,2014-04-19,,2025-12-31,0,35-44,11+ years,Q1 Low,5185.090909090909
41,No,Travel_Rarely,353,Research & Development,1,3,Medical,1,1459,1,Female,66,3,1,Laboratory Technician,3,Single,6072,6314,2,Y,Yes,19,3,1,80,1,11,4,3,9,4,1,4,2016-09-11,,2025-12-31,0,35-44,6-10 years,Q2,8096.0
32,No,Travel_Rarely,1021,Research & Development,11,3,Medical,1,1461,3,Male,99,1,4,Manager,2,Married,14133,11800,3,Y,No,15,3,4,80,0,10,4,2,3,2,1,1,2022-12-25,,2025-12-31,0,26-34,2-3 years,Q4 High,56532.0
37,Yes,Travel_Rarely,270,Sales,2,3,Life Sciences,1,1463,3,Male,82,3,2,Sales Executive,4,Single,7156,10388,5,Y,No,13,3,4,80,0,5,1,3,2,1,1,1,2023-03-04,2023-11-01,2025-12-31,1,35-44,2-3 years,Q3,42936.0
18,Yes,Travel_Rarely,302,Sales,13,1,Marketing,1,1465,2,Male,43,3,2,Sales Executive,1,Married,6057,25122,0,Y,Yes,15,3,2,80,0,14,4,3,7,3,1,3,2018-04-23,2025-04-22,2025-12-31,1,18-25,6-10 years,Q2,10383.42857142857
31,No,Travel_Rarely,585,Research & Development,27,3,Life Sciences,1,1467,3,Male,50,3,1,Research Scientist,2,Married,6331,7980,1,Y,Yes,11,4,2,80,0,26,2,2,23,19,5,17,2002-10-15,,2025-12-31,0,26-34,11+ years,Q2,3303.1304347826085
41,Yes,Travel_Rarely,379,Research & Development,5,2,Life Sciences,1,1469,3,Male,43,4,2,Manufacturing Director,1,Single,7050,25310,0,Y,No,18,3,3,80,1,6,5,3,3,2,0,1,2022-12-17,2022-11-01,2025-12-31,1,35-44,2-3 years,Q3,28200.0
28,No,Travel_Rarely,503,Sales,7,3,Life Sciences,1,1471,2,Male,82,3,4,Manager,3,Married,13302,6713,0,Y,No,15,3,4,80,1,2,4,3,2,1,1,1,2023-03-05,,2025-12-31,0,26-34,2-3 years,Q4 High,79812.0
37,No,Travel_Rarely,1131,Research & Development,28,4,Marketing,1,1473,2,Male,96,3,1,Research Scientist,1,Single,5739,20019,1,Y,No,21,3,3,80,0,21,3,3,15,9,6,8,2010-03-24,,2025-12-31,0,35-44,11+ years,Q2,4591.2
41,No,Travel_Frequently,897,Sales,9,2,Human Resources,1,1475,2,Male,77,1,4,Manager,2,Divorced,17311,12935,2,Y,No,22,3,3,80,1,17,1,3,15,6,3,5,2010-10-01,,2025-12-31,0,35-44,11+ years,Q4 High,13848.8
34,No,Travel_Rarely,117,Research & Development,6,3,Marketing,1,1477,1,Male,85,3,1,Research Scientist,3,Single,6479,15131,0,Y,Yes,12,4,4,80,0,12,1,3,10,8,3,5,2015-09-04,,2025-12-31,0,26-34,6-10 years,Q2,7774.8
38,No,Travel_Frequently,1245,Research & Development,17,3,Human Resources,1,1479,3,Male,68,3,3,Research Director,3,Married,11721,15389,4,Y,Yes,25,3,4,80,0,10,5,3,5,4,1,4,2020-05-21,,2025-12-31,0,35-44,4-5 years,Q4 High,28130.4
28,Yes,Travel_Rarely,1249,Research & Development,6,4,Life Sciences,1,1481,4,Male,70,2,2,Manufacturing Director,3,Married,7112,15966,2,Y,No,23,3,1,80,1,15,1,2,11,4,4,5,2014-12-06,2023-12-15,2025-12-31,1,26-34,11+ years,Q3,7758.545454545455
35,Yes,Travel_Rarely,694,Research & Development,4,3,Life Sciences,1,1483,2,Female,77,3,2,Healthcare Representative,2,Single,7271,3394,1,Y,Yes,17,3,4,80,1,7,5,3,2,1,0,1,2023-10-18,2024-10-14,2025-12-31,1,35-44,2-3 years,Q3,43626.0
42,No,Travel_Rarely,588,Sales,13,4,Medical,1,1485,1,Female,57,2,2,Sales Executive,3,Divorced,8161,20820,1,Y,No,19,3,3,80,1,13,3,3,9,6,2,2,2016-02-14,,2025-12-31,0,35-44,6-10 years,Q3,10881.333333333334
38,Yes,Travel_Rarely,531,Research & Development,18,4,Life Sciences,1,1487,4,Female,31,3,4,Manager,3,Divorced,12950,3835,4,Y,No,11,3,4,80,1,9,3,3,2,1,0,1,2023-09-05,2023-07-03,2025-12-31,1,35-44,2-3 years,Q4 High,77700.0
32,No,Non-Travel,287,Research & Development,4,3,Marketing,1,1489,2,Male,51,3,2,Manufacturing Director,2,Divorced,8529,12754,5,Y,No,24,4,3,80,0,10,5,4,8,6,3,3,2017-07-16,,2025-12-31,0,26-34,6-10 years,Q3,12793.5
39,No,Travel_Rarely,1277,Sales,10,3,Medical,1,1491,1,Female,90,3,2,Sales Executive,4,Married,8508,10238,1,Y,No,15,3,3,80,0,20,4,3,16,12,6,13,2009-12-02,,2025-12-31,0,35-44,11+ years,Q3,6381.0
43,No,Travel_Rarely,223,Research & Development,7,3,Human Resources,1,1493,2,Female,65,2,2,Healthcare Representative,3,Married,10560,23661,3,Y,No,21,4,4,80,1,26,3,3,24,22,9,14,2001-04-20,,2025-12-31,0,35-44,11+ years,Q4 High,5280.0
18,No,Travel_Rarely,1432,Research & Development,8,4,Life Sciences,1,1495,3,Female,95,2,1,Research Scientist,2,Single,4783,9947,0,Y,No,14,3,3,80,0,11,2,3,5,3,1,2,2020-03-03,,2025-12-31,0,18-25,4-5 years,Q1 Low,11479.2
47,No,Non-Travel,706,Sales,3,1,Medical,1,1497,2,Male,78,4,4,Manager,4,Married,14851,24949,3,Y,Yes,19,4,1,80,1,20,2,2,10,7,1,6,2015-06-30,,2025-12-31,0,45+,6-10 years,Q4 High,17821.2
34,No,Travel_Rarely,221,Research & Development,14,2,Medical,1,1499,3,Female,32,3,1,Research Scientist,4,Married,3696,19435,1,Y,Yes,14,3,3,80,0,3,2,3,1,1,0,0,2024-11-11,,2025-12-31,0,26-34,0-1 years,Q1 Low,44352.0
41,No,Non-Travel,973,Research & Development,23,3,Life Sciences,1,1501,2,Female,52,3,2,Manufacturing Director,4,Divorced,6466,7296,3,Y,No,14,3,3,80,1,8,5,3,5,4,2,4,2020-12-24,,2025-12-31,0,35-44,4-5 years,Q2,15518.4
48,No,Non-Travel,1194,Sales,4,3,Medical,1,1503,1,Male,88,2,1,Sales Representative,4,Married,6116,16422,2,Y,No,22,3,2,80,1,19,3,4,12,7,5,6,2013-08-24,,2025-12-31,0,45+,11+ years,Q2,6116.0
24,No,Travel_Rarely,1004,Research & Development,14,3,Medical,1,1505,2,Female,57,2,1,Research Scientist,2,Married,6262,10878,1,Y,No,17,4,4,80,1,15,0,3,14,10,2,4,2011-06-27,,2025-12-31,0,18-25,11+ years,Q2,5367.428571428572
30,No,Travel_Frequently,203,Research & Development,17,3,Medical,1,1507,3,Male,62,3,1,Research Scientist,2,Married,4827,25246,2,Y,Yes,20,3,2,80,2,23,1,4,12,9,3,7,2013-12-19,,2025-12-31,0,26-34,11+ years,Q1 Low,4827.0
34,No,Non-Travel,765,Research & Development,10,2,Life Sciences,1,1509,3,Male,97,3,1,Research Scientist,3,Divorced,4397,11802,4,Y,No,16,3,3,80,0,9,2,3,5,4,2,3,2020-06-29,,2025-12-31,0,26-34,4-5 years,Q1 Low,10552.8
30,No,Travel_Rarely,1494,Sales,13,3,Life Sciences,1,1511,1,Male,40,2,2,Sales Executive,4,Single,6057,4909,3,Y,No,21,4,1,80,0,8,4,2,4,2,0,3,2021-07-02,,2025-12-31,0,26-34,4-5 years,Q2,18171.0
53,No,Travel_Rarely,772,Research & Development,5,3,Medical,1,1513,1,Female,37,3,1,Research Scientist,3,Single,3414,2757,2,Y,No,18,3,3,80,2,10,1,2,4,3,1,3,2021-06-23,,2025-12-31,0,45+,4-5 years,Q1 Low,10242.0
29,No,Travel_Rarely,1284,Research & Development,22,4,Life Sciences,1,1515,3,Male,49,3,1,Laboratory Technician,4,Divorced,3792,25819,1,Y,No,11,3,2,80,0,12,0,2,8,7,1,4,2017-10-11,,2025-12-31,0,26-34,6-10 years,Q1 Low,5688.0
32,Yes,Travel_Rarely,988,Sales,18,2,Life Sciences,1,1517,4,Male,91,2,2,Sales Executive,2,Married,5128,10245,2,Y,No,18,3,3,80,1,5,4,3,2,2,1,1,2023-07-11,2022-09-30,2025-12-31,1,26-34,2-3 years,Q2,30768.0
39,No,Travel_Rarely,1177,Sales,20,4,Life Sciences,1,1519,2,Male,72,3,2,Sales Executive,3,Single,6339,12322,0,Y,Yes,11,3,2,80,0,10,4,1,5,4,2,3,2020-10-02,,2025-12-31,0,35-44,4-5 years,Q2,15213.6
26,No,Travel_Rarely,551,Research & Development,3,3,Life Sciences,1,1521,3,Male,99,3,2,Manufacturing Director,4,Married,8527,16879,2,Y,Yes,19,3,1,80,1,16,2,3,11,8,4,9,2014-03-19,,2025-12-31,0,26-34,11+ years,Q3,9302.181818181818
33,No,Travel_Rarely,850,Research & Development,12,1,Life Sciences,1,1523,1,Male,36,3,1,Research Scientist,4,Married,3848,8528,4,Y,No,13,3,4,80,0,16,2,4,9,4,3,8,2016-11-02,,2025-12-31,0,26-34,6-10 years,Q1 Low,5130.666666666667
40,Yes,Travel_Rarely,660,Research & Development,5,4,Life Sciences,1,1525,2,Female,39,3,2,Healthcare Representative,4,Divorced,6535,12127,3,Y,No,16,3,3,80,2,8,1,3,3,2,0,2,2022-11-30,2025-04-05,2025-12-31,1,35-44,2-3 years,Q2,26140.0
34,No,Travel_Rarely,979,Sales,24,1,Medical,1,1527,1,Female,69,3,4,Manager,4,Single,16647,8666,4,Y,No,18,3,2,80,0,20,2,3,15,6,4,5,2010-08-15,,2025-12-31,0,26-34,11+ years,Q4 High,13317.6
36,No,Travel_Frequently,745,Research & Development,4,5,Medical,1,1529,3,Male,33,2,2,Manufacturing Director,3,Married,8180,8366,0,Y,Yes,17,3,1,80,0,13,6,2,7,6,3,4,2018-01-27,,2025-12-31,0,35-44,6-10 years,Q3,14022.857142857143
32,Yes,Travel_Rarely,900,Research & Development,10,4,Medical,1,1531,2,Male,48,3,1,Laboratory Technician,3,Married,6329,12080,2,Y,No,17,3,4,80,0,19,1,3,17,9,5,6,2008-01-09,2021-04-07,2025-12-31,1,26-34,11+ years,Q2,4467.529411764706
23,No,Travel_Rarely,1256,Sales,1,2,Marketing,1,1533,4,Male,67,3,4,Manager,4,Single,14091,22022,3,Y,No,21,3,1,80,1,10,2,2,5,4,1,2,2020-09-01,,2025-12-31,0,18-25,4-5 years,Q4 High,33818.4
40,Yes,Travel_Rarely,1078,Sales,10,2,Medical,1,1535,3,Female,51,3,2,Sales Executive,3,Married,5860,10099,6,Y,No,14,3,4,80,2,10,3,3,5,4,2,1,2020-09-09,2023-04-13,2025-12-31,1,35-44,4-5 years,Q2,14064.0
53,Yes,Travel_Rarely,245,Research & Development,3,3,Medical,1,1537,4,Male,30,1,1,Research Scientist,2,Married,5303,20717,1,Y,No,16,3,3,80,0,19,2,2,14,12,5,4,2011-01-13,2024-03-02,2025-12-31,1,45+,11+ years,Q2,4545.428571428572
37,No,Non-Travel,1254,Sales,13,3,Marketing,1,1539,2,Male,82,3,2,Sales Executive,3,Married,6521,19987,1,Y,No,12,4,2,80,0,7,4,3,2,2,1,1,2023-10-14,,2025-12-31,0,35-44,2-3 years,Q2,39126.0
39,No,Travel_Rarely,1477,Research & Development,7,3,Medical,1,1541,1,Male,50,3,2,Healthcare Representative,3,Married,10067,8967,2,Y,No,15,4,4,80,1,16,6,3,11,8,4,5,2014-05-07,,2025-12-31,0,35-44,11+ years,Q4 High,10982.181818181818
43,No,Travel_Rarely,613,Sales,6,3,Medical,1,1543,4,Female,36,4,2,Sales Executive,1,Divorced,6879,13873,3,Y,No,12,3,4,80,1,5,6,3,2,1,0,1,2023-08-19,,2025-12-31,0,35-44,2-3 years,Q3,41274.0
25,No,Non-Travel,1188,Research & Development,24,3,Medical,1,1545,3,Female,36,4,1,Laboratory Technician,4,Married,2761,8910,4,Y,No,17,4,2,80,3,7,2,3,4,2,2,1,2021-01-02,,2025-12-31,0,18-25,4-5 years,Q1 Low,8283.0
52,No,Non-Travel,935,Research & Development,29,2,Medical,1,1547,4,Female,52,3,4,Manager,1,Married,13585,15469,1,Y,No,13,4,3,80,0,10,3,2,6,3,2,4,2019-09-30,,2025-12-31,0,45+,6-10 years,Q4 High,27170.0
39,Yes,Travel_Frequently,1158,Sales,2,4,Marketing,1,1549,1,Female,89,2,4,Manager,3,Single,16059,6364,2,Y,No,20,3,3,80,1,12,6,3,11,5,0,4,2014-04-15,2023-07-04,2025-12-31,1,35-44,11+ years,Q4 High,17518.909090909092
52,No,Travel_Frequently,427,Research & Development,6,4,Life Sciences,1,1551,2,Male,47,3,1,Laboratory Technician,4,Divorced,4249,19291,0,Y,No,14,3,4,80,0,7,3,3,1,0,0,1,2024-08-13,,2025-12-31,0,45+,0-1 years,Q1 Low,50988.0
30,No,Travel_Rarely,527,Research & Development,15,3,Life Sciences,1,1553,3,Male,95,3,1,Research Scientist,3,Married,5739,5451,1,Y,No,13,3,4,80,0,13,4,3,12,11,3,5,2013-10-08,,2025-12-31,0,26-34,11+ years,Q2,5739.0
53,No,Travel_Rarely,896,Sales,11,4,Life Sciences,1,1555,1,Male,82,3,4,Manager,4,Married,14205,11247,4,Y,No,15,3,2,80,0,6,2,3,5,2,1,4,2020-05-10,,2025-12-31,0,45+,4-5 years,Q4 High,34092.0
44,No,Travel_Rarely,433,Sales,15,2,Life Sciences,1,1557,3,Male,48,3,1,Sales Representative,2,Married,7690,4140,1,Y,Yes,12,4,2,80,2,21,5,1,18,14,8,6,2007-11-08,,2025-12-31,0,35-44,11+ years,Q3,5126.666666666667
42,No,Travel_Rarely,1421,Research & Development,8,1,Life Sciences,1,1559,2,Male,93,3,1,Research Scientist,4,Single,3402,17869,0,Y,No,12,3,2,80,1,9,4,3,5,2,0,2,2020-01-31,,2025-12-31,0,35-44,4-5 years,Q1 Low,8164.8
39,No,Travel_Frequently,1236,Sales,19,3,Medical,1,1561,1,Male,43,3,2,Sales Executive,2,Single,7810,13041,5,Y,No,19,3,2,80,0,7,1,4,5,5,2,3,2020-07-11,,2025-12-31,0,35-44,4-5 years,Q3,18744.0
35,No,Travel_Rarely,1217,Research & Development,10,3,Marketing,1,1563,2,Male,54,2,2,Healthcare Representative,1,Divorced,6483,18978,3,Y,No,15,3,2,80,2,5,4,3,2,1,0,2,2023-11-03,,2025-12-31,0,35-44,2-3 years,Q2,38898.0
48,No,Travel_Rarely,725,Research & Development,12,3,Marketing,1,1565,2,Female,62,3,2,Manufacturing Director,4,Divorced,6954,9947,4,Y,No,12,3,3,80,0,12,4,3,8,5,1,2,2017-07-18,,2025-12-31,0,45+,6-10 years,Q3,10431.0
38,No,Non-Travel,496,Research & Development,3,4,Life Sciences,1,1567,1,Female,77,3,2,Healthcare Representative,4,Divorced,10534,19923,1,Y,No,11,3,1,80,0,27,3,3,22,13,4,5,2003-11-16,,2025-12-31,0,35-44,11+ years,Q4 High,5745.818181818182
19,No,Travel_Rarely,633,Research & Development,9,4,Other,1,1569,3,Female,68,1,2,Healthcare Representative,2,Single,9928,10345,3,Y,Yes,15,4,2,80,1,10,1,2,6,5,2,5,2019-05-20,,2025-12-31,0,18-25,6-10 years,Q4 High,19856.0
27,No,Non-Travel,156,Sales,15,3,Medical,1,1571,2,Female,34,2,1,Sales Representative,4,Single,4721,9871,1,Y,No,18,3,3,80,3,13,5,1,9,4,1,2,2016-04-30,,2025-12-31,0,26-34,6-10 years,Q1 Low,6294.666666666667
35,No,Non-Travel,1296,Research & Development,11,4,Life Sciences,1,1573,2,Male,50,2,1,Laboratory Technician,3,Married,4072,25423,5,Y,No,14,4,2,80,1,7,4,3,2,2,1,1,2023-02-04,,2025-12-31,0,35-44,2-3 years,Q1 Low,24432.0
40,No,Travel_Rarely,793,Research & Development,9,1,Marketing,1,1575,4,Female,88,3,1,Laboratory Technician,4,Divorced,6591,25417,3,Y,Yes,13,3,1,80,1,18,3,3,12,9,4,10,2013-11-29,,2025-12-31,0,35-44,11+ years,Q2,6591.0
36,No,Travel_Rarely,1125,Research & Development,12,2,Medical,1,1577,3,Male,43,4,1,Research Scientist,3,Married,4633,2417,4,Y,Yes,14,3,1,80,2,10,6,3,6,3,2,4,2019-02-04,,2025-12-31,0,35-44,6-10 years,Q1 Low,9266.0
48,No,Travel_Rarely,555,Sales,10,4,Marketing,1,1579,2,Female,92,2,2,Sales Executive,3,Married,6658,6348,1,Y,Yes,23,3,1,80,0,7,2,3,5,2,0,2,2020-09-25,,2025-12-31,0,45+,4-5 years,Q3,15979.2
19,Yes,Travel_Rarely,924,Research & Development,8,3,Life Sciences,1,1581,3,Male,83,2,2,Manufacturing Director,3,Single,5710,17648,3,Y,Yes,14,4,4,80,0,9,4,4,4,3,1,3,2021-10-25,2021-09-04,2025-12-31,1,18-25,4-5 years,Q2,17130.0
38,No,Travel_Rarely,217,Research & Development,16,3,Medical,1,1583,4,Female,74,3,1,Laboratory Technician,2,Married,4113,8911,1,Y,Yes,13,3,3,80,0,10,5,3,5,2,2,3,2020-08-14,,2025-12-31,0,35-44,4-5 years,Q1 Low,9871.2
20,No,Travel_Rarely,655,Research & Development,8,2,Technical Degree,1,1585,1,Male,79,3,2,Healthcare Representative,3,Single,7792,12398,1,Y,No,16,3,1,80,1,14,1,3,11,10,1,3,2014-06-18,,2025-12-31,0,18-25,11+ years,Q3,8500.363636363636
44,Yes,Non-Travel,664,Research & Development,3,3,Medical,1,1587,3,Male,70,1,1,Laboratory Technician,3,Single,7488,22791,5,Y,No,19,3,3,80,1,17,0,2,14,6,1,9,2011-04-13,2021-04-14,2025-12-31,1,35-44,11+ years,Q3,6418.285714285715
36,Yes,Travel_Rarely,595,Research & Development,23,2,Medical,1,1589,3,Female,30,3,1,Laboratory Technician,1,Married,4800,25326,0,Y,No,11,4,2,80,0,4,6,3,1,1,0,1,2024-12-24,2022-11-02,2025-12-31,1,35-44,0-1 years,Q1 Low,57600.0
41,No,Travel_Frequently,900,Sales,5,3,Medical,1,1591,2,Male,31,3,1,Sales Representative,2,Divorced,5505,5863,1,Y,No,16,3,3,80,1,5,4,3,3,2,1,2,2022-11-01,,2025-12-31,0,35-44,2-3 years,Q2,22020.0
29,Yes,Travel_Rarely,1455,Sales,2,2,Technical Degree,1,1593,3,Female,42,3,1,Sales Representative,2,Married,4479,6530,1,Y,Yes,20,3,3,80,1,11,4,1,8,6,2,7,2017-08-16,2025-07-26,2025-12-31,1,26-34,6-10 years,Q1 Low,6718.5
49,No,Travel_Rarely,740,Research & Development,13,1,Life Sciences,1,1595,4,Female,48,3,2,Manufacturing Director,4,Married,7540,22416,1,Y,No,12,3,3,80,1,8,4,4,3,2,1,1,2022-02-03,,2025-12-31,0,45+,2-3 years,Q3,30160.0
46,No,Non-Travel,262,Sales,25,3,Medical,1,1597,4,Female,80,4,2,Sales Executive,3,Single,6801,5425,2,Y,No,22,3,2,80,1,8,1,4,3,3,1,2,2022-01-06,,2025-12-31,0,45+,2-3 years,Q3,27204.0
42,No,Travel_Rarely,350,Sales,13,2,Life Sciences,1,1599,2,Female,31,1,1,Sales Representative,4,Single,3139,3005,2,Y,Yes,16,4,1,80,0,4,2,3,4,3,2,2,2021-01-25,,2025-12-31,0,35-44,4-5 years,Q1 Low,9417.0
36,No,Travel_Rarely,743,Sales,21,4,Medical,1,1601,2,Female,39,2,2,Sales Executive,4,Divorced,6604,22744,1,Y,Yes,15,4,4,80,1,14,5,3,10,7,0,4,2015-09-16,,2025-12-31,0,35-44,6-10 years,Q3,7924.8
42,No,Travel_Rarely,428,Research & Development,4,1,Marketing,1,1603,4,Male,98,3,1,Laboratory Technician,3,Married,6680,11223,3,Y,No,23,3,4,80,0,18,5,2,17,12,1,11,2008-07-17,,2025-12-31,0,35-44,11+ years,Q3,4715.294117647059
30,No,Travel_Frequently,217,Research & Development,3,2,Life Sciences,1,1605,3,Female,59,3,1,Laboratory Technician,4,Single,4462,8250,3,Y,Yes,12,4,4,80,1,12,3,2,7,5,0,4,2018-11-06,,2025-12-31,0,26-34,6-10 years,Q1 Low,7649.142857142857
45,No,Travel_Rarely,468,Research & Development,6,3,Medical,1,1607,2,Female,94,3,2,Manufacturing Director,2,Married,6830,4979,3,Y,No,18,3,1,80,1,14,6,1,8,7,0,6,2017-01-24,,2025-12-31,0,45+,6-10 years,Q3,10245.0
52,No,Travel_Rarely,847,Research & Development,18,3,Medical,1,1609,3,Female,73,3,4,Manager,1,Divorced,16813,13868,1,Y,No,19,3,4,80,1,15,3,3,11,10,1,8,2014-12-27,,2025-12-31,0,45+,11+ years,Q4 High,18341.454545454544
47,No,Travel_Rarely,1238,Sales,13,1,Life Sciences,1,1611,2,Male,71,1,1,Sales Representative,3,Married,5524,15026,2,Y,No,15,4,4,80,0,4,4,1,4,2,0,2,2021-01-04,,2025-12-31,0,45+,4-5 years,Q2,16572.0
30,No,Non-Travel,294,Sales,13,1,Medical,1,1613,2,Female,32,3,4,Manager,3,Single,15202,2439,2,Y,No,11,3,4,80,1,16,0,3,11,6,3,5,2014-11-01,,2025-12-31,0,26-34,11+ years,Q4 High,16584.0
40,No,Non-Travel,705,Sales,9,5,Life Sciences,1,1615,4,Female,59,3,1,Sales Representative,4,Married,9857,20221,3,Y,No,15,3,2,80,2,28,1,3,24,23,4,13,2001-03-05,,2025-12-31,0,35-44,11+ years,Q4 High,4928.5
25,Yes,Travel_Rarely,823,Research & Development,6,3,Medical,1,1617,1,Female,66,3,1,Laboratory Technician,3,Married,4018,5209,5,Y,Yes,12,3,4,80,1,5,2,2,3,1,1,1,2022-02-09,2023-12-04,2025-12-31,1,18-25,2-3 years,Q1 Low,16072.0
42,No,Travel_Frequently,237,Research & Development,10,3,Life Sciences,1,1619,1,Male,57,3,1,Research Scientist,2,Single,3664,17717,2,Y,Yes,16,3,1,80,2,14,2,3,10,9,4,4,2015-04-01,,2025-12-31,0,35-44,6-10 years,Q1 Low,4396.8
41,Yes,Travel_Rarely,1419,Human Resources,7,3,Marketing,1,1621,2,Male,80,3,1,Human Resources,4,Divorced,3147,15129,2,Y,Yes,18,3,3,80,0,10,6,4,8,6,1,4,2017-06-26,2022-05-21,2025-12-31,1,35-44,6-10 years,Q1 Low,4720.5
20,Yes,Travel_Rarely,1062,Sales,6,2,Marketing,1,1623,3,Male,42,3,2,Sales Executive,3,Single,6467,19278,1,Y,No,15,3,2,80,0,8,3,3,3,1,1,2,2022-05-25,2024-08-12,2025-12-31,1,18-25,2-3 years,Q2,25868.0
26,No,Travel_Rarely,1198,Research & Development,11,3,Medical,1,1625,1,Female,69,3,1,Laboratory Technician,1,Divorced,5931,19034,0,Y,No,17,3,4,80,1,19,3,3,14,8,2,8,2011-10-18,,2025-12-31,0,26-34,11+ years,Q2,5083.714285714285
34,No,Travel_Rarely,1138,Sales,7,3,Life Sciences,1,1627,3,Female,55,3,2,Sales Executive,3,Single,5971,26179,2,Y,No,12,3,4,80,1,9,2,3,5,3,1,4,2020-11-26,,2025-12-31,0,26-34,4-5 years,Q2,14330.4
34,No,Travel_Rarely,1495,Sales,10,4,Technical Degree,1,1629,3,Male,59,2,2,Sales Executive,4,Single,6763,11283,1,Y,No,11,3,2,80,0,8,6,3,3,3,1,1,2022-06-28,,2025-12-31,0,26-34,2-3 years,Q3,27052.0
26,No,Travel_Rarely,255,Research & Development,1,2,Medical,1,1631,4,Male,53,3,1,Research Scientist,4,Married,6060,14433,2,Y,No,20,4,3,80,0,7,2,3,5,3,2,2,2020-08-07,,2025-12-31,0,26-34,4-5 years,Q2,14544.0
40,No,Travel_Rarely,975,Research & Development,10,4,Life Sciences,1,1633,2,Male,67,3,4,Manager,3,Divorced,15584,14671,3,Y,No,11,3,1,80,1,21,5,2,11,6,3,7,2014-10-01,,2025-12-31,0,35-44,11+ years,Q4 High,17000.727272727272
39,No,Travel_Frequently,1158,Research & Development,7,2,Marketing,1,1635,4,Male,98,3,1,Research Scientist,2,Married,3903,12707,2,Y,No,13,3,3,80,1,8,2,3,5,5,2,3,2020-09-09,,2025-12-31,0,35-44,4-5 years,Q1 Low,9367.2
35,Yes,Travel_Rarely,618,Research & Development,22,2,Life Sciences,1,1637,2,Female,45,4,1,Laboratory Technician,1,Divorced,2714,17870,0,Y,Yes,22,3,2,80,0,2,4,3,1,0,0,0,2024-07-12,2021-08-03,2025-12-31,1,35-44,0-1 years,Q1 Low,32568.0
30,No,Travel_Rarely,281,Research & Development,2,1,Medical,1,1639,3,Female,84,3,1,Research Scientist,3,Divorced,7044,26045,4,Y,No,15,3,2,80,3,30,5,4,23,16,2,9,2002-09-07,,2025-12-31,0,26-34,11+ years,Q3,3675.1304347826085
46,Yes,Non-Travel,269,Sales,9,2,Medical,1,1641,2,Male,78,3,1,Sales Representative,4,Divorced,7323,6985,4,Y,Yes,17,3,4,80,1,18,2,2,15,10,2,5,2010-02-25,2024-12-11,2025-12-31,1,45+,11+ years,Q3,5858.4
52,No,Travel_Rarely,596,Research & Development,15,4,Medical,1,1643,1,Male,81,3,1,Research Scientist,2,Single,4976,4562,1,Y,No,13,3,1,80,1,9,3,4,9,3,3,7,2016-06-13,,2025-12-31,0,45+,6-10 years,Q2,6634.666666666667
32,Yes,Travel_Rarely,1417,Research & Development,8,3,Technical Degree,1,1645,3,Male,78,2,1,Research Scientist,2,Single,4276,24459,3,Y,Yes,13,4,3,80,3,13,1,4,6,2,2,5,2019-07-22,2021-10-10,2025-12-31,1,26-34,6-10 years,Q1 Low,8552.0
31,No,Travel_Frequently,1180,Research & Development,7,1,Medical,1,1647,2,Female,93,3,1,Laboratory Technician,4,Single,4017,22599,1,Y,No,15,4,4,80,0,10,3,2,6,3,1,2,2019-05-26,,2025-12-31,0,26-34,6-10 years,Q1 Low,8034.0
41,No,Travel_Rarely,1487,Research & Development,15,4,Life Sciences,1,1649,1,Male,77,3,1,Research Scientist,4,Married,5539,5783,2,Y,No,17,3,4,80,1,6,3,4,4,2,0,1,2021-04-18,,2025-12-31,0,35-44,4-5 years,Q2,16617.0
34,Yes,Travel_Rarely,1103,Sales,12,4,Human Resources,1,1651,2,Male,67,3,2,Sales Executive,3,Single,6192,12989,0,Y,No,23,3,4,80,1,12,2,2,8,5,3,3,2017-10-18,2022-12-26,2025-12-31,1,26-34,6-10 years,Q2,9288.0
36,No,Travel_Rarely,1120,Research & Development,13,4,Technical Degree,1,1653,3,Male,46,3,1,Research Scientist,1,Married,10137,18438,2,Y,Yes,16,3,1,80,0,34,3,2,29,21,3,9,1996-10-25,,2025-12-31,0,35-44,11+ years,Q4 High,4194.620689655172
44,No,Travel_Frequently,812,Research & Development,6,4,Medical,1,1655,2,Female,70,3,1,Research Scientist,1,Single,5583,11285,0,Y,No,11,4,4,80,1,11,0,3,7,5,2,2,2018-05-26,,2025-12-31,0,35-44,6-10 years,Q2,9570.857142857143
20,No,Travel_Rarely,1001,Sales,6,2,Medical,1,1657,1,Female,83,3,2,Sales Executive,1,Married,7696,12104,2,Y,No,14,3,2,80,2,17,2,4,13,9,0,5,2012-06-17,,2025-12-31,0,18-25,11+ years,Q3,7104.0
49,Yes,Travel_Frequently,1460,Research & Development,10,4,Life Sciences,1,1659,1,Female,69,4,1,Research Scientist,3,Married,4761,19901,3,Y,Yes,13,3,4,80,0,5,6,3,4,2,0,2,2021-05-25,2021-07-03,2025-12-31,1,45+,4-5 years,Q1 Low,14283.0
38,No,Travel_Rarely,101,Research & Development,16,3,Marketing,1,1661,3,Male,60,2,2,Healthcare Representative,1,Married,7597,26931,5,Y,No,13,3,4,80,0,12,1,3,9,4,2,4,2016-10-02,,2025-12-31,0,35-44,6-10 years,Q3,10129.333333333334
33,No,Travel_Rarely,522,Research & Development,2,4,Life Sciences,1,1663,2,Male,55,3,1,Laboratory Technician,4,Married,4928,23971,2,Y,No,15,3,4,80,0,9,3,3,5,2,1,3,2020-11-25,,2025-12-31,0,26-34,4-5 years,Q1 Low,11827.2
36,No,Travel_Frequently,881,Research & Development,8,4,Life Sciences,1,1665,2,Male,47,3,1,Laboratory Technician,4,Single,4028,15599,0,Y,No,13,3,1,80,0,11,4,4,8,5,1,3,2017-05-14,,2025-12-31,0,35-44,6-10 years,Q1 Low,6042.0
37,No,Travel_Rarely,852,Research & Development,6,3,Medical,1,1667,1,Female,64,3,1,Research Scientist,2,Married,7358,6869,2,Y,No,13,3,3,80,0,22,3,3,18,16,6,13,2007-09-07,,2025-12-31,0,35-44,11+ years,Q3,4905.333333333333
21,No,Travel_Rarely,573,Research & Development,9,4,Life Sciences,1,1669,2,Male,85,2,3,Research Director,3,Single,11080,7007,0,Y,No,23,3,4,80,0,10,1,2,10,5,1,8,2015-11-16,,2025-12-31,0,18-25,6-10 years,Q4 High,13296.0
51,No,Travel_Rarely,245,Research & Development,14,2,Life Sciences,1,1671,3,Male,59,3,1,Laboratory Technician,4,Married,7593,15296,3,Y,No,16,3,4,80,2,22,3,3,17,10,4,8,2008-12-02,,2025-12-31,0,45+,11+ years,Q3,5359.764705882353
37,No,Travel_Frequently,425,Sales,4,3,Medical,1,1673,3,Female,74,3,2,Sales Executive,4,Single,7571,13201,3,Y,No,13,3,1,80,1,21,0,2,18,14,2,4,2007-08-05,,2025-12-31,0,35-44,11+ years,Q3,5047.333333333333
41,No,Travel_Rarely,687,Research & Development,13,1,Life Sciences,1,1675,4,Female,81,3,1,Laboratory Technician,4,Single,3888,24225,2,Y,No,13,4,4,80,0,13,4,3,6,5,2,2,2019-08-26,,2025-12-31,0,35-44,6-10 years,Q1 Low,7776.0
46,No,Travel_Rarely,329,Research & Development,6,4,Life Sciences,1,1677,1,Male,97,3,1,Research Scientist,1,Single,8437,4265,1,Y,Yes,19,4,1,80,2,24,2,2,21,20,8,6,2004-11-11,,2025-12-31,0,45+,11+ years,Q3,4821.142857142857
28,No,Travel_Rarely,1392,Research & Development,18,2,Life Sciences,1,1679,4,Male,84,2,1,Research Scientist,1,Single,6796,10915,4,Y,No,21,3,3,80,1,13,2,2,10,5,0,4,2015-09-26,,2025-12-31,0,26-34,6-10 years,Q3,8155.2
41,Yes,Non-Travel,684,Research & Development,4,3,Life Sciences,1,1681,2,Male,39,3,1,Laboratory Technician,4,Married,6358,18084,2,Y,No,17,3,4,80,0,16,2,3,10,4,1,6,2015-08-22,2023-02-02,2025-12-31,1,35-44,6-10 years,Q2,7629.6
34,No,Travel_Rarely,717,Sales,16,3,Medical,1,1683,4,Female,83,3,4,Manager,3,Single,14473,24508,1,Y,No,14,3,1,80,1,9,2,3,5,3,2,3,2020-11-27,,2025-12-31,0,26-34,4-5 years,Q4 High,34735.2
45,No,Travel_Rarely,835,Research & Development,3,4,Marketing,1,1685,2,Female,63,3,1,Laboratory Technician,1,Married,6032,21773,4,Y,No,18,3,1,80,1,18,5,3,16,7,3,6,2009-07-21,,2025-12-31,0,45+,11+ years,Q2,4524.0
18,No,Travel_Rarely,881,Human Resources,10,3,Medical,1,1687,3,Male,92,1,4,Manager,3,Single,15459,15969,1,Y,No,22,3,4,80,1,14,3,3,11,7,2,8,2014-06-12,,2025-12-31,0,18-25,11+ years,Q4 High,16864.363636363636
36,No,Travel_Rarely,1388,Research & Development,14,4,Medical,1,1689,2,Male,60,4,4,Manager,4,Single,14667,6359,2,Y,No,12,3,2,80,0,12,3,2,5,4,0,1,2020-03-26,,2025-12-31,0,35-44,4-5 years,Q4 High,35200.8
31,No,Travel_Rarely,1341,Research & Development,5,4,Life Sciences,1,1691,2,Female,93,4,1,Research Scientist,2,Married,7088,14631,1,Y,No,20,3,1,80,0,12,2,3,11,8,5,4,2014-10-12,,2025-12-31,0,26-34,11+ years,Q3,7732.363636363636
41,Yes,Travel_Rarely,1052,Research & Development,6,3,Life Sciences,1,1693,4,Female,79,4,1,Research Scientist,4,Single,3078,11692,2,Y,Yes,20,3,4,80,0,9,2,3,3,1,1,2,2022-10-19,2024-04-24,2025-12-31,1,35-44,2-3 years,Q1 Low,12312.0
41,No,Travel_Rarely,1347,Human Resources,9,3,Life Sciences,1,1695,3,Male,57,3,1,Human Resources,1,Single,3534,17162,2,Y,No,14,3,4,80,0,10,0,3,3,1,0,1,2022-10-04,,2025-12-31,0,35-44,2-3 years,Q1 Low,14136.0
30,No,Travel_Frequently,1484,Research & Development,7,4,Medical,1,1697,4,Male,66,3,1,Laboratory Technician,4,Married,6619,9185,1,Y,No,13,3,3,80,1,14,3,3,8,7,2,5,2017-09-04,,2025-12-31,0,26-34,6-10 years,Q3,9928.5
30,No,Travel_Frequently,1414,Research & Development,5,4,Marketing,1,1699,3,Male,61,3,1,Laboratory Technician,3,Married,4191,20221,1,Y,No,16,3,1,80,0,11,4,3,6,4,2,5,2019-09-26,,2025-12-31,0,26-34,6-10 years,Q1 Low,8382.0
36,No,Travel_Rarely,1277,Research & Development,16,4,Medical,1,1701,3,Male,64,1,2,Healthcare Representative,2,Married,7501,16202,2,Y,No,13,3,1,80,0,14,4,3,6,5,1,4,2019-02-12,,2025-12-31,0,35-44,6-10 years,Q3,15002.0
29,No,Travel_Frequently,780,Sales,19,2,Life Sciences,1,1703,1,Female,86,2,4,Manager,4,Divorced,15722,17569,3,Y,Yes,12,3,4,80,2,20,3,3,17,13,3,5,2008-04-08,,2025-12-31,0,26-34,11+ years,Q4 High,11097.882352941177
45,No,Travel_Rarely,1488,Research & Development,19,4,Life Sciences,1,1705,4,Female,90,3,1,Laboratory Technician,4,Single,4947,10623,2,Y,No,23,3,3,80,1,11,3,3,9,9,2,5,2016-10-20,,2025-12-31,0,45+,6-10 years,Q2,6596.0
34,No,Travel_Frequently,205,Sales,12,3,Marketing,1,1707,3,Female,61,1,2,Sales Executive,4,Married,7323,20203,3,Y,No,15,3,3,80,1,9,1,4,6,5,0,3,2019-01-15,,2025-12-31,0,26-34,6-10 years,Q3,14646.0
18,No,Travel_Rarely,384,Research & Development,13,3,Life Sciences,1,1709,3,Male,37,3,2,Healthcare Representative,2,Married,5788,18164,2,Y,No,15,3,4,80,3,6,4,3,3,2,1,3,2022-08-18,,2025-12-31,0,18-25,2-3 years,Q2,23152.0
33,No,Travel_Rarely,695,Research & Development,4,4,Marketing,1,1711,2,Female,64,2,4,Manager,3,Single,15358,20761,4,Y,No,12,3,3,80,2,13,3,3,10,8,2,8,2015-04-18,,2025-12-31,0,26-34,6-10 years,Q4 High,18429.6
27,No,Non-Travel,935,Research & Development,8,2,Medical,1,1713,3,Male,52,2,2,Healthcare Representative,3,Divorced,8475,6371,2,Y,No,15,3,1,80,0,15,3,3,12,8,3,3,2013-06-06,,2025-12-31,0,26-34,11+ years,Q3,8475.0
22,No,Travel_Frequently,625,Research & Development,9,4,Marketing,1,1715,4,Male,67,2,1,Research Scientist,3,Married,5634,19829,1,Y,No,18,3,4,80,1,17,4,3,12,6,1,9,2013-11-22,,2025-12-31,0,18-25,11+ years,Q2,5634.0
26,No,Travel_Rarely,976,Research & Development,11,3,Technical Degree,1,1717,1,Male,48,3,1,Laboratory Technician,4,Married,3635,9080,4,Y,No,13,3,3,80,1,7,3,2,6,3,2,2,2019-09-27,,2025-12-31,0,26-34,6-10 years,Q1 Low,7270.0
38,No,Travel_Rarely,279,Research & Development,11,4,Technical Degree,1,1719,2,Male,83,3,1,Research Scientist,1,Divorced,4355,23206,2,Y,No,14,3,3,80,0,6,3,3,2,1,1,1,2023-03-22,,2025-12-31,0,35-44,2-3 years,Q1 Low,26130.0
49,No,Travel_Rarely,1162,Sales,9,2,Medical,1,1721,1,Female,74,3,2,Sales Executive,2,Married,10058,20287,2,Y,No,12,3,4,80,0,20,4,2,18,8,4,8,2007-10-24,,2025-12-31,0,45+,11+ years,Q4 High,6705.333333333333
40,No,Travel_Rarely,1400,Research & Development,12,3,Medical,1,1723,3,Male,65,3,1,Research Scientist,3,Married,3261,20299,0,Y,No,14,3,4,80,0,6,1,2,3,1,1,1,2022-08-27,,2025-12-31,0,35-44,2-3 years,Q1 Low,13044.0
31,No,Travel_Rarely,938,Research & Development,10,4,Life Sciences,1,1725,1,Male,78,3,1,Laboratory Technician,1,Divorced,3880,18317,1,Y,No,20,3,3,80,0,11,1,2,7,5,0,5,2018-12-02,,2025-12-31,0,26-34,6-10 years,Q1 Low,6651.428571428572
41,No,Travel_Rarely,611,Research & Development,10,1,Technical Degree,1,1727,1,Male,89,3,2,Manufacturing Director,4,Single,7528,17082,2,Y,No,13,3,2,80,3,20,5,2,12,11,4,5,2013-06-02,,2025-12-31,0,35-44,11+ years,Q3,7528.0
33,Yes,Travel_Frequently,1129,Research & Development,5,2,Medical,1,1729,2,Male,85,3,1,Research Scientist,3,Married,6599,7267,2,Y,Yes,11,3,4,80,1,13,0,3,11,8,3,8,2014-04-06,2024-03-07,2025-12-31,1,26-34,11+ years,Q2,7198.909090909091
31,No,Travel_Rarely,1306,Research & Development,3,5,Life Sciences,1,1731,3,Male,93,3,1,Laboratory Technician,3,Married,3303,21505,2,Y,No,15,3,3,80,0,8,6,4,4,2,0,3,2021-01-03,,2025-12-31,0,26-34,4-5 years,Q1 Low,9909.0
26,No,Travel_Rarely,651,Research & Development,11,2,Medical,1,1733,2,Male,91,3,1,Laboratory Technician,4,Married,7891,13050,0,Y,Yes,16,3,3,80,1,30,2,3,26,13,2,19,1999-11-02,,2025-12-31,0,26-34,11+ years,Q3,3642.0
21,No,Travel_Rarely,863,Research & Development,6,4,Life Sciences,1,1735,1,Female,88,3,1,Laboratory Technician,3,Married,3345,5965,3,Y,No,13,4,3,80,0,12,4,3,6,3,1,3,2019-05-17,,2025-12-31,0,18-25,6-10 years,Q1 Low,6690.0
33,Yes,Travel_Rarely,840,Sales,5,2,Medical,1,1737,4,Male,30,3,2,Sales Executive,3,Divorced,5885,20536,4,Y,Yes,17,4,3,80,0,14,1,2,9,7,3,6,2016-05-13,2025-02-17,2025-12-31,1,26-34,6-10 years,Q2,7846.666666666667
38,No,Travel_Rarely,1116,Sales,14,3,Medical,1,1739,4,Male,34,3,2,Sales Executive,1,Married,9733,18675,2,Y,No,11,3,4,80,0,11,6,3,9,8,3,5,2016-08-02,,2025-12-31,0,35-44,6-10 years,Q4 High,12977.333333333334
36,No,Travel_Rarely,572,Research & Development,8,4,Life Sciences,1,1741,2,Male,48,3,2,Manufacturing Director,2,Single,8240,24759,0,Y,No,14,3,3,80,0,15,1,3,11,6,3,8,2014-12-23,,2025-12-31,0,35-44,11+ years,Q3,8989.09090909091
33,Yes,Travel_Frequently,565,Research & Development,21,3,Life Sciences,1,1743,3,Female,87,2,1,Research Scientist,1,Divorced,4718,23604,4,Y,Yes,12,3,4,80,0,16,6,2,11,7,0,3,2014-11-28,2021-08-21,2025-12-31,1,26-34,11+ years,Q1 Low,5146.909090909091
28,No,Travel_Frequently,1212,Research & Development,13,3,Human Resources,1,1745,3,Male,86,3,1,Research Scientist,3,Married,3810,24786,2,Y,Yes,13,4,4,80,1,7,1,2,5,4,2,3,2020-07-16,,2025-12-31,0,26-34,4-5 years,Q1 Low,9144.0
42,No,Travel_Rarely,1435,Research & Development,5,3,Marketing,1,1747,2,Male,71,2,1,Research Scientist,3,Married,2099,11260,4,Y,No,14,3,4,80,0,4,0,3,0,0,0,0,2025-02-22,,2025-12-31,0,35-44,0-1 years,Q1 Low,25188.0
25,No,Travel_Rarely,401,Research & Development,14,4,Marketing,1,1749,2,Male,35,3,3,Research Director,2,Single,11241,7602,1,Y,No,15,3,4,80,1,17,1,1,10,6,3,7,2015-12-23,,2025-12-31,0,18-25,6-10 years,Q4 High,13489.2
44,No,Travel_Rarely,1243,Research & Development,11,2,Life Sciences,1,1751,3,Male,51,3,2,Manufacturing Director,3,Divorced,6384,26163,2,Y,No,11,3,4,80,0,6,5,3,3,2,1,2,2022-07-12,,2025-12-31,0,35-44,2-3 years,Q2,25536.0
28,No,Travel_Frequently,795,Sales,4,3,Marketing,1,1753,2,Male,82,4,4,Manager,2,Divorced,15682,21612,2,Y,Yes,12,3,2,80,1,10,2,1,8,6,0,2,2017-05-23,,2025-12-31,0,26-34,6-10 years,Q4 High,23523.0
30,No,Travel_Frequently,817,Sales,6,2,Medical,1,1755,2,Female,86,1,2,Sales Executive,4,Married,7661,16560,0,Y,No,17,3,1,80,2,17,3,2,12,5,4,5,2013-08-02,,2025-12-31,0,26-34,11+ years,Q3,7661.0
24,No,Travel_Rarely,1096,Research & Development,13,3,Life Sciences,1,1757,4,Female,80,2,1,Laboratory Technician,1,Single,5265,16233,2,Y,No,14,3,4,80,0,12,4,2,9,4,0,5,2016-02-04,,2025-12-31,0,18-25,6-10 years,Q2,7020.0
32,No,Travel_Rarely,558,Research & Development,2,2,Life Sciences,1,1759,3,Male,34,2,1,Research Scientist,4,Single,4417,9047,3,Y,No,12,3,3,80,1,10,5,4,6,5,0,2,2019-12-27,,2025-12-31,0,26-34,6-10 years,Q1 Low,8834.0
46,No,Travel_Frequently,189,Research & Development,1,3,Life Sciences,1,1761,3,Female,51,3,1,Laboratory Technician,3,Divorced,4059,13336,3,Y,Yes,13,3,1,80,1,10,3,2,7,4,2,3,2018-05-12,,2025-12-31,0,45+,6-10 years,Q1 Low,6958.285714285715
42,No,Travel_Rarely,215,Sales,10,3,Life Sciences,1,1763,1,Female,36,3,4,Manager,3,Married,18734,11109,4,Y,No,18,4,1,80,0,27,2,2,24,20,2,8,2001-11-30,,2025-12-31,0,35-44,11+ years,Q4 High,9367.0
46,No,Travel_Rarely,774,Research & Development,9,1,Other,1,1765,3,Male,93,3,1,Laboratory Technician,2,Single,4978,13435,4,Y,No,11,3,1,80,0,16,2,3,8,3,2,6,2017-03-11,,2025-12-31,0,45+,6-10 years,Q2,7467.0
42,No,Non-Travel,499,Research & Development,10,1,Life Sciences,1,1767,2,Male,86,3,2,Healthcare Representative,4,Divorced,7386,22392,2,Y,Yes,15,3,4,80,1,7,2,3,3,1,0,2,2022-05-03,,2025-12-31,0,35-44,2-3 years,Q3,29544.0
27,No,Travel_Frequently,209,Sales,9,3,Medical,1,1769,3,Male,55,3,4,Manager,2,Married,14147,9587,3,Y,No,14,3,4,80,0,8,4,3,4,2,1,1,2021-09-01,,2025-12-31,0,26-34,4-5 years,Q4 High,42441.0
34,No,Travel_Rarely,299,Research & Development,12,3,Medical,1,1771,3,Male,54,3,1,Research Scientist,3,Single,5979,12975,2,Y,Yes,19,3,2,80,0,20,2,3,15,14,1,5,2010-08-03,,2025-12-31,0,26-34,11+ years,Q2,4783.2
30,No,Travel_Rarely,891,Research & Development,20,4,Life Sciences,1,1773,3,Female,98,2,2,Healthcare Representative,4,Married,6890,25965,5,Y,No,19,3,4,80,1,4,5,3,2,2,1,1,2023-03-10,,2025-12-31,0,26-34,2-3 years,Q3,41340.0
49,No,Travel_Rarely,1348,Research & Development,9,3,Medical,1,1775,2,Female,61,1,1,Research Scientist,4,Married,4695,23040,3,Y,No,17,3,2,80,2,8,4,2,5,4,0,3,2020-05-01,,2025-12-31,0,45+,4-5 years,Q1 Low,11268.0
26,No,Travel_Rarely,691,Research & Development,2,1,Life Sciences,1,1777,3,Female,37,3,1,Laboratory Technician,3,Married,4942,17595,2,Y,No,14,4,4,80,0,13,2,3,11,7,4,8,2014-01-06,,2025-12-31,0,26-34,11+ years,Q1 Low,5391.272727272727
45,No,Travel_Rarely,1086,Research & Development,1,3,Marketing,1,1779,4,Female,38,3,1,Research Scientist,4,Divorced,5887,15932,2,Y,No,17,3,3,80,1,8,0,3,8,7,2,2,2017-11-23,,2025-12-31,0,45+,6-10 years,Q2,8830.5
45,No,Travel_Rarely,862,Sales,7,1,Life Sciences,1,1781,3,Male,83,3,2,Sales Executive,4,Married,8416,19386,5,Y,No,17,3,4,80,2,13,6,3,8,7,1,5,2017-04-13,,2025-12-31,0,45+,6-10 years,Q3,12624.0
54,No,Travel_Frequently,1343,Sales,7,4,Medical,1,1783,1,Male,49,3,2,Sales Executive,2,Single,8936,18144,2,Y,No,13,3,2,80,0,20,6,3,17,10,7,5,2008-09-19,,2025-12-31,0,45+,11+ years,Q4 High,6307.764705882353
33,Yes,Travel_Frequently,172,Sales,3,5,Medical,1,1785,3,Female,97,3,2,Sales Executive,3,Single,5260,12619,2,Y,No,20,3,2,80,1,6,3,2,1,1,0,1,2024-05-20,2022-04-21,2025-12-31,1,26-34,0-1 years,Q2,63120.0
43,No,Travel_Rarely,977,Research & Development,1,3,Technical Degree,1,1787,1,Male,96,3,1,Laboratory Technician,2,Married,5777,22936,2,Y,No,25,3,4,80,0,15,2,3,11,9,1,9,2014-07-14,,2025-12-31,0,35-44,11+ years,Q2,6302.181818181818
58,No,Travel_Rarely,816,Sales,6,3,Marketing,1,1789,4,Female,73,2,1,Sales Representative,2,Single,7772,3539,1,Y,No,13,3,1,80,2,27,2,3,21,20,1,17,2004-09-23,,2025-12-31,0,45+,11+ years,Q3,4441.142857142857
31,No,Travel_Rarely,534,Research & Development,25,2,Medical,1,1791,3,Female,70,3,1,Research Scientist,4,Single,4094,10275,5,Y,No,19,3,4,80,0,13,2,3,6,5,1,2,2019-01-19,,2025-12-31,0,26-34,6-10 years,Q1 Low,8188.0
23,No,Travel_Rarely,691,Research & Development,11,3,Life Sciences,1,1793,2,Female,71,3,1,Research Scientist,3,Divorced,3550,20320,3,Y,No,15,3,3,80,0,10,1,3,6,5,3,3,2019-01-30,,2025-12-31,0,18-25,6-10 years,Q1 Low,7100.0
20,Yes,Travel_Rarely,214,Sales,11,4,Medical,1,1795,1,Female,40,1,1,Sales Representative,1,Single,5255,21669,3,Y,No,15,3,3,80,1,15,0,3,10,9,1,3,2015-07-06,2022-01-22,2025-12-31,1,18-25,6-10 years,Q2,6306.0
43,No,Travel_Rarely,124,Research & Development,8,2,Marketing,1,1797,2,Male,72,3,1,Research Scientist,4,Single,5205,21846,1,Y,No,14,4,3,80,1,9,4,2,8,5,3,5,2017-10-02,,2025-12-31,0,35-44,6-10 years,Q2,7807.5
20,Yes,Travel_Frequently,276,Research & Development,7,2,Technical Degree,1,1799,4,Female,37,3,2,Manufacturing Director,2,Married,6851,20790,5,Y,Yes,13,3,1,80,0,14,3,3,12,10,4,4,2013-09-07,2021-07-23,2025-12-31,1,18-25,11+ years,Q3,6851.0
34,No,Travel_Rarely,1402,Research & Development,12,3,Life Sciences,1,1801,1,Female,75,3,2,Manufacturing Director,4,Divorced,6902,7492,2,Y,No,21,3,3,80,1,11,2,3,7,3,0,5,2018-09-04,,2025-12-31,0,26-34,6-10 years,Q3,11832.0
41,No,Non-Travel,392,Research & Development,3,4,Life Sciences,1,1803,3,Male,63,3,2,Healthcare Representative,4,Married,7068,3597,1,Y,No,18,3,4,80,2,17,6,2,8,6,3,5,2017-06-30,,2025-12-31,0,35-44,6-10 years,Q3,10602.0
39,Yes,Non-Travel,1343,Research & Development,29,3,Marketing,1,1805,4,Female,97,3,2,Manufacturing Director,4,Single,6474,10249,2,Y,No,15,4,2,80,2,5,6,4,2,2,1,1,2023-04-08,2025-07-11,2025-12-31,1,35-44,2-3 years,Q2,38844.0
41,No,Travel_Rarely,1126,Research & Development,3,4,Medical,1,1807,2,Male,44,3,1,Laboratory Technician,4,Married,5489,8827,3,Y,No,18,3,4,80,1,12,0,3,8,6,3,6,2017-01-26,,2025-12-31,0,35-44,6-10 years,Q2,8233.5
39,No,Travel_Rarely,414,Research & Development,13,1,Life Sciences,1,1809,2,Female,47,3,2,Manufacturing Director,2,Divorced,7976,7945,2,Y,No,18,3,3,80,2,14,4,3,7,6,2,4,2018-12-18,,2025-12-31,0,35-44,6-10 years,Q3,13673.142857142857
49,No,Non-Travel,793,Sales,3,3,Medical,1,1811,3,Male,40,2,2,Sales Executive,3,Single,10222,15301,0,Y,No,13,3,3,80,2,24,2,2,21,13,2,8,2004-12-05,,2025-12-31,0,45+,11+ years,Q4 High,5841.142857142857
28,No,Non-Travel,650,Sales,9,4,Medical,1,1813,3,Male,48,3,2,Sales Executive,2,Single,8962,21305,1,Y,No,12,3,2,80,1,18,2,3,13,9,2,8,2012-01-24,,2025-12-31,0,26-34,11+ years,Q4 High,8272.615384615385
31,No,Travel_Rarely,1276,Research & Development,14,2,Other,1,1815,1,Male,54,3,2,Manufacturing Director,2,Married,6295,13003,0,Y,No,20,3,3,80,2,10,5,2,9,3,2,7,2016-09-30,,2025-12-31,0,26-34,6-10 years,Q2,8393.333333333334
30,No,Travel_Rarely,162,Research & Development,2,3,Medical,1,1817,1,Female,51,1,1,Laboratory Technician,3,Married,6669,8983,3,Y,No,19,3,4,80,1,13,1,3,11,5,2,6,2014-09-20,,2025-12-31,0,26-34,11+ years,Q3,7275.272727272727
44,No,Travel_Rarely,1212,Research & Development,4,2,Life Sciences,1,1819,3,Male,91,3,2,Healthcare Representative,1,Single,6995,16853,0,Y,No,25,3,2,80,1,9,2,3,8,6,3,5,2017-07-12,,2025-12-31,0,35-44,6-10 years,Q3,10492.5
45,No,Non-Travel,202,Research & Development,4,1,Life Sciences,1,1821,4,Male,66,3,2,Healthcare Representative,4,Single,6202,8229,1,Y,No,11,3,3,80,1,12,3,3,7,5,3,6,2018-02-11,,2025-12-31,0,45+,6-10 years,Q2,10632.0
41,No,Travel_Rarely,258,Research & Development,7,2,Life Sciences,1,1823,1,Male,39,3,2,Healthcare Representative,4,Married,7835,25406,0,Y,No,16,3,3,80,0,14,2,2,12,6,1,6,2013-03-19,,2025-12-31,0,35-44,11+ years,Q3,7835.0
48,No,Travel_Rarely,660,Research & Development,10,4,Medical,1,1825,2,Female,81,3,3,Research Director,2,Divorced,11622,13411,1,Y,Yes,18,3,3,80,0,11,3,3,5,2,1,4,2020-02-06,,2025-12-31,0,45+,4-5 years,Q4 High,27892.8
26,No,Travel_Frequently,833,Research & Development,26,3,Medical,1,1827,2,Male,97,3,1,Laboratory Technician,3,Divorced,4661,11791,2,Y,Yes,16,3,3,80,1,8,3,3,5,3,2,2,2020-11-26,,2025-12-31,0,26-34,4-5 years,Q1 Low,11186.4
52,No,Travel_Rarely,458,Research & Development,5,4,Life Sciences,1,1829,4,Male,57,3,1,Research Scientist,3,Married,5431,13738,0,Y,Yes,18,3,3,80,1,7,3,3,2,2,0,1,2023-12-11,,2025-12-31,0,45+,2-3 years,Q2,32586.0
51,No,Travel_Rarely,799,Research & Development,25,3,Medical,1,1831,2,Female,59,3,1,Laboratory Technician,4,Divorced,4956,8810,5,Y,Yes,12,3,1,80,1,10,4,3,6,4,1,2,2019-05-30,,2025-12-31,0,45+,6-10 years,Q2,9912.0
44,Yes,Travel_Rarely,864,Research & Development,11,3,Marketing,1,1833,4,Male,75,3,1,Laboratory Technician,3,Single,6241,13398,3,Y,No,11,3,4,80,2,10,0,3,8,3,0,4,2017-10-09,2025-01-07,2025-12-31,1,35-44,6-10 years,Q2,9361.5
53,Yes,Travel_Frequently,976,Sales,3,3,Life Sciences,1,1835,1,Female,69,3,1,Sales Representative,2,Single,5273,25930,2,Y,Yes,11,3,4,80,1,13,1,3,10,8,1,3,2015-02-22,2021-05-17,2025-12-31,1,45+,6-10 years,Q2,6327.6
22,No,Travel_Rarely,589,Sales,8,4,Life Sciences,1,1837,4,Male,50,3,4,Manager,3,Married,12313,14551,1,Y,No,14,3,1,80,0,6,5,3,3,2,1,1,2022-11-21,,2025-12-31,0,18-25,2-3 years,Q4 High,49252.0
32,No,Travel_Rarely,291,Research & Development,2,4,Other,1,1839,3,Female,44,2,2,Manufacturing Director,3,Single,7769,24850,3,Y,No,13,3,3,80,1,9,5,3,8,6,0,3,2017-08-15,,2025-12-31,0,26-34,6-10 years,Q3,11653.5
30,Yes,Travel_Rarely,343,Sales,7,4,Life Sciences,1,1841,3,Male,32,3,2,Sales Executive,4,Single,8357,22490,1,Y,Yes,20,3,4,80,0,17,3,3,12,5,0,5,2013-06-03,2023-10-14,2025-12-31,1,26-34,11+ years,Q3,8357.0
43,No,Travel_Rarely,1093,Research & Development,6,1,Marketing,1,1843,2,Male,98,4,1,Research Scientist,1,Married,4135,5939,2,Y,No,11,3,4,80,1,4,5,3,2,2,1,1,2023-07-26,,2025-12-31,0,35-44,2-3 years,Q1 Low,24810.0
27,No,Travel_Rarely,1033,Sales,10,3,Medical,1,1845,3,Female,37,3,2,Sales Executive,1,Single,7234,9745,2,Y,Yes,15,4,4,80,1,9,3,3,4,2,1,3,2021-03-29,,2025-12-31,0,26-34,4-5 years,Q3,21702.0
44,No,Travel_Rarely,682,Sales,13,3,Marketing,1,1847,1,Male,38,3,2,Sales Executive,4,Single,9962,10454,5,Y,No,23,3,4,80,1,20,3,3,17,14,0,6,2008-07-18,,2025-12-31,0,35-44,11+ years,Q4 High,7032.0
49,Yes,Travel_Rarely,1200,Research & Development,8,4,Marketing,1,1849,1,Female,31,3,2,Healthcare Representative,4,Single,6950,25575,2,Y,Yes,15,3,1,80,0,9,3,2,5,3,2,2,2020-07-26,2023-03-07,2025-12-31,1,45+,4-5 years,Q3,16680.0
43,No,Travel_Frequently,832,Research & Development,3,2,Medical,1,1851,2,Male,66,3,1,Research Scientist,4,Married,9581,23387,2,Y,No,12,3,4,80,0,32,6,3,29,12,8,6,1996-05-13,,2025-12-31,0,35-44,11+ years,Q4 High,3964.551724137931
39,No,Travel_Frequently,880,Research & Development,21,2,Technical Degree,1,1853,4,Male,41,3,1,Research Scientist,3,Divorced,8018,13079,1,Y,No,13,3,4,80,0,25,3,2,20,7,2,5,2005-01-13,,2025-12-31,0,35-44,11+ years,Q3,4810.8
28,No,Travel_Rarely,893,Research & Development,27,3,Technical Degree,1,1855,3,Male,48,3,1,Research Scientist,3,Married,2803,10645,0,Y,No,17,3,2,80,1,11,6,3,5,3,2,4,2020-07-30,,2025-12-31,0,26-34,4-5 years,Q1 Low,6727.2
29,No,Travel_Rarely,1102,Research & Development,7,2,Medical,1,1857,3,Female,56,3,1,Laboratory Technician,3,Married,5703,11446,4,Y,Yes,11,3,3,80,1,22,1,3,15,12,2,11,2010-05-18,,2025-12-31,0,26-34,11+ years,Q2,4562.4
48,No,Travel_Rarely,1005,Research & Development,11,2,Life Sciences,1,1859,3,Male,53,3,1,Laboratory Technician,1,Married,8509,5671,0,Y,No,23,3,3,80,1,19,6,3,15,6,2,11,2010-05-28,,2025-12-31,0,45+,11+ years,Q3,6807.2
44,No,Travel_Frequently,832,Research & Development,7,4,Life Sciences,1,1861,1,Male,95,3,1,Research Scientist,3,Single,4151,13379,2,Y,No,16,3,3,80,0,9,2,3,6,5,2,3,2019-01-31,,2025-12-31,0,35-44,6-10 years,Q1 Low,8302.0
37,No,Travel_Rarely,190,Sales,10,3,Marketing,1,1863,4,Male,45,3,2,Sales Executive,1,Divorced,8565,24807,4,Y,No,18,3,2,80,2,11,3,2,10,7,1,3,2015-07-18,,2025-12-31,0,35-44,6-10 years,Q3,10278.0
33,No,Travel_Rarely,667,Human Resources,10,4,Medical,1,1865,3,Male,31,2,1,Human Resources,2,Married,3841,14837,3,Y,No,15,3,1,80,3,6,3,4,5,3,2,1,2020-03-23,,2025-12-31,0,26-34,4-5 years,Q1 Low,9218.4
18,No,Travel_Rarely,487,Research & Development,3,4,Life Sciences,1,1867,3,Male,50,2,1,Research Scientist,4,Single,3346,26555,2,Y,No,23,3,1,80,0,6,0,3,3,1,1,2,2022-05-04,,2025-12-31,0,18-25,2-3 years,Q1 Low,13384.0
27,No,Travel_Rarely,1410,Research & Development,7,2,Life Sciences,1,1869,3,Female,39,2,2,Manufacturing Director,2,Married,7610,18582,1,Y,No,16,3,3,80,1,22,4,3,18,16,3,13,2007-01-13,,2025-12-31,0,26-34,11+ years,Q3,5073.333333333333
54,Yes,Travel_Rarely,1119,Research & Development,17,3,Medical,1,1871,4,Male,87,3,1,Laboratory Technician,4,Single,5511,7897,3,Y,Yes,17,3,2,80,0,13,2,3,7,4,0,5,2018-07-25,2024-06-12,2025-12-31,1,45+,6-10 years,Q2,9447.42857142857
25,No,Travel_Rarely,535,Research & Development,16,1,Life Sciences,1,1873,4,Female,46,3,1,Laboratory Technician,2,Divorced,4692,17005,3,Y,No,20,3,4,80,1,12,2,3,10,4,0,4,2015-09-12,,2025-12-31,0,18-25,6-10 years,Q1 Low,5630.4
39,No,Travel_Rarely,1015,Sales,7,4,Medical,1,1875,3,Male,36,3,2,Sales Executive,2,Single,7697,5814,0,Y,No,20,3,1,80,1,21,3,3,17,13,1,7,2008-04-12,,2025-12-31,0,35-44,11+ years,Q3,5433.176470588235
46,No,Travel_Frequently,146,Research & Development,10,3,Marketing,1,1877,2,Female,75,1,4,Manager,3,Married,15446,24359,0,Y,No,11,3,4,80,1,20,2,3,16,8,6,4,2009-10-06,,2025-12-31,0,45+,11+ years,Q4 High,11584.5
25,Yes,Travel_Rarely,1069,Research & Development,7,3,Medical,1,1879,3,Female,79,3,1,Laboratory Technician,4,Single,4393,9450,1,Y,No,13,3,4,80,0,10,4,3,6,4,1,4,2019-03-13,2023-06-03,2025-12-31,1,18-25,6-10 years,Q1 Low,8786.0
39,No,Travel_Rarely,406,Research & Development,13,2,Life Sciences,1,1881,3,Male,39,3,2,Manufacturing Director,3,Married,5386,18669,2,Y,No,13,3,4,80,2,6,3,3,1,0,0,0,2024-01-10,,2025-12-31,0,35-44,0-1 years,Q2,64632.0
45,No,Travel_Rarely,213,Research & Development,2,3,Life Sciences,1,1883,2,Female,45,3,1,Research Scientist,4,Married,3644,3151,7,Y,Yes,11,3,4,80,0,8,3,1,5,5,1,3,2020-02-29,,2025-12-31,0,45+,4-5 years,Q1 Low,8745.6
37,Yes,Travel_Rarely,1181,Research & Development,12,2,Life Sciences,1,1885,2,Male,30,3,1,Laboratory Technician,1,Divorced,2986,11422,1,Y,No,20,3,1,80,2,2,6,3,1,1,0,1,2024-02-18,2024-10-24,2025-12-31,1,35-44,0-1 years,Q1 Low,35832.0
60,No,Travel_Rarely,143,Sales,22,3,Life Sciences,1,1887,2,Female,38,2,2,Sales Executive,4,Single,6360,18641,2,Y,No,13,3,3,80,0,18,6,3,14,13,1,10,2011-02-14,,2025-12-31,0,45+,11+ years,Q2,5451.428571428572
22,No,Travel_Rarely,453,Research & Development,5,4,Medical,1,1889,3,Female,42,3,1,Laboratory Technician,2,Married,3237,19159,2,Y,No,14,3,1,80,0,14,4,3,8,5,1,2,2017-02-20,,2025-12-31,0,18-25,6-10 years,Q1 Low,4855.5
47,No,Travel_Rarely,1354,Research & Development,20,4,Medical,1,1891,2,Male,90,2,4,Manager,4,Divorced,14441,14847,2,Y,No,11,3,4,80,1,7,3,3,3,2,1,1,2022-01-27,,2025-12-31,0,45+,2-3 years,Q4 High,57764.0
35,No,Travel_Rarely,1106,Research & Development,10,2,Life Sciences,1,1893,2,Male,77,3,1,Laboratory Technician,3,Single,5129,2700,2,Y,No,25,3,2,80,2,17,3,4,7,6,0,5,2018-03-07,,2025-12-31,0,35-44,6-10 years,Q2,8792.57142857143
44,No,Travel_Rarely,1135,Sales,8,3,Life Sciences,1,1895,3,Male,45,3,2,Sales Executive,4,Married,10764,6236,1,Y,No,19,3,3,80,1,22,5,3,20,11,4,11,2005-05-18,,2025-12-31,0,35-44,11+ years,Q4 High,6458.4
41,No,Travel_Rarely,493,Sales,7,4,Life Sciences,1,1897,3,Male,70,3,2,Sales Executive,3,Single,10982,2977,0,Y,Yes,16,3,4,80,0,27,3,2,21,13,1,14,2004-10-26,,2025-12-31,0,35-44,11+ years,Q4 High,6275.428571428572
30,Yes,Travel_Frequently,816,Research & Development,21,1,Other,1,1899,1,Male,59,3,1,Laboratory Technician,1,Single,3884,8036,0,Y,No,19,4,4,80,2,11,0,3,2,1,0,1,2023-09-17,2024-10-29,2025-12-31,1,26-34,2-3 years,Q1 Low,23304.0
39,No,Travel_Rarely,859,Research & Development,7,4,Medical,1,1901,2,Male,84,2,1,Research Scientist,4,Single,5580,23219,2,Y,No,19,3,4,80,1,8,2,1,5,5,1,4,2020-11-13,,2025-12-31,0,35-44,4-5 years,Q2,13392.0
20,No,Travel_Rarely,329,Sales,24,2,Technical Degree,1,1903,4,Male,40,3,2,Sales Executive,2,Single,10661,24634,2,Y,No,17,3,3,80,0,28,1,2,21,8,0,15,2004-01-11,,2025-12-31,0,18-25,11+ years,Q4 High,6092.0
42,No,Travel_Rarely,455,Research & Development,23,3,Technical Degree,1,1905,3,Female,81,3,2,Manufacturing Director,2,Single,7183,7761,1,Y,No,12,3,3,80,1,9,1,3,6,5,1,5,2020-01-01,,2025-12-31,0,35-44,6-10 years,Q3,14366.0
40,Yes,Travel_Rarely,523,Sales,6,3,Medical,1,1907,2,Male,77,1,2,Sales Executive,4,Married,8506,22350,3,Y,Yes,18,3,3,80,1,9,3,3,6,4,2,3,2019-10-29,2021-08-11,2025-12-31,1,35-44,6-10 years,Q3,17012.0
43,No,Travel_Rarely,599,Research & Development,7,3,Medical,1,1909,4,Male,36,3,1,Research Scientist,1,Divorced,4166,3875,3,Y,No,16,4,1,80,1,7,4,3,2,1,0,1,2023-01-09,,2025-12-31,0,35-44,2-3 years,Q1 Low,24996.0
47,No,Travel_Rarely,1401,Research & Development,1,4,Life Sciences,1,1911,1,Female,83,3,2,Healthcare Representative,2,Single,7961,13926,4,Y,Yes,18,3,4,80,1,10,2,3,7,2,2,2,2018-07-16,,2025-12-31,0,45+,6-10 years,Q3,13647.42857142857
40,No,Travel_Rarely,119,Research & Development,8,1,Medical,1,1913,4,Male,30,3,1,Research Scientist,3,Married,6049,2212,1,Y,No,16,3,3,80,2,20,2,3,15,14,3,12,2010-06-04,,2025-12-31,0,35-44,11+ years,Q2,4839.2
38,No,Travel_Rarely,314,Research & Development,9,3,Life Sciences,1,1915,2,Male,61,3,4,Manager,4,Single,13539,24156,2,Y,No,23,3,1,80,2,5,5,3,2,2,1,1,2023-08-17,,2025-12-31,0,35-44,2-3 years,Q4 High,81234.0
29,No,Travel_Rarely,843,Research & Development,18,3,Marketing,1,1917,1,Male,91,2,1,Research Scientist,1,Divorced,2669,22867,3,Y,No,17,3,4,80,1,4,2,2,3,2,1,1,2022-01-02,,2025-12-31,0,26-34,2-3 years,Q1 Low,10676.0
30,No,Travel_Frequently,593,Sales,23,4,Life Sciences,1,1919,2,Female,44,3,4,Manager,3,Divorced,15327,25665,4,Y,No,16,3,3,80,0,21,5,3,17,10,7,6,2008-07-08,,2025-12-31,0,26-34,11+ years,Q4 High,10819.058823529413
48,No,Non-Travel,217,Research & Development,14,2,Marketing,1,1921,2,Female,90,3,1,Laboratory Technician,4,Married,4414,26089,1,Y,No,20,4,4,80,1,17,6,3,12,6,3,8,2013-01-21,,2025-12-31,0,45+,11+ years,Q1 Low,4414.0
50,No,Travel_Rarely,660,Research & Development,17,4,Life Sciences,1,1923,3,Male,85,3,2,Healthcare Representative,4,Married,6851,19181,2,Y,No,14,3,4,80,3,10,1,3,5,4,0,4,2020-06-05,,2025-12-31,0,45+,4-5 years,Q3,16442.4
35,No,Travel_Rarely,362,Research & Development,7,3,Technical Degree,1,1925,3,Female,63,3,4,Manager,4,Single,21517,17221,1,Y,No,13,3,4,80,0,40,4,2,33,24,12,24,1992-03-31,,2025-12-31,0,35-44,11+ years,Q4 High,7824.363636363636
37,No,Travel_Rarely,435,Research & Development,3,2,Life Sciences,1,1927,4,Male,49,3,1,Research Scientist,4,Married,6186,2037,7,Y,No,15,3,1,80,1,18,1,3,12,9,4,7,2014-01-02,,2025-12-31,0,35-44,11+ years,Q2,6186.0
29,No,Travel_Rarely,621,Research & Development,10,4,Medical,1,1929,2,Female,53,1,4,Manager,3,Divorced,18336,13155,6,Y,No,16,3,2,80,1,23,2,3,21,12,9,18,2004-08-02,,2025-12-31,0,26-34,11+ years,Q4 High,10477.714285714286
48,No,Travel_Rarely,974,Research & Development,18,1,Medical,1,1931,2,Female,57,3,1,Laboratory Technician,3,Married,4301,17411,3,Y,No,13,3,4,80,1,11,1,3,8,8,0,2,2017-03-01,,2025-12-31,0,45+,6-10 years,Q1 Low,6451.5
43,No,Travel_Rarely,1256,Sales,1,3,Life Sciences,1,1933,1,Female,40,3,2,Sales Executive,1,Married,7217,15138,1,Y,Yes,17,3,4,80,2,12,5,3,5,2,1,4,2020-08-13,,2025-12-31,0,35-44,4-5 years,Q3,17320.8
55,No,Travel_Rarely,1116,Research & Development,9,1,Medical,1,1935,1,Male,59,3,1,Research Scientist,4,Married,6575,25642,5,Y,No,19,3,3,80,1,9,2,3,6,2,1,3,2019-12-06,,2025-12-31,0,45+,6-10 years,Q2,13150.0
29,No,Travel_Rarely,303,Research & Development,1,3,Human Resources,1,1937,3,Male,67,3,1,Laboratory Technician,4,Married,4194,12152,2,Y,No,16,3,3,80,1,7,3,2,2,2,1,1,2023-04-20,,2025-12-31,0,26-34,2-3 years,Q1 Low,25164.0
33,No,Travel_Rarely,1083,Research & Development,4,3,Life Sciences,1,1939,1,Male,30,2,1,Research Scientist,4,Divorced,5838,9376,4,Y,No,15,3,1,80,0,14,5,3,14,10,6,4,2011-03-11,,2025-12-31,0,26-34,11+ years,Q2,5004.0
39,No,Travel_Rarely,754,Sales,10,3,Technical Degree,1,1941,3,Female,98,2,1,Sales Representative,1,Married,2981,6156,2,Y,No,13,3,4,80,2,8,4,4,6,3,1,1,2019-04-30,,2025-12-31,0,35-44,6-10 years,Q1 Low,5962.0
43,Yes,Travel_Frequently,955,Sales,24,3,Medical,1,1943,3,Male,62,2,1,Sales Representative,3,Married,4043,6353,3,Y,No,21,3,2,80,0,11,4,2,9,7,3,4,2016-02-02,2022-05-18,2025-12-31,1,35-44,6-10 years,Q1 Low,5390.666666666667
35,No,Travel_Rarely,315,Sales,9,3,Marketing,1,1945,2,Female,94,3,4,Manager,3,Married,14716,18518,2,Y,No,18,3,2,80,3,13,1,4,5,3,1,2,2020-10-09,,2025-12-31,0,35-44,4-5 years,Q4 High,35318.4
29,No,Travel_Rarely,333,Research & Development,14,2,Life Sciences,1,1947,3,Female,73,3,2,Healthcare Representative,3,Single,7814,16395,0,Y,No,15,3,3,80,0,17,4,3,9,3,1,5,2016-05-05,,2025-12-31,0,26-34,6-10 years,Q3,10418.666666666666
45,No,Travel_Rarely,1477,Research & Development,10,3,Medical,1,1949,1,Male,93,3,1,Laboratory Technician,4,Married,5332,12428,1,Y,No,17,3,2,80,0,7,3,4,2,1,0,1,2023-06-10,,2025-12-31,0,45+,2-3 years,Q2,31992.0
43,No,Travel_Rarely,501,Research & Development,5,4,Technical Degree,1,1951,2,Female,38,2,1,Research Scientist,3,Single,5503,4383,2,Y,No,13,3,4,80,1,14,2,2,10,5,0,3,2015-04-06,,2025-12-31,0,35-44,6-10 years,Q2,6603.6
29,No,Travel_Rarely,584,Research & Development,12,4,Medical,1,1953,3,Female,61,2,1,Research Scientist,2,Single,2359,17386,3,Y,No,11,3,1,80,1,9,5,2,3,1,0,2,2022-04-06,,2025-12-31,0,26-34,2-3 years,Q1 Low,9436.0
49,No,Travel_Rarely,489,Research & Development,3,2,Medical,1,1955,3,Female,83,3,1,Research Scientist,4,Single,4450,5072,2,Y,Yes,12,3,1,80,1,9,3,1,6,3,0,5,2019-11-16,,2025-12-31,0,45+,6-10 years,Q1 Low,8900.0
48,No,Travel_Rarely,272,Research & Development,9,1,Life Sciences,1,1957,1,Female,55,3,1,Research Scientist,4,Divorced,4458,21157,1,Y,No,11,3,3,80,0,12,2,3,5,3,1,4,2020-11-17,,2025-12-31,0,45+,4-5 years,Q1 Low,10699.2
38,No,Travel_Rarely,892,Research & Development,20,4,Life Sciences,1,1959,3,Female,91,3,1,Research Scientist,2,Divorced,5023,10277,3,Y,No,15,3,3,80,1,13,3,3,10,4,2,6,2015-07-11,,2025-12-31,0,35-44,6-10 years,Q2,6027.6
38,No,Travel_Rarely,606,Research & Development,10,3,Medical,1,1961,1,Male,71,3,1,Research Scientist,2,Divorced,3607,25194,5,Y,No,17,4,1,80,2,10,3,2,2,2,1,1,2023-04-07,,2025-12-31,0,35-44,2-3 years,Q1 Low,21642.0
42,No,Travel_Rarely,243,Sales,10,3,Medical,1,1963,3,Female,77,3,4,Manager,4,Married,14566,8715,1,Y,Yes,14,3,3,80,3,11,4,3,5,3,1,4,2020-05-19,,2025-12-31,0,35-44,4-5 years,Q4 High,34958.4
29,No,Travel_Rarely,346,Research & Development,7,4,Medical,1,1965,3,Male,35,2,1,Laboratory Technician,4,Married,4951,12036,1,Y,No,15,3,3,80,0,22,2,2,17,9,4,11,2008-01-15,,2025-12-31,0,26-34,11+ years,Q2,3494.823529411765
37,No,Travel_Rarely,640,Research & Development,2,3,Life Sciences,1,1967,3,Female,59,2,1,Research Scientist,3,Married,3211,7667,1,Y,No,11,3,4,80,1,7,5,2,3,2,0,1,2022-04-23,,2025-12-31,0,35-44,2-3 years,Q1 Low,12844.0
18,Yes,Travel_Rarely,419,Sales,7,3,Medical,1,1969,4,Female,52,1,1,Sales Representative,1,Divorced,4446,17767,4,Y,Yes,18,3,1,80,1,6,6,3,2,2,1,1,2023-05-01,2025-02-27,2025-12-31,1,18-25,2-3 years,Q1 Low,26676.0
45,No,Travel_Rarely,784,Research & Development,16,4,Life Sciences,1,1971,3,Male,54,2,1,Research Scientist,1,Divorced,5826,13042,4,Y,No,11,3,4,80,1,9,5,2,5,4,0,2,2020-12-11,,2025-12-31,0,45+,4-5 years,Q2,13982.4
23,No,Non-Travel,333,Sales,11,3,Medical,1,1973,1,Female,42,2,2,Sales Executive,2,Divorced,5276,9568,2,Y,No,17,4,3,80,0,7,3,2,4,2,2,3,2021-12-11,,2025-12-31,0,18-25,4-5 years,Q2,15828.0
51,No,Travel_Rarely,1488,Research & Development,3,2,Technical Degree,1,1975,2,Male,54,3,1,Laboratory Technician,3,Married,7498,24340,0,Y,No,14,3,1,80,1,28,4,3,24,10,5,16,2001-05-28,,2025-12-31,0,45+,11+ years,Q3,3749.0
34,No,Travel_Rarely,661,Research & Development,1,2,Marketing,1,1977,4,Male,46,3,1,Laboratory Technician,3,Divorced,6657,22386,1,Y,Yes,12,3,1,80,1,14,6,3,13,11,1,6,2012-01-23,,2025-12-31,0,26-34,11+ years,Q3,6144.923076923077
35,No,Travel_Rarely,597,Sales,5,2,Life Sciences,1,1979,1,Male,56,3,2,Sales Executive,3,Married,7989,7586,4,Y,Yes,15,3,3,80,0,4,2,3,2,1,0,0,2023-06-17,,2025-12-31,0,35-44,2-3 years,Q3,47934.0
31,No,Non-Travel,766,Sales,7,4,Technical Degree,1,1981,3,Female,40,3,4,Manager,4,Married,14483,25402,0,Y,No,19,3,2,80,0,8,3,3,6,2,0,2,2019-05-17,,2025-12-31,0,26-34,6-10 years,Q4 High,28966.0
34,No,Travel_Frequently,711,Sales,8,2,Medical,1,1983,3,Female,35,3,4,Manager,1,Married,15088,20606,4,Y,No,14,3,2,80,0,16,2,3,9,7,1,6,2016-02-06,,2025-12-31,0,26-34,6-10 years,Q4 High,20117.333333333332
50,No,Travel_Rarely,691,Research & Development,8,1,Marketing,1,1985,3,Female,66,2,1,Laboratory Technician,1,Married,4032,7720,0,Y,No,14,3,2,80,2,10,3,3,6,3,1,3,2019-02-01,,2025-12-31,0,45+,6-10 years,Q1 Low,8064.0
18,Yes,Travel_Rarely,640,Research & Development,9,4,Life Sciences,1,1987,3,Male,66,3,1,Laboratory Technician,2,Single,4001,19466,2,Y,No,12,3,3,80,2,6,1,3,1,1,0,0,2024-05-16,2021-05-25,2025-12-31,1,18-25,0-1 years,Q1 Low,48012.0
49,No,Travel_Rarely,1258,Research & Development,12,2,Medical,1,1989,3,Female,88,3,1,Laboratory Technician,1,Married,5483,7692,3,Y,No,16,3,3,80,0,14,3,3,11,10,1,4,2014-06-21,,2025-12-31,0,45+,11+ years,Q2,5981.454545454545
40,No,Travel_Rarely,161,Research & Development,6,1,Life Sciences,1,1991,3,Female,39,3,1,Research Scientist,1,Single,5273,10597,1,Y,No,19,3,1,80,1,6,4,3,3,2,1,2,2022-05-13,,2025-12-31,0,35-44,2-3 years,Q2,21092.0
26,No,Travel_Frequently,1194,Sales,4,2,Medical,1,1993,4,Male,30,3,2,Sales Executive,3,Single,6135,4534,1,Y,Yes,16,3,3,80,0,5,1,3,1,1,0,1,2024-03-16,,2025-12-31,0,26-34,0-1 years,Q2,73620.0
27,Yes,Travel_Rarely,1043,Research & Development,13,2,Life Sciences,1,1995,3,Male,81,2,1,Research Scientist,4,Divorced,3678,12993,2,Y,Yes,12,3,4,80,1,4,0,3,2,1,1,2,2023-04-12,2022-02-16,2025-12-31,1,26-34,2-3 years,Q1 Low,22068.0
52,No,Travel_Rarely,744,Sales,16,3,Life Sciences,1,1997,2,Male,47,3,2,Sales Executive,4,Single,6560,26858,2,Y,No,17,4,1,80,1,13,4,3,6,5,1,1,2019-07-30,,2025-12-31,0,45+,6-10 years,Q2,13120.0
28,No,Travel_Frequently,216,Research & Development,5,4,Life Sciences,1,1999,3,Female,34,2,1,Laboratory Technician,4,Married,4072,6551,1,Y,No,11,3,4,80,1,12,3,3,8,6,0,4,2017-12-07,,2025-12-31,0,26-34,6-10 years,Q1 Low,6108.0
26,Yes,Travel_Frequently,609,Research & Development,29,4,Life Sciences,1,2001,3,Female,77,3,1,Research Scientist,3,Divorced,2654,18605,1,Y,No,20,3,3,80,2,5,2,3,1,0,0,0,2024-05-22,2025-03-29,2025-12-31,1,26-34,0-1 years,Q1 Low,31848.0
47,No,Travel_Rarely,1323,Research & Development,23,3,Life Sciences,1,2003,4,Female,62,3,4,Manager,4,Divorced,14441,21311,3,Y,No,22,3,4,80,1,10,5,2,6,6,2,3,2019-06-15,,2025-12-31,0,45+,6-10 years,Q4 High,28882.0
40,No,Travel_Rarely,654,Sales,3,3,Medical,1,2005,2,Male,86,2,4,Manager,2,Married,14975,9769,4,Y,No,16,3,1,80,0,9,2,3,4,3,1,2,2021-10-05,,2025-12-31,0,35-44,4-5 years,Q4 High,44925.0
28,No,Travel_Rarely,1088,Sales,2,3,Life Sciences,1,2007,2,Female,54,2,4,Manager,4,Single,16520,11742,2,Y,No,21,3,4,80,0,14,3,3,13,12,3,4,2012-02-24,,2025-12-31,0,26-34,11+ years,Q4 High,15249.23076923077
39,No,Travel_Frequently,941,Sales,7,2,Medical,1,2009,4,Male,73,1,1,Sales Representative,1,Married,3862,3955,2,Y,No,11,3,3,80,2,10,4,2,5,4,0,4,2020-07-16,,2025-12-31,0,35-44,4-5 years,Q1 Low,9268.8
28,No,Travel_Frequently,649,Sales,10,1,Life Sciences,1,2011,3,Male,95,2,4,Manager,2,Married,14117,10044,3,Y,No,13,3,3,80,0,19,1,3,14,8,1,7,2011-03-17,,2025-12-31,0,26-34,11+ years,Q4 High,12100.285714285714
47,No,Travel_Rarely,874,Sales,29,4,Human Resources,1,2013,1,Female,97,3,2,Sales Executive,2,Single,7453,13448,1,Y,Yes,13,3,3,80,1,15,2,3,10,5,4,8,2015-01-24,,2025-12-31,0,45+,6-10 years,Q3,8943.6
47,No,Travel_Rarely,436,Sales,29,2,Technical Degree,1,2015,3,Male,54,3,4,Manager,4,Divorced,14003,2715,5,Y,No,19,3,1,80,1,8,0,3,3,1,1,1,2022-01-04,,2025-12-31,0,45+,2-3 years,Q4 High,56012.0
42,No,Travel_Frequently,283,Research & Development,14,2,Life Sciences,1,2017,4,Female,74,2,1,Research Scientist,4,Married,4978,3064,0,Y,No,15,3,4,80,0,11,5,3,7,3,3,2,2018-07-07,,2025-12-31,0,35-44,6-10 years,Q2,8533.714285714286
40,No,Travel_Rarely,1116,Research & Development,6,3,Medical,1,2019,4,Male,52,3,2,Healthcare Representative,4,Divorced,8770,25980,3,Y,Yes,14,3,3,80,1,10,2,3,6,3,3,4,2019-03-09,,2025-12-31,0,35-44,6-10 years,Q3,17540.0
53,No,Travel_Rarely,379,Research & Development,19,3,Life Sciences,1,2021,3,Female,70,4,1,Research Scientist,3,Divorced,7763,17018,0,Y,No,12,3,1,80,2,20,5,3,14,10,5,9,2011-12-13,,2025-12-31,0,45+,11+ years,Q3,6654.0
37,No,Travel_Frequently,902,Human Resources,9,1,Technical Degree,1,2023,2,Male,62,2,4,Manager,3,Divorced,16190,6875,3,Y,No,19,3,1,80,0,13,3,2,11,8,1,6,2014-06-16,,2025-12-31,0,35-44,11+ years,Q4 High,17661.81818181818
26,No,Travel_Rarely,1165,Sales,3,2,Medical,1,2025,4,Male,57,2,4,Manager,4,Married,14065,10899,3,Y,No,11,3,1,80,0,12,2,3,8,4,1,7,2017-02-11,,2025-12-31,0,26-34,6-10 years,Q4 High,21097.5
41,No,Travel_Rarely,1423,Research & Development,3,3,Life Sciences,1,2027,3,Male,37,3,1,Research Scientist,4,Divorced,5009,24777,4,Y,Yes,13,4,3,80,2,8,2,3,7,5,1,3,2018-10-18,,2025-12-31,0,35-44,6-10 years,Q2,8586.857142857143
56,No,Travel_Frequently,615,Sales,6,3,Life Sciences,1,2029,4,Male,58,2,2,Sales Executive,4,Married,7822,21138,3,Y,No,13,3,3,80,1,8,2,3,6,3,3,3,2019-05-25,,2025-12-31,0,45+,6-10 years,Q3,15644.0
28,No,Travel_Frequently,1091,Sales,17,2,Life Sciences,1,2031,2,Female,85,3,4,Manager,2,Single,15426,13748,1,Y,No,12,3,3,80,1,9,5,3,6,5,1,5,2019-02-12,,2025-12-31,0,26-34,6-10 years,Q4 High,30852.0
34,No,Travel_Rarely,1487,Research & Development,3,3,Life Sciences,1,2033,1,Male,44,2,1,Laboratory Technician,2,Married,4420,15541,1,Y,No,12,4,2,80,1,11,2,4,10,9,3,5,2015-06-30,,2025-12-31,0,26-34,6-10 years,Q1 Low,5304.0
41,No,Travel_Rarely,218,Research & Development,6,3,Medical,1,2035,3,Female,44,3,2,Healthcare Representative,4,Married,13657,7727,3,Y,No,15,3,3,80,0,35,4,3,32,24,14,14,1993-05-03,,2025-12-31,0,35-44,11+ years,Q4 High,5121.375
36,Yes,Travel_Rarely,1200,Sales,23,4,Medical,1,2037,2,Female,66,4,1,Sales Representative,1,Single,5656,24233,1,Y,No,14,3,3,80,0,13,2,4,9,3,3,6,2016-08-25,2021-01-31,2025-12-31,1,35-44,6-10 years,Q2,7541.333333333333
28,No,Travel_Rarely,891,Research & Development,11,3,Life Sciences,1,2039,3,Male,48,3,1,Laboratory Technician,4,Married,4322,20435,1,Y,No,15,3,1,80,1,12,3,2,8,5,2,5,2017-12-11,,2025-12-31,0,26-34,6-10 years,Q1 Low,6483.0
47,No,Travel_Rarely,938,Sales,12,2,Life Sciences,1,2041,4,Male,88,3,2,Sales Executive,3,Married,9278,17222,1,Y,Yes,18,3,2,80,0,13,4,2,10,8,1,4,2015-11-28,,2025-12-31,0,45+,6-10 years,Q4 High,11133.6
58,Yes,Travel_Frequently,1246,Research & Development,17,3,Life Sciences,1,2043,3,Female,80,3,1,Research Scientist,4,Married,1983,26068,2,Y,Yes,21,3,1,80,1,8,1,3,1,1,0,0,2024-12-14,2022-10-08,2025-12-31,1,45+,0-1 years,Q1 Low,23796.0
39,No,Travel_Rarely,533,Sales,6,4,Life Sciences,1,2045,4,Female,64,2,4,Manager,2,Single,16361,9041,1,Y,No,12,4,4,80,1,10,3,2,6,6,1,3,2019-01-13,,2025-12-31,0,35-44,6-10 years,Q4 High,32722.0
29,No,Travel_Rarely,1473,Human Resources,24,1,Marketing,1,2047,3,Female,65,3,1,Human Resources,4,Married,7740,10237,2,Y,No,11,3,4,80,2,21,2,3,16,6,6,4,2009-04-19,,2025-12-31,0,26-34,11+ years,Q3,5805.0
23,No,Travel_Rarely,767,Sales,14,3,Life Sciences,1,2049,3,Male,82,3,1,Sales Representative,3,Divorced,3870,24653,2,Y,No,13,4,4,80,2,8,4,3,5,3,2,4,2020-11-22,,2025-12-31,0,18-25,4-5 years,Q1 Low,9288.0
39,No,Non-Travel,428,Research & Development,8,1,Medical,1,2051,4,Female,41,3,1,Laboratory Technician,3,Married,5884,11352,3,Y,Yes,16,3,2,80,2,18,4,3,14,7,1,4,2011-01-22,,2025-12-31,0,35-44,11+ years,Q2,5043.428571428572
47,No,Travel_Rarely,202,Sales,21,1,Life Sciences,1,2053,3,Male,57,3,1,Sales Representative,3,Married,5034,11863,0,Y,No,11,3,4,80,1,11,3,3,8,6,1,3,2017-01-30,,2025-12-31,0,45+,6-10 years,Q2,7551.0
41,No,Travel_Rarely,970,Sales,14,3,Life Sciences,1,2055,3,Female,62,2,4,Manager,4,Married,14198,26377,3,Y,No,18,3,3,80,0,16,4,4,8,5,2,5,2017-10-23,,2025-12-31,0,35-44,6-10 years,Q4 High,21297.0
37,No,Travel_Rarely,1464,Research & Development,8,2,Medical,1,2057,3,Female,84,3,4,Manager,4,Single,13511,3894,1,Y,Yes,16,4,3,80,0,5,1,3,3,1,1,2,2022-08-15,,2025-12-31,0,35-44,2-3 years,Q4 High,54044.0
32,No,Travel_Rarely,1168,Sales,13,4,Medical,1,2059,3,Male,79,3,2,Sales Executive,2,Married,8179,19550,2,Y,Yes,18,3,2,80,1,14,2,2,8,4,0,5,2017-06-03,,2025-12-31,0,26-34,6-10 years,Q3,12268.5
27,No,Travel_Rarely,444,Research & Development,4,3,Life Sciences,1,2061,2,Male,58,3,2,Healthcare Representative,4,Married,6508,19833,5,Y,No,14,3,4,80,1,12,5,3,7,5,1,3,2018-12-28,,2025-12-31,0,26-34,6-10 years,Q2,11156.57142857143
44,No,Travel_Rarely,509,Research & Development,19,3,Medical,1,2063,4,Male,87,3,2,Manufacturing Director,2,Divorced,7806,4397,1,Y,Yes,14,3,4,80,0,10,2,2,5,5,2,4,2020-09-05,,2025-12-31,0,35-44,4-5 years,Q3,18734.4
45,No,Travel_Rarely,148,Research & Development,29,3,Medical,1,2065,4,Male,55,1,1,Laboratory Technician,2,Single,7453,21890,1,Y,Yes,19,3,2,80,3,20,2,2,20,11,9,11,2005-10-29,,2025-12-31,0,45+,11+ years,Q3,4471.8
23,No,Travel_Rarely,218,Research & Development,2,3,Life Sciences,1,2067,3,Female,52,3,4,Manager,1,Married,18889,14181,4,Y,No,13,3,1,80,0,29,2,3,23,10,6,11,2002-10-22,,2025-12-31,0,18-25,11+ years,Q4 High,9855.130434782608
51,No,Travel_Rarely,951,Research & Development,5,1,Medical,1,2069,3,Male,46,3,1,Research Scientist,4,Married,5472,10469,5,Y,No,14,3,4,80,1,7,3,3,4,3,1,3,2021-04-01,,2025-12-31,0,45+,4-5 years,Q2,16416.0
42,No,Travel_Rarely,567,Sales,5,4,Medical,1,2071,3,Male,34,3,2,Sales Executive,2,Divorced,6031,25645,0,Y,Yes,11,3,4,80,1,7,2,2,5,3,0,2,2020-01-17,,2025-12-31,0,35-44,4-5 years,Q2,14474.4
50,No,Travel_Rarely,146,Research & Development,15,5,Life Sciences,1,2073,3,Male,88,3,2,Healthcare Representative,2,Married,7571,22340,1,Y,No,16,4,4,80,1,21,0,3,16,11,5,12,2009-10-05,,2025-12-31,0,45+,11+ years,Q3,5678.25
25,No,Travel_Rarely,100,Sales,10,2,Medical,1,2075,3,Female,45,3,2,Sales Executive,4,Married,6824,24857,2,Y,No,20,3,2,80,1,6,5,3,5,3,0,3,2020-08-02,,2025-12-31,0,18-25,4-5 years,Q3,16377.6
24,No,Travel_Rarely,260,Research & Development,6,2,Life Sciences,1,2077,4,Female,50,2,2,Healthcare Representative,4,Single,7991,16020,2,Y,No,11,3,3,80,0,11,3,1,10,8,1,8,2015-12-17,,2025-12-31,0,18-25,6-10 years,Q3,9589.2
36,Yes,Travel_Rarely,1418,Research & Development,7,2,Life Sciences,1,2079,3,Male,34,4,2,Healthcare Representative,1,Single,5959,14228,4,Y,Yes,16,3,2,80,3,9,4,3,6,5,0,2,2019-02-14,2021-03-16,2025-12-31,1,35-44,6-10 years,Q2,11918.0
41,Yes,Travel_Rarely,723,Research & Development,6,3,Medical,1,2081,1,Male,87,3,1,Research Scientist,4,Single,6256,3473,2,Y,Yes,20,4,4,80,3,11,0,3,7,3,1,6,2018-11-29,2024-12-23,2025-12-31,1,35-44,6-10 years,Q2,10724.57142857143
53,No,Travel_Rarely,122,Sales,13,3,Technical Degree,1,2083,4,Female,55,3,4,Manager,4,Married,14069,2477,1,Y,No,15,3,4,80,1,8,2,3,5,4,2,3,2020-09-22,,2025-12-31,0,45+,4-5 years,Q4 High,33765.6
43,No,Travel_Rarely,1393,Research & Development,10,4,Technical Degree,1,2085,3,Female,72,3,1,Laboratory Technician,1,Married,6461,15887,3,Y,Yes,13,3,3,80,0,15,2,3,12,11,5,7,2013-04-08,,2025-12-31,0,35-44,11+ years,Q2,6461.0
35,No,Travel_Rarely,575,Research & Development,7,4,Life Sciences,1,2087,4,Male,88,3,1,Laboratory Technician,4,Single,8845,25701,1,Y,Yes,25,3,2,80,0,33,2,2,29,17,9,14,1996-03-07,,2025-12-31,0,35-44,11+ years,Q3,3660.0
28,Yes,Non-Travel,864,Sales,6,3,Medical,1,2089,1,Male,87,1,1,Sales Representative,3,Married,3436,9820,0,Y,Yes,11,3,4,80,0,9,3,2,8,3,3,7,2017-04-01,2025-07-17,2025-12-31,1,26-34,6-10 years,Q1 Low,5154.0
48,No,Travel_Frequently,1416,Research & Development,21,3,Medical,1,2091,1,Male,31,2,3,Research Director,3,Single,12251,26294,2,Y,No,12,4,3,80,1,11,4,2,9,8,1,4,2016-04-19,,2025-12-31,0,45+,6-10 years,Q4 High,16334.666666666666
28,No,Travel_Rarely,598,Research & Development,19,3,Life Sciences,1,2093,4,Male,73,3,1,Research Scientist,3,Single,3947,18893,3,Y,No,21,4,4,80,1,11,3,3,8,6,2,4,2017-11-29,,2025-12-31,0,26-34,6-10 years,Q1 Low,5920.5
52,No,Travel_Rarely,586,Research & Development,13,3,Marketing,1,2095,1,Male,55,3,1,Laboratory Technician,4,Married,4307,13162,2,Y,No,13,3,3,80,0,4,4,2,1,0,0,1,2024-12-24,,2025-12-31,0,45+,0-1 years,Q1 Low,51684.0
34,No,Travel_Rarely,478,Sales,17,3,Marketing,1,2097,4,Female,73,3,4,Manager,1,Divorced,13365,7934,3,Y,No,19,3,4,80,1,9,0,2,5,3,1,2,2020-04-18,,2025-12-31,0,26-34,4-5 years,Q4 High,32076.0
51,No,Travel_Rarely,874,Research & Development,3,3,Technical Degree,1,2099,4,Male,48,3,2,Manufacturing Director,4,Divorced,6647,13540,2,Y,No,13,3,4,80,2,8,2,1,4,3,0,2,2021-02-26,,2025-12-31,0,45+,4-5 years,Q3,19941.0
43,No,Travel_Rarely,988,Sales,3,3,Life Sciences,1,2101,3,Female,78,3,4,Manager,1,Single,15642,22510,3,Y,Yes,19,3,2,80,0,17,2,3,12,5,4,8,2013-06-18,,2025-12-31,0,35-44,11+ years,Q4 High,15642.0
36,No,Travel_Rarely,791,Research & Development,3,3,Life Sciences,1,2103,1,Male,86,3,1,Research Scientist,3,Married,3996,12190,2,Y,No,17,3,4,80,1,5,2,1,4,3,0,1,2021-08-15,,2025-12-31,0,35-44,4-5 years,Q1 Low,11988.0
32,No,Travel_Rarely,611,Sales,9,3,Marketing,1,2105,3,Female,35,3,2,Sales Executive,1,Married,8402,11592,1,Y,Yes,15,3,1,80,1,21,2,3,15,11,1,11,2010-12-17,,2025-12-31,0,26-34,11+ years,Q3,6721.6
34,Yes,Travel_Frequently,1288,Sales,18,4,Medical,1,2107,4,Female,52,3,2,Sales Executive,4,Single,7018,3061,1,Y,No,15,3,4,80,3,5,3,3,3,3,1,2,2022-10-09,2022-01-02,2025-12-31,1,26-34,2-3 years,Q3,28072.0
41,No,Travel_Rarely,113,Human Resources,6,3,Technical Degree,1,2109,2,Male,72,2,4,Manager,2,Married,16823,6646,1,Y,No,12,4,4,80,1,20,6,3,13,9,0,7,2012-12-13,,2025-12-31,0,35-44,11+ years,Q4 High,15528.923076923076
38,No,Travel_Frequently,343,Research & Development,19,3,Life Sciences,1,2111,2,Male,73,3,1,Research Scientist,3,Divorced,4929,6771,1,Y,No,12,3,2,80,1,7,6,2,3,2,1,1,2022-05-12,,2025-12-31,0,35-44,2-3 years,Q1 Low,19716.0
31,No,Travel_Frequently,1127,Sales,5,3,Medical,1,2113,3,Female,95,3,2,Sales Executive,3,Married,7243,2355,3,Y,No,18,3,3,80,1,11,1,2,9,6,3,6,2016-03-23,,2025-12-31,0,26-34,6-10 years,Q3,9657.333333333334
35,No,Travel_Rarely,313,Research & Development,8,3,Medical,1,2115,1,Male,74,3,4,Manager,4,Single,12898,5008,1,Y,No,20,3,3,80,3,7,2,3,4,2,0,3,2021-01-29,,2025-12-31,0,35-44,4-5 years,Q4 High,38694.0
38,No,Travel_Rarely,148,Research & Development,6,2,Life Sciences,1,2117,4,Male,48,2,1,Research Scientist,3,Married,4242,22746,2,Y,Yes,18,3,4,80,2,11,4,4,4,3,2,2,2021-08-26,,2025-12-31,0,35-44,4-5 years,Q1 Low,12726.0
18,No,Travel_Rarely,1204,Research & Development,7,1,Medical,1,2119,4,Male,33,3,4,Manager,4,Single,18823,18673,1,Y,No,21,3,4,80,0,31,6,3,26,19,10,12,1999-11-17,,2025-12-31,0,18-25,11+ years,Q4 High,8687.538461538461
41,No,Travel_Rarely,977,Sales,8,3,Medical,1,2121,4,Female,86,3,4,Manager,1,Married,14334,9940,0,Y,No,21,3,3,80,1,6,4,1,4,3,0,1,2021-12-04,,2025-12-31,0,35-44,4-5 years,Q4 High,43002.0
28,No,Travel_Rarely,280,Human Resources,1,3,Life Sciences,1,2123,3,Male,38,1,4,Manager,2,Married,16060,16398,1,Y,No,19,3,4,80,1,11,4,1,8,6,3,6,2017-02-19,,2025-12-31,0,26-34,6-10 years,Q4 High,24090.0
26,No,Travel_Rarely,771,Sales,11,4,Life Sciences,1,2125,3,Female,77,3,2,Sales Executive,3,Married,8770,11707,0,Y,No,21,3,2,80,1,19,5,3,14,10,2,9,2011-12-07,,2025-12-31,0,26-34,11+ years,Q3,7517.142857142857
22,No,Travel_Rarely,969,Research & Development,8,3,Medical,1,2127,2,Male,65,3,1,Research Scientist,4,Divorced,5259,12409,5,Y,No,12,3,2,80,0,5,2,3,2,1,1,1,2023-08-22,,2025-12-31,0,18-25,2-3 years,Q2,31554.0
21,No,Non-Travel,316,Research & Development,24,3,Medical,1,2129,3,Female,96,3,2,Manufacturing Director,1,Married,8507,2012,4,Y,No,18,4,3,80,0,11,5,3,10,9,4,7,2015-06-07,,2025-12-31,0,18-25,6-10 years,Q3,10208.4
25,No,Travel_Rarely,1389,Sales,13,2,Technical Degree,1,2131,3,Male,47,2,4,Manager,1,Divorced,18534,25176,4,Y,No,18,3,3,80,1,28,3,3,22,13,1,17,2003-12-16,,2025-12-31,0,18-25,11+ years,Q4 High,10109.454545454546
30,No,Non-Travel,862,Research & Development,11,1,Life Sciences,1,2133,4,Female,69,2,2,Manufacturing Director,1,Divorced,6389,2388,1,Y,Yes,12,4,2,80,0,11,3,3,3,3,1,1,2022-07-09,,2025-12-31,0,26-34,2-3 years,Q2,25556.0
55,No,Travel_Rarely,724,Research & Development,23,4,Life Sciences,1,2135,4,Male,95,3,1,Research Scientist,3,Married,4465,20341,2,Y,No,21,4,3,80,0,12,2,3,6,4,2,4,2019-09-06,,2025-12-31,0,45+,6-10 years,Q1 Low,8930.0
32,Yes,Travel_Frequently,289,Research & Development,21,2,Other,1,2137,4,Female,94,3,2,Manufacturing Director,3,Divorced,6231,12975,1,Y,Yes,11,4,3,80,2,7,1,3,5,2,1,4,2020-08-19,2024-12-27,2025-12-31,1,26-34,4-5 years,Q2,14954.4
39,No,Travel_Rarely,101,Research & Development,24,3,Technical Degree,1,2139,4,Female,53,2,2,Manufacturing Director,4,Married,9250,5677,0,Y,No,14,4,4,80,0,20,4,3,15,13,1,13,2010-10-15,,2025-12-31,0,35-44,11+ years,Q4 High,7400.0
41,No,Travel_Rarely,559,Research & Development,6,3,Life Sciences,1,2141,4,Male,82,2,2,Manufacturing Director,1,Divorced,8143,16000,4,Y,Yes,11,3,1,80,1,12,4,3,7,6,0,2,2018-01-04,,2025-12-31,0,35-44,6-10 years,Q3,13959.42857142857
38,No,Travel_Frequently,731,Research & Development,3,3,Marketing,1,2143,1,Male,71,4,2,Manufacturing Director,2,Single,8673,5419,2,Y,No,15,4,3,80,2,16,5,3,14,12,1,6,2011-10-29,,2025-12-31,0,35-44,11+ years,Q3,7434.0
36,No,Travel_Rarely,856,Research & Development,1,4,Life Sciences,1,2145,4,Male,82,2,2,Healthcare Representative,2,Married,10026,12596,1,Y,No,14,3,3,80,1,25,2,3,21,8,0,17,2004-11-27,,2025-12-31,0,35-44,11+ years,Q4 High,5729.142857142857
26,No,Travel_Rarely,883,Research & Development,17,3,Life Sciences,1,2147,3,Male,91,3,1,Laboratory Technician,3,Married,6902,14920,2,Y,No,17,3,4,80,1,25,4,3,22,19,3,6,2003-10-08,,2025-12-31,0,26-34,11+ years,Q3,3764.7272727272725
50,No,Travel_Rarely,230,Human Resources,1,2,Life Sciences,1,2149,2,Female,91,3,1,Human Resources,3,Married,9091,24725,1,Y,Yes,18,3,4,80,0,28,3,2,24,17,3,13,2001-08-08,,2025-12-31,0,45+,11+ years,Q4 High,4545.5
53,No,Travel_Rarely,1340,Research & Development,10,4,Life Sciences,1,2151,1,Male,97,3,1,Laboratory Technician,1,Divorced,3313,5240,2,Y,No,18,3,4,80,1,5,2,3,4,3,0,2,2021-05-25,,2025-12-31,0,45+,4-5 years,Q1 Low,9939.0
22,No,Travel_Rarely,629,Research & Development,2,4,Marketing,1,2153,3,Male,64,3,1,Research Scientist,4,Married,7688,5755,3,Y,No,18,3,4,80,3,24,3,3,20,18,6,12,2005-10-22,,2025-12-31,0,18-25,11+ years,Q3,4612.8
28,No,Travel_Frequently,1354,Sales,19,2,Medical,1,2155,2,Female,86,3,2,Sales Executive,2,Single,8515,4204,2,Y,No,12,3,3,80,1,20,3,3,12,9,5,5,2013-05-14,,2025-12-31,0,26-34,11+ years,Q3,8515.0
34,No,Travel_Rarely,331,Research & Development,12,1,Other,1,2157,3,Male,90,1,1,Laboratory Technician,4,Married,5405,3347,3,Y,No,14,3,2,80,1,17,1,2,11,5,4,9,2014-08-16,,2025-12-31,0,26-34,11+ years,Q2,5896.363636363636
28,No,Travel_Rarely,515,Sales,19,1,Medical,1,2159,3,Male,41,3,2,Sales Executive,3,Divorced,8685,15521,1,Y,No,19,3,4,80,1,15,5,3,9,6,1,3,2016-10-05,,2025-12-31,0,26-34,6-10 years,Q3,11580.0
42,No,Travel_Frequently,1247,Sales,10,2,Medical,1,2161,4,Male,78,3,2,Sales Executive,2,Married,9241,26526,5,Y,No,17,3,4,80,0,13,3,2,9,7,3,6,2016-10-30,,2025-12-31,0,35-44,6-10 years,Q4 High,12321.333333333334
30,No,Travel_Rarely,661,Research & Development,4,4,Medical,1,2163,4,Female,51,3,1,Research Scientist,4,Single,2694,18152,2,Y,No,17,3,3,80,1,8,2,3,7,6,3,4,2018-08-01,,2025-12-31,0,26-34,6-10 years,Q1 Low,4618.285714285715
57,No,Travel_Rarely,276,Research & Development,6,3,Other,1,2165,3,Female,97,3,2,Healthcare Representative,4,Single,6257,11411,2,Y,No,13,3,4,80,0,10,5,3,7,4,3,3,2018-06-02,,2025-12-31,0,45+,6-10 years,Q2,10726.285714285714
48,No,Travel_Frequently,1195,Sales,16,3,Medical,1,2167,2,Female,52,3,4,Manager,3,Single,15286,24797,1,Y,No,13,3,4,80,2,13,0,2,7,6,3,2,2018-01-06,,2025-12-31,0,45+,6-10 years,Q4 High,26204.571428571428
39,No,Travel_Rarely,1495,Sales,2,4,Marketing,1,2169,2,Male,36,2,2,Sales Executive,3,Married,7969,13962,1,Y,No,23,3,4,80,0,8,1,1,3,2,1,2,2022-01-09,,2025-12-31,0,35-44,2-3 years,Q3,31876.0
46,No,Travel_Rarely,224,Research & Development,6,3,Technical Degree,1,2171,2,Female,51,3,4,Manager,2,Married,15484,26637,2,Y,No,20,3,4,80,0,19,1,3,16,7,2,9,2009-08-19,,2025-12-31,0,45+,11+ years,Q4 High,11613.0
47,No,Travel_Rarely,482,Research & Development,5,3,Life Sciences,1,2173,1,Male,69,3,1,Laboratory Technician,3,Married,4124,2497,2,Y,Yes,12,3,2,80,0,10,1,2,2,1,0,1,2023-05-16,,2025-12-31,0,45+,2-3 years,Q1 Low,24744.0
32,No,Travel_Rarely,1128,Research & Development,8,4,Medical,1,2175,4,Male,48,3,1,Research Scientist,2,Single,6789,9824,2,Y,No,16,3,3,80,1,30,3,4,24,17,5,17,2001-11-26,,2025-12-31,0,26-34,11+ years,Q3,3394.5
29,Yes,Travel_Rarely,284,Human Resources,13,4,Technical Degree,1,2177,3,Male,82,2,1,Human Resources,4,Married,1807,8260,2,Y,Yes,15,3,1,80,1,5,3,3,2,2,0,1,2023-05-11,2023-09-26,2025-12-31,1,26-34,2-3 years,Q1 Low,10842.0
38,No,Travel_Rarely,183,Research & Development,18,4,Human Resources,1,2179,1,Male,59,2,1,Laboratory Technician,2,Single,6132,2914,0,Y,No,15,3,2,80,0,8,6,2,5,3,2,3,2020-10-08,,2025-12-31,0,35-44,4-5 years,Q2,14716.8
45,No,Travel_Frequently,1039,Sales,2,3,Life Sciences,1,2181,2,Male,55,2,4,Manager,1,Married,15725,15724,3,Y,Yes,15,3,4,80,1,17,3,3,10,8,2,3,2015-01-21,,2025-12-31,0,45+,6-10 years,Q4 High,18870.0
38,No,Travel_Rarely,764,Research & Development,4,4,Medical,1,2183,3,Male,70,3,2,Manufacturing Director,2,Divorced,5926,6963,1,Y,No,17,4,2,80,1,15,3,2,7,5,3,5,2018-07-21,,2025-12-31,0,35-44,6-10 years,Q2,10158.857142857143
23,No,Travel_Rarely,809,Research & Development,3,2,Medical,1,2185,3,Male,51,3,1,Research Scientist,2,Divorced,5171,22033,1,Y,No,23,3,3,80,0,13,5,3,11,8,4,3,2014-06-20,,2025-12-31,0,18-25,11+ years,Q2,5641.090909090909
30,No,Non-Travel,831,Research & Development,8,3,Life Sciences,1,2187,1,Male,90,3,1,Research Scientist,3,Single,3667,20758,0,Y,No,20,3,3,80,0,9,2,3,6,2,1,4,2019-01-23,,2025-12-31,0,26-34,6-10 years,Q1 Low,7334.0
36,No,Travel_Rarely,1146,Research & Development,3,5,Medical,1,2189,4,Female,75,3,1,Laboratory Technician,2,Married,4076,7659,1,Y,Yes,20,3,4,80,2,12,0,4,6,2,0,4,2019-11-02,,2025-12-31,0,35-44,6-10 years,Q1 Low,8152.0
36,No,Travel_Frequently,1083,Research & Development,11,2,Life Sciences,1,2191,2,Male,87,2,1,Research Scientist,4,Married,4178,14039,3,Y,No,18,3,2,80,0,8,2,3,6,5,1,3,2019-11-30,,2025-12-31,0,35-44,6-10 years,Q1 Low,8356.0
55,No,Travel_Rarely,1005,Research & Development,20,4,Life Sciences,1,2193,1,Female,58,3,1,Research Scientist,2,Married,6035,8876,4,Y,No,11,4,2,80,1,16,3,3,11,9,3,5,2014-03-28,,2025-12-31,0,45+,11+ years,Q2,6583.636363636364
24,No,Travel_Frequently,749,Research & Development,2,3,Medical,1,2195,1,Male,82,3,1,Research Scientist,4,Married,5344,14809,2,Y,No,15,3,3,80,0,11,2,2,9,6,3,3,2016-05-17,,2025-12-31,0,18-25,6-10 years,Q2,7125.333333333333
42,No,Travel_Rarely,1284,Sales,4,1,Medical,1,2197,3,Female,47,3,4,Manager,3,Single,14492,25828,2,Y,No,15,3,2,80,1,14,5,3,9,6,4,7,2016-02-28,,2025-12-31,0,35-44,6-10 years,Q4 High,19322.666666666668
50,No,Travel_Rarely,1196,Research & Development,25,4,Medical,1,2199,1,Male,60,3,3,Research Director,4,Single,15847,24306,1,Y,No,20,3,4,80,1,33,5,3,33,24,2,9,1992-07-26,,2025-12-31,0,45+,11+ years,Q4 High,5762.545454545455
58,Yes,Travel_Rarely,1220,Research & Development,10,2,Medical,1,2201,1,Male,61,3,1,Laboratory Technician,4,Divorced,4054,15315,1,Y,No,22,3,4,80,0,3,0,3,1,0,0,1,2024-06-02,2023-04-09,2025-12-31,1,45+,0-1 years,Q1 Low,48648.0
33,No,Travel_Rarely,638,Human Resources,6,3,Life Sciences,1,2203,2,Male,38,3,4,Manager,4,Married,13729,12420,2,Y,No,15,3,3,80,3,9,2,2,6,5,0,2,2019-04-01,,2025-12-31,0,26-34,6-10 years,Q4 High,27458.0
41,No,Travel_Frequently,262,Sales,29,1,Life Sciences,1,2205,3,Female,66,2,2,Sales Executive,4,Single,5882,4533,5,Y,No,13,3,4,80,0,4,4,3,3,2,0,3,2022-11-09,,2025-12-31,0,35-44,2-3 years,Q2,23528.0
42,No,Travel_Rarely,161,Sales,7,4,Life Sciences,1,2207,1,Female,37,3,2,Sales Executive,2,Single,7905,25059,2,Y,Yes,13,3,2,80,0,11,2,2,9,6,3,5,2016-07-03,,2025-12-31,0,35-44,6-10 years,Q3,10540.0
39,No,Travel_Rarely,501,Human Resources,13,2,Life Sciences,1,2209,2,Male,53,2,1,Human Resources,4,Single,6073,3222,0,Y,No,16,4,4,80,1,16,3,3,13,9,1,4,2012-05-28,,2025-12-31,0,35-44,11+ years,Q2,5605.846153846154
36,No,Travel_Rarely,362,Research & Development,4,2,Medical,1,2211,2,Male,97,3,1,Laboratory Technician,4,Married,3620,25238,1,Y,No,13,3,2,80,2,7,0,3,4,3,1,3,2021-09-26,,2025-12-31,0,35-44,4-5 years,Q1 Low,10860.0
41,Yes,Travel_Rarely,298,Research & Development,4,2,Marketing,1,2213,1,Female,81,2,4,Manager,1,Married,14282,9263,3,Y,Yes,21,3,4,80,0,4,5,3,1,1,0,1,2024-10-30,2022-09-26,2025-12-31,1,35-44,0-1 years,Q4 High,171384.0
18,No,Travel_Rarely,1337,Sales,13,4,Life Sciences,1,2215,3,Female,75,3,1,Sales Representative,3,Single,5954,10062,2,Y,No,14,3,3,80,1,14,4,2,12,7,2,7,2013-11-23,,2025-12-31,0,18-25,11+ years,Q2,5954.0
43,No,Travel_Rarely,877,Sales,26,4,Life Sciences,1,2217,1,Male,46,3,2,Sales Executive,2,Single,8321,13824,4,Y,No,25,3,1,80,1,8,1,3,3,2,1,1,2022-04-28,,2025-12-31,0,35-44,2-3 years,Q3,33284.0
38,Yes,Travel_Rarely,126,Research & Development,6,4,Marketing,1,2219,1,Male,50,3,1,Laboratory Technician,3,Divorced,3826,18472,5,Y,Yes,12,3,2,80,0,4,5,2,4,3,1,2,2021-09-14,2024-05-26,2025-12-31,1,35-44,4-5 years,Q1 Low,11478.0
35,No,Travel_Rarely,1104,Sales,3,3,Life Sciences,1,2221,3,Male,77,3,2,Sales Executive,3,Married,7240,9685,3,Y,No,12,3,3,80,1,8,3,4,4,2,1,1,2021-08-01,,2025-12-31,0,35-44,4-5 years,Q3,21720.0
56,No,Non-Travel,1071,Research & Development,17,3,Human Resources,1,2223,2,Female,38,2,2,Healthcare Representative,3,Married,8452,21378,1,Y,No,15,3,4,80,1,10,3,2,5,2,2,2,2020-06-19,,2025-12-31,0,45+,4-5 years,Q3,20284.8
31,No,Travel_Rarely,1318,Research & Development,6,2,Medical,1,2225,1,Male,98,3,1,Laboratory Technician,3,Single,3581,9066,4,Y,Yes,20,3,1,80,1,9,4,3,6,6,1,3,2019-08-08,,2025-12-31,0,26-34,6-10 years,Q1 Low,7162.0
33,No,Travel_Rarely,915,Research & Development,11,3,Life Sciences,1,2227,2,Female,34,3,1,Laboratory Technician,4,Single,4312,21965,1,Y,Yes,14,3,3,80,0,13,3,3,7,5,2,5,2018-06-07,,2025-12-31,0,26-34,6-10 years,Q1 Low,7392.0
55,No,Travel_Frequently,422,Research & Development,6,2,Life Sciences,1,2229,4,Male,35,3,1,Laboratory Technician,3,Married,5409,16363,1,Y,No,20,3,4,80,2,7,4,3,4,2,2,3,2021-05-04,,2025-12-31,0,45+,4-5 years,Q2,16227.0
29,Yes,Travel_Rarely,444,Research & Development,7,4,Medical,1,2231,3,Male,77,3,1,Laboratory Technician,4,Single,4741,24802,3,Y,No,14,3,3,80,0,11,3,2,5,4,2,4,2020-09-17,2021-10-18,2025-12-31,1,26-34,4-5 years,Q1 Low,11378.4
32,Yes,Travel_Rarely,938,Research & Development,4,4,Life Sciences,1,2233,4,Male,75,3,1,Research Scientist,2,Divorced,3499,16890,2,Y,No,20,3,4,80,1,6,4,3,2,2,0,1,2023-12-28,2024-12-18,2025-12-31,1,26-34,2-3 years,Q1 Low,20994.0
36,No,Travel_Rarely,1325,Sales,14,3,Life Sciences,1,2235,4,Female,92,3,4,Manager,3,Divorced,14217,14386,1,Y,No,13,3,1,80,2,18,2,3,11,7,4,8,2014-08-13,,2025-12-31,0,35-44,11+ years,Q4 High,15509.454545454546
45,No,Travel_Rarely,859,Research & Development,11,2,Life Sciences,1,2237,4,Female,32,2,1,Research Scientist,3,Married,4307,10846,5,Y,No,15,3,3,80,0,12,4,3,10,7,4,6,2015-08-20,,2025-12-31,0,45+,6-10 years,Q1 Low,5168.4
39,No,Travel_Rarely,1471,Research & Development,11,4,Marketing,1,2239,3,Male,60,2,2,Manufacturing Director,2,Divorced,6037,10644,9,Y,No,13,4,4,80,0,5,4,1,3,1,0,2,2022-03-27,,2025-12-31,0,35-44,2-3 years,Q2,24148.0
25,No,Travel_Rarely,110,Sales,5,2,Medical,1,2241,3,Female,36,2,4,Manager,2,Single,15232,2291,4,Y,Yes,12,3,3,80,0,17,3,3,14,8,4,8,2011-07-23,,2025-12-31,0,18-25,11+ years,Q4 High,13056.0
32,No,Travel_Rarely,534,Sales,11,2,Life Sciences,1,2243,2,Male,45,3,4,Manager,3,Married,13379,25545,3,Y,Yes,14,3,3,80,1,8,4,4,5,2,1,1,2020-08-19,,2025-12-31,0,26-34,4-5 years,Q4 High,32109.6
31,No,Travel_Frequently,1155,Sales,28,2,Medical,1,2245,1,Male,44,3,1,Sales Representative,3,Single,2295,15920,2,Y,No,13,3,4,80,1,9,2,3,4,2,1,1,2021-08-27,,2025-12-31,0,26-34,4-5 years,Q1 Low,6885.0
36,Yes,Travel_Rarely,939,Sales,3,3,Medical,1,2247,3,Male,36,4,1,Sales Representative,3,Divorced,2359,22052,1,Y,No,19,3,2,80,2,4,4,3,2,1,0,1,2023-10-29,2025-10-16,2025-12-31,1,35-44,2-3 years,Q1 Low,14154.0
41,No,Non-Travel,247,Sales,4,4,Medical,1,2249,4,Male,67,3,2,Sales Executive,2,Single,5682,16306,1,Y,No,18,4,4,80,0,6,0,3,3,2,1,1,2022-03-19,,2025-12-31,0,35-44,2-3 years,Q2,22728.0
41,No,Travel_Rarely,368,Research & Development,5,3,Life Sciences,1,2251,3,Male,37,3,2,Manufacturing Director,2,Married,6801,20217,2,Y,No,14,3,4,80,3,6,4,3,4,3,1,2,2021-08-27,,2025-12-31,0,35-44,4-5 years,Q3,20403.0
21,No,Travel_Rarely,814,Research & Development,9,1,Medical,1,2253,3,Female,85,3,1,Research Scientist,3,Single,6345,22058,5,Y,No,25,3,1,80,0,19,4,2,17,11,3,7,2008-06-22,,2025-12-31,0,18-25,11+ years,Q2,4478.823529411765
47,No,Travel_Rarely,1221,Research & Development,3,3,Human Resources,1,2255,3,Male,30,2,1,Laboratory Technician,1,Single,4238,20301,3,Y,Yes,24,3,4,80,1,5,4,3,4,2,1,3,2021-10-12,,2025-12-31,0,45+,4-5 years,Q1 Low,12714.0
39,No,Non-Travel,335,Research & Development,12,4,Life Sciences,1,2257,2,Female,48,1,1,Research Scientist,2,Married,5618,5613,3,Y,No,21,3,2,80,0,14,3,3,11,5,2,9,2014-03-18,,2025-12-31,0,35-44,11+ years,Q2,6128.727272727273
49,No,Travel_Rarely,742,Research & Development,1,2,Life Sciences,1,2259,2,Male,48,3,1,Research Scientist,1,Divorced,3784,14070,2,Y,Yes,16,3,3,80,0,15,3,1,9,5,1,8,2016-10-11,,2025-12-31,0,45+,6-10 years,Q1 Low,5045.333333333333
41,No,Travel_Rarely,1010,Sales,15,2,Life Sciences,1,2261,3,Female,33,3,1,Sales Representative,1,Single,7472,16509,3,Y,No,14,3,4,80,0,19,5,3,15,7,0,12,2010-08-06,,2025-12-31,0,35-44,11+ years,Q3,5977.6
47,No,Travel_Frequently,863,Research & Development,11,4,Life Sciences,1,2263,2,Male,93,4,1,Research Scientist,2,Single,4185,19593,2,Y,No,13,3,4,80,0,8,1,3,1,1,0,1,2024-06-26,,2025-12-31,0,45+,0-1 years,Q1 Low,50220.0
41,Yes,Travel_Rarely,351,Research & Development,28,4,Life Sciences,1,2265,3,Male,31,3,2,Manufacturing Director,1,Married,6513,10442,3,Y,No,11,4,4,80,0,6,2,2,3,3,1,2,2022-06-05,2024-06-11,2025-12-31,1,35-44,2-3 years,Q2,26052.0
49,No,Travel_Frequently,667,Research & Development,4,5,Marketing,1,2267,4,Male,52,3,1,Research Scientist,2,Single,5279,4668,1,Y,No,17,3,4,80,0,20,6,2,11,9,2,9,2014-12-07,,2025-12-31,0,45+,11+ years,Q2,5758.909090909091
42,No,Travel_Rarely,991,Sales,17,4,Technical Degree,1,2269,4,Male,85,3,2,Sales Executive,3,Married,10134,19847,3,Y,Yes,16,3,3,80,0,18,6,3,14,10,0,9,2011-11-06,,2025-12-31,0,35-44,11+ years,Q4 High,8686.285714285714
36,No,Travel_Frequently,860,Research & Development,8,2,Life Sciences,1,2271,2,Female,80,3,1,Laboratory Technician,1,Married,5746,5284,5,Y,No,17,3,3,80,1,21,3,2,16,9,4,12,2009-10-03,,2025-12-31,0,35-44,11+ years,Q2,4309.5
58,No,Non-Travel,1325,Sales,7,2,Medical,1,2273,4,Male,60,3,2,Sales Executive,3,Single,8271,10535,0,Y,No,16,3,3,80,0,11,4,2,6,5,0,2,2019-02-02,,2025-12-31,0,45+,6-10 years,Q3,16542.0
45,No,Travel_Rarely,348,Research & Development,3,3,Medical,1,2275,2,Female,87,1,1,Research Scientist,4,Married,3373,18053,4,Y,No,12,3,2,80,1,7,4,3,4,3,0,3,2021-09-10,,2025-12-31,0,45+,4-5 years,Q1 Low,10119.0
42,Yes,Travel_Rarely,913,Research & Development,6,3,Medical,1,2277,2,Male,65,2,2,Manufacturing Director,4,Single,11195,5925,1,Y,No,17,3,3,80,2,26,2,3,19,7,1,15,2006-02-11,2025-09-24,2025-12-31,1,35-44,11+ years,Q4 High,7070.526315789473
25,No,Travel_Rarely,472,Research & Development,6,4,Medical,1,2279,3,Male,41,1,1,Research Scientist,2,Married,4933,9146,4,Y,Yes,14,4,4,80,0,10,3,3,7,6,2,4,2018-09-01,,2025-12-31,0,18-25,6-10 years,Q1 Low,8456.57142857143
25,No,Non-Travel,275,Sales,2,4,Life Sciences,1,2281,2,Male,64,3,4,Manager,4,Married,14121,12585,0,Y,Yes,15,3,3,80,0,5,3,3,2,1,0,1,2023-11-24,,2025-12-31,0,18-25,2-3 years,Q4 High,84726.0
40,No,Travel_Rarely,1228,Research & Development,11,4,Medical,1,2283,1,Female,33,3,1,Research Scientist,2,Married,5151,24165,3,Y,No,14,3,4,80,0,13,1,3,8,5,1,4,2017-04-21,,2025-12-31,0,35-44,6-10 years,Q2,7726.5
38,No,Travel_Rarely,1368,Sales,10,2,Life Sciences,1,2285,2,Female,57,2,2,Sales Executive,1,Divorced,7492,7613,2,Y,No,11,3,4,80,1,8,3,3,6,4,1,4,2019-12-21,,2025-12-31,0,35-44,6-10 years,Q3,14984.0
31,No,Travel_Rarely,1348,Research & Development,13,4,Marketing,1,2287,3,Male,62,3,2,Manufacturing Director,4,Single,6573,23600,3,Y,No,20,3,1,80,0,13,5,4,4,3,0,3,2021-05-19,,2025-12-31,0,26-34,4-5 years,Q2,19719.0
38,No,Travel_Rarely,964,Research & Development,5,4,Marketing,1,2289,2,Male,60,2,1,Research Scientist,4,Single,3795,16871,4,Y,No,12,3,3,80,0,12,2,2,7,6,1,4,2018-06-23,,2025-12-31,0,35-44,6-10 years,Q1 Low,6505.714285714285
51,No,Travel_Rarely,538,Sales,15,2,Life Sciences,1,2291,3,Male,34,3,2,Sales Executive,3,Married,8270,6962,1,Y,No,16,3,3,80,1,15,1,2,6,5,1,2,2019-11-22,,2025-12-31,0,45+,6-10 years,Q3,16540.0
43,No,Travel_Rarely,1434,Sales,21,4,Life Sciences,1,2293,3,Female,39,3,2,Sales Executive,3,Married,6046,9801,0,Y,No,21,3,3,80,0,5,4,4,2,1,1,2,2023-07-01,,2025-12-31,0,35-44,2-3 years,Q2,36276.0
27,No,Travel_Rarely,153,Sales,7,2,Technical Degree,1,2295,3,Female,54,3,2,Sales Executive,3,Divorced,7453,18469,1,Y,Yes,13,3,4,80,1,15,3,4,8,6,3,6,2017-11-29,,2025-12-31,0,26-34,6-10 years,Q3,11179.5
36,No,Travel_Rarely,420,Sales,4,1,Medical,1,2297,4,Male,70,3,4,Manager,2,Married,12272,19424,3,Y,No,14,3,3,80,0,8,3,2,3,1,1,1,2022-11-26,,2025-12-31,0,35-44,2-3 years,Q4 High,49088.0
30,No,Travel_Rarely,1342,Sales,9,3,Technical Degree,1,2299,2,Male,46,2,2,Sales Executive,2,Married,6810,4291,1,Y,No,14,4,4,80,0,11,0,2,6,4,1,4,2019-10-20,,2025-12-31,0,26-34,6-10 years,Q3,13620.0
33,No,Travel_Rarely,918,Sales,9,3,Life Sciences,1,2301,1,Male,90,3,4,Manager,3,Single,17972,12173,1,Y,Yes,11,3,4,80,0,29,2,3,21,19,5,9,2004-05-01,,2025-12-31,0,26-34,11+ years,Q4 High,10269.714285714286
33,No,Travel_Frequently,1027,Sales,7,1,Medical,1,2303,2,Female,89,2,4,Manager,4,Married,18288,15067,1,Y,No,14,3,3,80,1,23,0,1,17,11,7,7,2008-08-31,,2025-12-31,0,26-34,11+ years,Q4 High,12909.176470588236
33,No,Travel_Frequently,847,Sales,13,3,Medical,1,2305,2,Male,62,2,2,Sales Executive,1,Divorced,10257,24301,1,Y,No,15,3,4,80,2,25,1,3,21,8,4,16,2004-12-17,,2025-12-31,0,26-34,11+ years,Q4 High,5861.142857142857
25,No,Travel_Rarely,995,Sales,6,5,Technical Degree,1,2307,3,Female,38,2,4,Manager,4,Single,15867,25769,3,Y,No,11,3,1,80,0,20,2,2,15,7,4,12,2010-06-03,,2025-12-31,0,18-25,11+ years,Q4 High,12693.6
36,No,Travel_Rarely,503,Research & Development,3,3,Life Sciences,1,2309,1,Male,79,3,1,Laboratory Technician,1,Married,3427,3932,2,Y,No,15,3,1,80,0,7,3,1,4,2,1,2,2021-04-30,,2025-12-31,0,35-44,4-5 years,Q1 Low,10281.0
32,No,Travel_Rarely,446,Sales,9,4,Life Sciences,1,2311,2,Female,60,3,4,Manager,3,Married,19449,8149,4,Y,No,11,3,1,80,0,40,6,3,32,16,8,7,1993-06-15,,2025-12-31,0,26-34,11+ years,Q4 High,7293.375
18,Yes,Travel_Rarely,775,Research & Development,13,2,Life Sciences,1,2313,3,Female,34,3,1,Research Scientist,3,Married,5137,13202,2,Y,No,21,3,3,80,0,10,1,4,3,2,0,1,2022-08-04,2025-07-22,2025-12-31,1,18-25,2-3 years,Q2,20548.0
56,Yes,Travel_Rarely,588,Sales,14,1,Technical Degree,1,2315,3,Female,75,3,4,Manager,3,Divorced,15682,18764,5,Y,No,17,3,2,80,0,18,3,3,15,8,5,12,2010-02-26,2022-06-12,2025-12-31,1,45+,11+ years,Q4 High,12545.6
47,No,Travel_Rarely,899,Sales,6,2,Technical Degree,1,2317,3,Female,33,2,1,Sales Representative,1,Single,3592,2778,3,Y,No,11,3,4,80,2,6,5,3,3,2,1,2,2022-07-20,,2025-12-31,0,45+,2-3 years,Q1 Low,14368.0
33,No,Travel_Rarely,458,Research & Development,10,2,Other,1,2319,4,Female,60,3,1,Laboratory Technician,3,Married,5256,21690,4,Y,Yes,19,3,3,80,0,8,1,4,4,2,0,2,2021-03-05,,2025-12-31,0,26-34,4-5 years,Q2,15768.0
37,Yes,Non-Travel,1180,Sales,21,2,Human Resources,1,2321,3,Male,33,3,1,Sales Representative,3,Married,7052,5455,2,Y,No,14,3,3,80,1,19,3,3,13,11,5,5,2012-09-18,2023-06-29,2025-12-31,1,35-44,11+ years,Q3,6509.538461538462
26,No,Travel_Rarely,1041,Research & Development,18,2,Life Sciences,1,2323,3,Male,47,3,2,Manufacturing Director,1,Single,9434,2123,2,Y,Yes,13,3,2,80,2,10,3,3,8,6,1,3,2017-01-19,,2025-12-31,0,26-34,6-10 years,Q4 High,14151.0
52,No,Travel_Rarely,1210,Research & Development,2,3,Life Sciences,1,2325,2,Male,63,3,1,Research Scientist,1,Single,5226,3083,4,Y,No,13,3,2,80,0,11,1,3,4,3,0,3,2021-08-27,,2025-12-31,0,45+,4-5 years,Q2,15678.0
54,No,Travel_Rarely,477,Sales,6,3,Life Sciences,1,2327,4,Female,77,2,2,Sales Executive,3,Married,7990,20441,1,Y,No,16,4,2,80,1,12,0,2,8,6,2,3,2017-07-29,,2025-12-31,0,45+,6-10 years,Q3,11985.0
38,No,Non-Travel,1030,Research & Development,20,4,Life Sciences,1,2329,3,Male,92,2,2,Manufacturing Director,3,Married,8088,25123,1,Y,No,11,3,4,80,1,13,3,3,8,5,0,4,2017-01-19,,2025-12-31,0,35-44,6-10 years,Q3,12132.0
46,No,Travel_Rarely,178,Sales,2,2,Marketing,1,2331,2,Female,43,3,4,Manager,1,Married,14040,15995,1,Y,No,11,3,3,80,0,11,1,3,8,7,2,5,2017-05-12,,2025-12-31,0,45+,6-10 years,Q4 High,21060.0
38,No,Travel_Rarely,1486,Sales,8,3,Technical Degree,1,2333,2,Female,62,2,4,Manager,3,Single,17160,21602,0,Y,No,17,3,3,80,0,23,2,2,19,17,0,6,2006-09-06,,2025-12-31,0,35-44,11+ years,Q4 High,10837.894736842105
25,No,Travel_Rarely,1069,Research & Development,5,1,Life Sciences,1,2335,3,Male,71,2,2,Manufacturing Director,4,Divorced,5366,22936,5,Y,Yes,25,3,3,80,0,6,5,2,3,1,1,1,2022-03-09,,2025-12-31,0,18-25,2-3 years,Q2,21464.0
33,No,Travel_Rarely,407,Research & Development,11,3,Medical,1,2337,4,Male,61,3,4,Manager,1,Married,15602,6707,2,Y,No,15,3,4,80,0,8,3,3,6,2,1,3,2019-05-15,,2025-12-31,0,26-34,6-10 years,Q4 High,31204.0
38,Yes,Travel_Rarely,1212,Research & Development,1,1,Technical Degree,1,2339,1,Male,72,3,2,Manufacturing Director,3,Single,4668,18377,0,Y,No,14,3,1,80,1,7,2,3,1,1,0,1,2024-10-11,2023-04-26,2025-12-31,1,35-44,0-1 years,Q1 Low,56016.0
33,No,Travel_Rarely,1076,Research & Development,19,4,Medical,1,2341,1,Male,86,3,1,Research Scientist,1,Married,4634,3806,4,Y,No,22,3,4,80,1,10,6,1,8,4,3,6,2017-10-31,,2025-12-31,0,26-34,6-10 years,Q1 Low,6951.0
35,No,Travel_Rarely,790,Human Resources,8,4,Life Sciences,1,2343,4,Male,44,3,1,Human Resources,1,Married,5040,15014,3,Y,Yes,13,4,3,80,1,18,2,2,13,12,1,7,2012-12-29,,2025-12-31,0,35-44,11+ years,Q2,4652.307692307692
36,No,Travel_Rarely,1410,Research & Development,3,3,Medical,1,2345,4,Male,79,3,2,Manufacturing Director,1,Married,9948,7670,3,Y,No,13,3,3,80,0,17,2,4,15,11,2,4,2010-01-18,,2025-12-31,0,35-44,11+ years,Q4 High,7958.4
36,No,Travel_Rarely,322,Research & Development,4,1,Life Sciences,1,2347,2,Female,92,2,1,Laboratory Technician,3,Divorced,3733,9666,2,Y,Yes,21,3,2,80,1,8,4,3,2,1,1,1,2023-03-21,,2025-12-31,0,35-44,2-3 years,Q1 Low,22398.0
37,No,Travel_Frequently,755,Research & Development,11,3,Medical,1,2349,2,Female,99,3,1,Research Scientist,4,Single,5108,5669,4,Y,Yes,17,4,3,80,0,15,2,2,9,5,3,3,2016-06-13,,2025-12-31,0,35-44,6-10 years,Q2,6810.666666666667
27,No,Travel_Rarely,263,Research & Development,4,4,Medical,1,2351,3,Male,38,3,1,Laboratory Technician,2,Single,5462,14494,1,Y,No,11,3,2,80,0,19,6,3,16,12,4,4,2009-10-10,,2025-12-31,0,26-34,11+ years,Q2,4096.5
30,No,Travel_Frequently,1418,Sales,25,2,Life Sciences,1,2353,2,Male,42,2,4,Manager,3,Married,15113,16235,3,Y,No,17,3,4,80,1,6,5,2,4,2,1,2,2021-07-29,,2025-12-31,0,26-34,4-5 years,Q4 High,45339.0
25,No,Travel_Rarely,750,Research & Development,8,3,Other,1,2355,4,Male,47,2,1,Laboratory Technician,3,Married,10499,23029,0,Y,Yes,19,3,3,80,2,40,4,3,38,33,7,31,1987-10-06,,2025-12-31,0,18-25,11+ years,Q4 High,3315.4736842105262
46,No,Travel_Rarely,411,Sales,22,4,Medical,1,2357,1,Female,64,3,2,Sales Executive,2,Married,7725,13519,1,Y,No,13,3,4,80,0,16,2,3,10,4,3,7,2015-01-10,,2025-12-31,0,45+,6-10 years,Q3,9270.0
18,Yes,Travel_Rarely,269,Research & Development,9,4,Medical,1,2359,1,Female,30,3,1,Laboratory Technician,3,Single,3086,21123,4,Y,No,14,3,3,80,1,7,4,3,1,1,0,1,2024-05-26,2024-11-30,2025-12-31,1,18-25,0-1 years,Q1 Low,37032.0
47,No,Travel_Rarely,146,Human Resources,14,4,Human Resources,1,2361,2,Male,65,2,1,Human Resources,4,Married,5108,21342,1,Y,Yes,12,3,2,80,1,8,1,3,6,3,0,4,2019-06-07,,2025-12-31,0,45+,6-10 years,Q2,10216.0
50,Yes,Travel_Frequently,105,Research & Development,13,4,Life Sciences,1,2363,2,Male,96,3,1,Laboratory Technician,4,Single,4411,9186,1,Y,Yes,17,3,3,80,1,13,4,2,6,5,3,5,2019-09-17,2023-11-04,2025-12-31,1,45+,6-10 years,Q1 Low,8822.0
34,Yes,Non-Travel,1003,Research & Development,6,4,Life Sciences,1,2365,1,Female,75,3,1,Laboratory Technician,4,Married,5943,25714,1,Y,Yes,17,3,1,80,0,9,3,3,7,3,1,5,2018-06-03,2025-01-22,2025-12-31,1,26-34,6-10 years,Q2,10188.0
18,No,Travel_Rarely,1194,Sales,14,3,Marketing,1,2367,1,Female,66,3,2,Sales Executive,2,Married,9700,12193,3,Y,No,11,3,4,80,1,21,4,2,19,12,4,12,2006-08-11,,2025-12-31,0,18-25,11+ years,Q4 High,6126.315789473684
34,No,Travel_Rarely,1416,Research & Development,6,3,Life Sciences,1,2369,3,Male,58,3,2,Manufacturing Director,4,Single,9630,2713,4,Y,No,17,3,4,80,1,14,6,3,11,8,0,5,2014-06-10,,2025-12-31,0,26-34,11+ years,Q4 High,10505.454545454546
36,No,Travel_Rarely,1301,Sales,2,4,Marketing,1,2371,1,Female,73,3,2,Sales Executive,2,Married,5572,26334,2,Y,No,17,3,4,80,1,7,6,4,3,1,1,1,2022-11-05,,2025-12-31,0,35-44,2-3 years,Q2,22288.0
28,No,Travel_Rarely,1246,Sales,7,3,Life Sciences,1,2373,4,Male,97,3,4,Manager,4,Married,15375,11073,2,Y,No,11,3,3,80,0,14,4,3,9,6,2,4,2016-05-04,,2025-12-31,0,26-34,6-10 years,Q4 High,20500.0
32,No,Travel_Rarely,856,Research & Development,3,5,Life Sciences,1,2375,2,Male,43,3,2,Healthcare Representative,4,Married,8095,12839,1,Y,No,16,3,3,80,1,20,2,4,14,7,2,11,2011-11-09,,2025-12-31,0,26-34,11+ years,Q3,6938.571428571428
51,Yes,Travel_Rarely,1011,Research & Development,6,1,Medical,1,2377,3,Female,80,2,1,Research Scientist,1,Single,3444,21383,3,Y,No,16,3,4,80,1,1,1,2,1,1,0,1,2024-10-22,2023-02-16,2025-12-31,1,45+,0-1 years,Q1 Low,41328.0
43,No,Non-Travel,620,Sales,8,3,Life Sciences,1,2379,2,Female,38,1,1,Sales Representative,3,Single,2926,10434,7,Y,No,14,3,2,80,0,5,3,3,4,3,1,1,2021-04-17,,2025-12-31,0,35-44,4-5 years,Q1 Low,8778.0
28,No,Travel_Rarely,942,Research & Development,4,2,Marketing,1,2381,2,Male,98,3,1,Laboratory Technician,3,Married,6897,19380,1,Y,Yes,21,3,4,80,1,15,1,2,12,10,2,7,2013-11-23,,2025-12-31,0,26-34,11+ years,Q3,6897.0
22,No,Non-Travel,662,Research & Development,12,2,Medical,1,2383,3,Female,63,3,2,Healthcare Representative,4,Single,11827,2970,4,Y,Yes,13,3,3,80,1,27,2,3,23,10,5,12,2002-01-14,,2025-12-31,0,18-25,11+ years,Q4 High,6170.608695652174
34,No,Travel_Frequently,426,Research & Development,6,2,Technical Degree,1,2385,3,Male,94,3,1,Research Scientist,1,Married,4653,26328,1,Y,Yes,11,3,4,80,1,10,2,2,2,1,0,2,2023-11-29,,2025-12-31,0,26-34,2-3 years,Q1 Low,27918.0
35,No,Travel_Frequently,982,Research & Development,3,4,Marketing,1,2387,3,Female,56,3,2,Manufacturing Director,4,Married,9451,3540,7,Y,No,17,3,4,80,0,21,1,2,13,8,2,4,2012-04-05,,2025-12-31,0,35-44,11+ years,Q4 High,8724.0
41,No,Travel_Rarely,843,Research & Development,4,1,Life Sciences,1,2389,3,Male,69,2,1,Laboratory Technician,3,Married,9866,2650,0,Y,No,16,4,4,80,2,21,2,2,19,17,3,13,2006-01-18,,2025-12-31,0,35-44,11+ years,Q4 High,6231.1578947368425
32,Yes,Travel_Rarely,1128,Sales,9,4,Marketing,1,2391,3,Female,37,2,2,Sales Executive,1,Divorced,6970,8246,5,Y,Yes,25,3,3,80,3,7,2,3,5,4,1,3,2020-06-23,2023-04-03,2025-12-31,1,26-34,4-5 years,Q3,16728.0
42,No,Travel_Rarely,1129,Human Resources,7,3,Medical,1,2393,3,Female,35,3,1,Human Resources,1,Married,7828,7978,2,Y,No,13,3,2,80,0,20,2,2,14,10,5,12,2011-08-16,,2025-12-31,0,35-44,11+ years,Q3,6709.714285714285
55,No,Travel_Rarely,142,Human Resources,10,2,Medical,1,2395,4,Male,82,3,1,Human Resources,4,Married,4736,22147,4,Y,No,14,3,3,80,2,11,5,3,6,5,1,3,2019-04-11,,2025-12-31,0,45+,6-10 years,Q1 Low,9472.0
44,No,Travel_Rarely,1405,Sales,9,2,Marketing,1,2397,3,Female,34,3,4,Manager,1,Married,15249,11461,3,Y,No,15,3,4,80,1,12,2,2,7,6,2,5,2018-09-04,,2025-12-31,0,35-44,6-10 years,Q4 High,26141.14285714286
36,No,Non-Travel,960,Research & Development,3,3,Medical,1,2399,4,Female,83,3,1,Research Scientist,1,Married,6081,4195,0,Y,No,20,4,4,80,1,12,4,1,10,5,0,2,2015-04-25,,2025-12-31,0,35-44,6-10 years,Q2,7297.2
35,No,Travel_Frequently,995,Sales,5,4,Medical,1,2401,4,Female,47,3,1,Sales Representative,3,Single,5453,13249,2,Y,No,14,4,1,80,2,25,2,3,18,8,3,5,2007-04-28,,2025-12-31,0,35-44,11+ years,Q2,3635.3333333333335
34,No,Travel_Frequently,230,Research & Development,15,4,Medical,1,2403,1,Male,65,2,1,Laboratory Technician,3,Married,9169,23149,6,Y,Yes,19,3,3,80,2,29,1,4,28,15,6,12,1997-04-19,,2025-12-31,0,26-34,11+ years,Q4 High,3929.5714285714284
48,No,Travel_Frequently,1338,Research & Development,4,4,Life Sciences,1,2405,2,Female,83,3,2,Manufacturing Director,3,Married,6820,11391,1,Y,Yes,12,3,2,80,0,9,1,2,5,2,0,3,2020-02-21,,2025-12-31,0,45+,4-5 years,Q3,16368.0
31,No,Travel_Rarely,1148,Research & Development,23,4,Life Sciences,1,2407,3,Female,63,3,1,Research Scientist,3,Single,3703,2768,5,Y,No,14,3,4,80,0,5,2,2,3,2,1,1,2022-03-10,,2025-12-31,0,26-34,2-3 years,Q1 Low,14812.0
37,Yes,Travel_Rarely,1007,Research & Development,2,3,Medical,1,2409,3,Male,61,3,2,Healthcare Representative,4,Married,8849,6514,1,Y,No,12,3,1,80,2,24,5,3,17,12,2,6,2008-08-14,2023-01-17,2025-12-31,1,35-44,11+ years,Q4 High,6246.35294117647
37,Yes,Travel_Rarely,676,Sales,15,4,Life Sciences,1,2411,3,Female,80,1,2,Sales Executive,4,Single,8764,3945,2,Y,Yes,22,3,3,80,1,22,3,3,13,9,6,8,2012-04-28,2024-07-07,2025-12-31,1,35-44,11+ years,Q3,8089.846153846154
32,No,Travel_Rarely,359,Sales,8,4,Life Sciences,1,2413,3,Male,32,3,2,Sales Executive,2,Single,8201,26543,1,Y,No,12,3,2,80,0,12,3,3,10,5,3,6,2015-07-21,,2025-12-31,0,26-34,6-10 years,Q3,9841.2
24,No,Travel_Frequently,535,Research & Development,4,4,Life Sciences,1,2415,2,Male,94,3,1,Research Scientist,4,Married,5136,21208,1,Y,No,14,3,2,80,3,17,4,2,14,12,2,8,2011-09-26,,2025-12-31,0,18-25,11+ years,Q2,4402.285714285715
40,Yes,Travel_Rarely,482,Research & Development,9,1,Medical,1,2417,1,Male,42,2,1,Research Scientist,4,Single,4554,21568,2,Y,Yes,11,3,4,80,0,11,3,3,6,4,0,2,2019-01-17,2023-02-12,2025-12-31,1,35-44,6-10 years,Q1 Low,9108.0
36,No,Travel_Rarely,809,Human Resources,4,4,Life Sciences,1,2419,1,Male,37,3,1,Human Resources,3,Married,5337,17527,4,Y,Yes,22,3,2,80,1,15,0,2,11,7,0,9,2014-11-23,,2025-12-31,0,35-44,11+ years,Q2,5822.181818181818
41,No,Travel_Rarely,1232,Research & Development,5,3,Marketing,1,2421,3,Female,73,3,1,Research Scientist,3,Single,8700,23012,2,Y,Yes,17,3,1,80,1,21,2,3,20,19,1,12,2005-10-02,,2025-12-31,0,35-44,11+ years,Q3,5220.0
32,No,Travel_Rarely,627,Research & Development,6,4,Life Sciences,1,2423,3,Male,59,2,2,Healthcare Representative,2,Married,7301,10419,2,Y,No,23,3,1,80,1,6,3,3,5,3,2,2,2020-03-22,,2025-12-31,0,26-34,4-5 years,Q3,17522.4
48,No,Travel_Rarely,814,Research & Development,14,2,Medical,1,2425,2,Female,37,3,1,Research Scientist,3,Married,5708,15348,0,Y,No,11,3,3,80,0,16,1,3,14,8,5,9,2011-07-11,,2025-12-31,0,45+,11+ years,Q2,4892.571428571428
29,No,Travel_Frequently,969,Sales,5,3,Life Sciences,1,2427,3,Male,87,3,2,Sales Executive,3,Single,7835,20010,4,Y,Yes,12,3,3,80,0,8,2,3,6,5,0,2,2019-05-06,,2025-12-31,0,26-34,6-10 years,Q3,15670.0
52,No,Travel_Rarely,685,Sales,10,2,Medical,1,2429,1,Male,37,3,2,Sales Executive,4,Divorced,9674,11542,2,Y,No,14,3,2,80,0,22,3,4,17,15,3,9,2008-05-23,,2025-12-31,0,45+,11+ years,Q4 High,6828.705882352941
21,No,Travel_Rarely,1241,Research & Development,14,2,Life Sciences,1,2431,1,Male,90,3,1,Research Scientist,4,Divorced,7152,21421,1,Y,Yes,17,3,4,80,1,25,4,2,19,8,3,8,2006-03-11,,2025-12-31,0,18-25,11+ years,Q3,4517.0526315789475
41,No,Travel_Rarely,1309,Research & Development,9,2,Human Resources,1,2433,3,Male,82,3,1,Research Scientist,1,Single,3924,25703,7,Y,No,13,3,1,80,1,9,4,2,7,6,2,5,2018-03-22,,2025-12-31,0,35-44,6-10 years,Q1 Low,6726.857142857143
41,No,Travel_Rarely,674,Sales,11,4,Technical Degree,1,2435,2,Female,65,2,2,Sales Executive,1,Married,7977,6273,4,Y,Yes,18,3,4,80,1,12,3,3,9,8,1,8,2016-11-18,,2025-12-31,0,35-44,6-10 years,Q3,10636.0
30,No,Travel_Rarely,240,Sales,8,1,Technical Degree,1,2437,3,Female,91,2,1,Sales Representative,1,Married,4780,17541,3,Y,No,12,3,4,80,1,10,1,3,4,2,2,1,2021-11-17,,2025-12-31,0,26-34,4-5 years,Q1 Low,14340.0
41,Yes,Non-Travel,1424,Research & Development,12,3,Technical Degree,1,2439,4,Female,48,1,1,Laboratory Technician,4,Married,5418,20397,3,Y,No,16,3,4,80,0,12,3,1,11,6,4,2,2014-05-24,2024-07-14,2025-12-31,1,35-44,11+ years,Q2,5910.545454545455
49,Yes,Travel_Rarely,1349,Sales,3,2,Medical,1,2441,4,Male,47,3,1,Sales Representative,1,Single,5197,22947,1,Y,No,14,3,4,80,3,4,0,3,2,2,1,1,2023-12-28,2024-05-03,2025-12-31,1,45+,2-3 years,Q2,31182.0
18,No,Travel_Rarely,324,Research & Development,21,3,Medical,1,2443,1,Male,73,3,1,Laboratory Technician,3,Married,6103,14909,0,Y,No,15,3,2,80,0,17,3,3,11,5,1,6,2014-04-13,,2025-12-31,0,18-25,11+ years,Q2,6657.818181818182
41,No,Travel_Rarely,1306,Research & Development,5,2,Marketing,1,2445,3,Male,49,2,1,Research Scientist,2,Divorced,5104,12087,1,Y,No,16,3,3,80,0,17,2,3,12,7,3,4,2013-09-16,,2025-12-31,0,35-44,11+ years,Q2,5104.0
18,No,Travel_Rarely,260,Sales,8,2,Medical,1,2447,3,Male,31,3,2,Sales Executive,3,Married,7685,17468,2,Y,No,11,3,4,80,1,14,4,3,9,8,3,7,2016-05-05,,2025-12-31,0,18-25,6-10 years,Q3,10246.666666666666
28,No,Travel_Rarely,1185,Research & Development,1,3,Technical Degree,1,2449,3,Male,59,3,4,Manager,2,Married,12561,24683,2,Y,Yes,22,3,1,80,0,5,4,3,4,3,1,2,2021-08-04,,2025-12-31,0,26-34,4-5 years,Q4 High,37683.0
52,No,Travel_Rarely,1034,Research & Development,5,3,Medical,1,2451,3,Female,80,2,1,Laboratory Technician,4,Married,6690,24787,2,Y,No,19,3,2,80,0,23,3,1,19,8,0,11,2006-12-30,,2025-12-31,0,45+,11+ years,Q3,4225.263157894737
32,No,Travel_Rarely,496,Research & Development,10,2,Other,1,2453,2,Male,73,3,2,Manufacturing Director,3,Divorced,4994,24923,2,Y,No,15,4,1,80,2,4,1,3,4,2,2,2,2021-02-22,,2025-12-31,0,26-34,4-5 years,Q2,14982.0
26,No,Travel_Frequently,115,Research & Development,23,2,Life Sciences,1,2455,2,Female,76,3,1,Research Scientist,4,Single,6165,24082,4,Y,No,16,3,3,80,0,22,5,3,21,15,9,17,2004-03-09,,2025-12-31,0,26-34,11+ years,Q2,3522.8571428571427
35,No,Travel_Rarely,328,Human Resources,13,2,Marketing,1,2457,3,Male,72,3,4,Manager,3,Single,14738,17268,2,Y,Yes,11,3,3,80,1,13,2,2,9,6,0,2,2016-01-21,,2025-12-31,0,35-44,6-10 years,Q4 High,19650.666666666668
56,No,Travel_Rarely,537,Research & Development,6,4,Medical,1,2459,3,Male,40,3,2,Manufacturing Director,1,Married,12029,12499,4,Y,No,15,3,2,80,2,32,2,3,28,21,7,19,1997-04-06,,2025-12-31,0,45+,11+ years,Q4 High,5155.285714285715
20,No,Travel_Rarely,513,Sales,2,3,Medical,1,2461,2,Female,71,3,1,Sales Representative,1,Divorced,6404,18654,0,Y,No,14,3,1,80,3,16,2,4,15,12,2,9,2010-07-30,,2025-12-31,0,18-25,11+ years,Q2,5123.2
27,No,Travel_Rarely,1034,Research & Development,20,3,Life Sciences,1,2463,1,Male,48,3,4,Manager,4,Married,13198,9204,3,Y,Yes,14,3,4,80,0,10,2,2,5,3,2,3,2020-07-31,,2025-12-31,0,26-34,4-5 years,Q4 High,31675.2
51,No,Travel_Frequently,708,Research & Development,6,2,Marketing,1,2465,3,Female,32,3,1,Research Scientist,4,Divorced,6755,18776,1,Y,No,19,4,1,80,0,15,1,2,12,11,4,6,2013-10-24,,2025-12-31,0,45+,11+ years,Q3,6755.0
54,No,Non-Travel,1483,Research & Development,10,3,Technical Degree,1,2467,2,Female,33,3,1,Research Scientist,1,Single,6298,18141,2,Y,No,12,3,4,80,1,15,3,2,14,13,1,3,2011-08-21,,2025-12-31,0,45+,11+ years,Q2,5398.285714285715
36,No,Travel_Rarely,937,Research & Development,6,1,Life Sciences,1,2469,1,Male,67,3,2,Manufacturing Director,4,Married,8219,25775,5,Y,No,12,3,2,80,0,13,1,3,10,4,0,6,2015-08-18,,2025-12-31,0,35-44,6-10 years,Q3,9862.8
26,Yes,Travel_Frequently,751,Research & Development,11,1,Medical,1,2471,1,Female,63,2,2,Healthcare Representative,3,Single,4450,16702,4,Y,Yes,15,3,3,80,1,10,6,4,8,4,1,6,2017-08-06,2022-10-07,2025-12-31,1,26-34,6-10 years,Q1 Low,6675.0
56,No,Travel_Frequently,229,Sales,19,3,Life Sciences,1,2473,2,Male,80,3,2,Sales Executive,2,Single,10223,6989,6,Y,No,17,3,3,80,1,26,5,3,19,10,0,5,2006-01-11,,2025-12-31,0,45+,11+ years,Q4 High,6456.631578947368
51,No,Non-Travel,1028,Research & Development,14,3,Other,1,2475,3,Male,60,3,1,Research Scientist,1,Married,4953,10785,5,Y,Yes,11,4,1,80,1,9,1,3,4,2,0,2,2021-01-21,,2025-12-31,0,45+,4-5 years,Q2,14859.0
43,Yes,Travel_Rarely,754,Human Resources,7,2,Medical,1,2477,2,Female,66,2,1,Human Resources,4,Divorced,3176,20993,2,Y,Yes,16,3,3,80,1,10,1,3,9,5,3,3,2016-11-14,2022-11-13,2025-12-31,1,35-44,6-10 years,Q1 Low,4234.666666666667
30,No,Travel_Rarely,948,Research & Development,20,3,Life Sciences,1,2479,1,Male,73,3,1,Research Scientist,1,Married,11880,7197,2,Y,No,13,3,3,80,2,40,4,3,40,24,13,24,1985-10-02,,2025-12-31,0,26-34,11+ years,Q4 High,3564.0
36,No,Travel_Rarely,791,Sales,27,5,Life Sciences,1,2481,1,Female,88,1,4,Manager,2,Married,14310,26883,0,Y,Yes,18,3,4,80,0,16,2,3,9,3,2,6,2016-07-19,,2025-12-31,0,35-44,6-10 years,Q4 High,19080.0
35,No,Travel_Frequently,1286,Sales,17,3,Medical,1,2483,2,Female,47,3,1,Sales Representative,2,Married,6492,23061,7,Y,No,15,4,4,80,1,12,2,2,9,4,2,6,2016-10-29,,2025-12-31,0,35-44,6-10 years,Q2,8656.0
40,No,Travel_Rarely,1474,Sales,6,3,Life Sciences,1,2485,3,Female,54,2,2,Sales Executive,1,Married,5302,17001,4,Y,No,20,3,1,80,0,9,3,3,3,1,0,1,2022-05-05,,2025-12-31,0,35-44,2-3 years,Q2,21208.0
50,Yes,Travel_Rarely,577,Sales,15,4,Medical,1,2487,1,Male,39,1,2,Sales Executive,3,Single,12075,2559,2,Y,No,14,3,2,80,0,23,1,3,19,7,3,6,2006-08-12,2025-07-31,2025-12-31,1,45+,11+ years,Q4 High,7626.315789473684
45,No,Travel_Rarely,1161,Sales,16,4,Technical Degree,1,2489,3,Male,98,3,2,Sales Executive,1,Married,10778,8002,3,Y,Yes,19,3,2,80,0,20,6,1,17,11,5,12,2008-05-08,,2025-12-31,0,45+,11+ years,Q4 High,7608.0
27,No,Travel_Rarely,1075,Research & Development,7,3,Technical Degree,1,2491,1,Female,54,3,1,Research Scientist,2,Single,4427,6008,5,Y,No,18,3,1,80,1,9,4,3,6,3,1,2,2019-09-09,,2025-12-31,0,26-34,6-10 years,Q1 Low,8854.0
49,No,Travel_Rarely,1421,Research & Development,27,4,Life Sciences,1,2493,2,Male,80,2,1,Laboratory Technician,4,Married,6223,3395,3,Y,No,19,3,3,80,3,23,2,4,19,17,3,4,2006-04-09,,2025-12-31,0,45+,11+ years,Q2,3930.315789473684
40,No,Travel_Frequently,1355,Research & Development,19,2,Other,1,2495,1,Male,82,3,4,Manager,2,Divorced,14007,13648,3,Y,No,19,3,4,80,1,10,4,3,6,2,1,3,2019-08-24,,2025-12-31,0,35-44,6-10 years,Q4 High,28014.0
43,No,Travel_Rarely,948,Sales,7,3,Medical,1,2497,1,Male,39,2,4,Manager,2,Single,15083,6372,1,Y,No,15,3,3,80,0,12,4,4,6,5,2,2,2019-03-04,,2025-12-31,0,35-44,6-10 years,Q4 High,30166.0
50,No,Travel_Frequently,618,Research & Development,6,2,Life Sciences,1,2499,3,Male,78,3,1,Research Scientist,3,Divorced,5429,22941,1,Y,No,14,3,4,80,1,13,6,2,9,4,3,7,2016-11-26,,2025-12-31,0,45+,6-10 years,Q2,7238.666666666667
27,No,Travel_Rarely,1000,Sales,16,2,Life Sciences,1,2501,3,Male,67,3,4,Manager,3,Married,12796,8765,1,Y,No,18,3,3,80,0,8,1,3,4,3,1,1,2021-08-20,,2025-12-31,0,26-34,4-5 years,Q4 High,38388.0
37,No,Travel_Rarely,1291,Research & Development,29,3,Life Sciences,1,2503,4,Female,75,2,2,Manufacturing Director,4,Married,7852,17431,1,Y,No,14,3,4,80,1,11,2,2,5,2,0,2,2020-07-03,,2025-12-31,0,35-44,4-5 years,Q3,18844.8
32,No,Travel_Rarely,164,Research & Development,3,2,Marketing,1,2505,1,Female,99,3,2,Manufacturing Director,2,Married,8454,16326,0,Y,No,11,3,2,80,2,19,6,2,13,11,5,5,2012-12-21,,2025-12-31,0,26-34,11+ years,Q3,7803.692307692308
23,No,Travel_Rarely,1317,Research & Development,12,3,Life Sciences,1,2507,1,Male,40,2,1,Laboratory Technician,4,Single,3639,5480,0,Y,No,20,4,4,80,0,8,3,3,2,1,0,1,2023-06-12,,2025-12-31,0,18-25,2-3 years,Q1 Low,21834.0
40,No,Travel_Rarely,551,Sales,15,3,Life Sciences,1,2509,2,Male,45,1,2,Sales Executive,4,Divorced,8675,24512,1,Y,No,14,3,4,80,0,13,3,3,9,8,2,5,2016-10-10,,2025-12-31,0,35-44,6-10 years,Q3,11566.666666666666
60,No,Travel_Rarely,952,Research & Development,19,3,Marketing,1,2511,3,Male,61,3,1,Research Scientist,4,Married,7154,21985,2,Y,Yes,12,3,1,80,0,20,6,3,13,5,2,9,2012-05-05,,2025-12-31,0,45+,11+ years,Q3,6603.692307692308
20,No,Travel_Rarely,269,Research & Development,15,2,Medical,1,2513,2,Female,31,3,1,Research Scientist,1,Married,6512,16350,2,Y,Yes,17,3,2,80,0,16,0,3,12,6,5,6,2013-03-20,,2025-12-31,0,18-25,11+ years,Q2,6512.0
37,No,Travel_Frequently,837,Research & Development,6,2,Marketing,1,2515,2,Male,87,3,1,Research Scientist,1,Divorced,7964,10233,3,Y,No,21,3,4,80,1,22,6,3,19,12,6,4,2006-08-10,,2025-12-31,0,35-44,11+ years,Q3,5029.894736842105
43,No,Travel_Rarely,330,Research & Development,2,3,Marketing,1,2517,2,Female,67,3,1,Research Scientist,3,Married,3302,14307,1,Y,No,20,3,4,80,0,6,4,3,3,2,1,1,2022-08-28,,2025-12-31,0,35-44,2-3 years,Q1 Low,13208.0
38,No,Travel_Rarely,1061,Research & Development,7,5,Life Sciences,1,2519,1,Male,86,3,1,Laboratory Technician,4,Single,3572,19423,2,Y,Yes,16,3,2,80,0,7,3,3,2,2,1,2,2023-02-17,,2025-12-31,0,35-44,2-3 years,Q1 Low,21432.0
36,Yes,Travel_Rarely,1404,Research & Development,14,1,Technical Degree,1,2521,4,Female,88,3,2,Manufacturing Director,3,Single,8055,2646,1,Y,No,11,3,3,80,1,9,2,2,5,3,1,2,2020-03-10,2023-08-15,2025-12-31,1,35-44,4-5 years,Q3,19332.0
25,No,Travel_Rarely,105,Sales,5,2,Life Sciences,1,2523,3,Male,86,3,2,Sales Executive,2,Divorced,9641,26284,2,Y,No,17,3,3,80,2,27,1,2,24,19,2,14,2001-10-28,,2025-12-31,0,18-25,11+ years,Q4 High,4820.5
39,No,Travel_Rarely,363,Research & Development,21,4,Medical,1,2525,3,Female,96,3,1,Research Scientist,1,Married,3710,2606,2,Y,No,16,3,3,80,1,10,5,3,7,6,2,6,2018-10-10,,2025-12-31,0,35-44,6-10 years,Q1 Low,6360.0
30,No,Travel_Rarely,1030,Research & Development,8,1,Medical,1,2527,3,Male,44,3,4,Manager,4,Married,16297,12332,3,Y,No,12,3,2,80,0,14,4,3,13,9,3,3,2012-08-19,,2025-12-31,0,26-34,11+ years,Q4 High,15043.384615384615
18,No,Travel_Rarely,152,Research & Development,5,4,Life Sciences,1,2529,3,Female,87,3,3,Research Director,4,Single,11549,12129,0,Y,No,21,3,2,80,0,18,6,1,13,10,4,8,2012-04-02,,2025-12-31,0,18-25,11+ years,Q4 High,10660.615384615385
48,No,Travel_Rarely,118,Research & Development,12,3,Human Resources,1,2531,1,Male,32,3,2,Manufacturing Director,1,Divorced,5512,7617,2,Y,No,11,3,3,80,0,6,1,2,5,2,0,2,2020-09-11,,2025-12-31,0,45+,4-5 years,Q2,13228.8
46,No,Travel_Rarely,364,Research & Development,7,3,Medical,1,2533,3,Female,87,3,4,Manager,1,Married,14479,25022,1,Y,Yes,14,3,4,80,0,5,3,2,3,2,0,1,2022-10-31,,2025-12-31,0,45+,2-3 years,Q4 High,57916.0
37,No,Travel_Frequently,1284,Research & Development,6,2,Life Sciences,1,2535,1,Female,56,3,1,Laboratory Technician,3,Married,4883,14184,2,Y,No,11,3,4,80,3,14,4,3,6,5,2,2,2019-10-06,,2025-12-31,0,35-44,6-10 years,Q1 Low,9766.0
39,No,Travel_Rarely,905,Research & Development,29,2,Technical Degree,1,2537,2,Male,44,3,4,Manager,3,Single,17876,26522,2,Y,No,21,3,1,80,0,16,3,2,11,7,2,8,2014-10-19,,2025-12-31,0,35-44,11+ years,Q4 High,19501.090909090908
47,No,Travel_Rarely,259,Research & Development,5,2,Medical,1,2539,3,Female,89,3,1,Research Scientist,4,Divorced,10299,2455,2,Y,Yes,11,3,4,80,0,36,5,2,31,27,3,14,1994-09-12,,2025-12-31,0,45+,11+ years,Q4 High,3986.7096774193546
39,No,Travel_Frequently,1146,Sales,6,4,Medical,1,2541,3,Male,32,3,2,Sales Executive,4,Divorced,9673,23580,2,Y,Yes,14,3,2,80,0,12,1,3,9,8,1,2,2016-03-03,,2025-12-31,0,35-44,6-10 years,Q4 High,12897.333333333334
45,No,Travel_Rarely,1285,Sales,13,4,Medical,1,2543,3,Male,57,3,2,Sales Executive,3,Divorced,8740,22793,0,Y,Yes,20,3,3,80,2,10,3,3,9,8,3,2,2016-03-26,,2025-12-31,0,45+,6-10 years,Q3,11653.333333333334
34,No,Travel_Rarely,1466,Sales,21,3,Marketing,1,2545,3,Male,76,3,2,Sales Executive,1,Married,4896,14639,4,Y,Yes,13,3,4,80,0,6,2,3,4,2,0,1,2021-05-18,,2025-12-31,0,26-34,4-5 years,Q1 Low,14688.0
49,No,Travel_Rarely,1041,Research & Development,12,4,Life Sciences,1,2547,1,Male,94,3,1,Research Scientist,3,Married,5343,2922,1,Y,No,12,3,3,80,1,15,2,3,9,4,2,7,2016-08-20,,2025-12-31,0,45+,6-10 years,Q2,7124.0
40,Yes,Travel_Rarely,484,Research & Development,9,2,Life Sciences,1,2549,2,Female,82,3,1,Laboratory Technician,4,Single,3582,6057,2,Y,Yes,12,3,2,80,1,6,4,2,2,1,0,1,2023-09-01,2022-12-22,2025-12-31,1,35-44,2-3 years,Q1 Low,21492.0
39,No,Travel_Rarely,1130,Research & Development,29,3,Medical,1,2551,1,Female,49,3,2,Manufacturing Director,4,Divorced,7025,23704,1,Y,Yes,14,3,1,80,2,8,6,4,6,6,1,5,2019-06-18,,2025-12-31,0,35-44,6-10 years,Q3,14050.0
25,Yes,Travel_Rarely,974,Research & Development,6,3,Life Sciences,1,2553,3,Male,40,3,1,Laboratory Technician,4,Married,2857,16638,1,Y,No,14,3,3,80,0,6,2,3,3,1,1,2,2022-12-03,2022-03-18,2025-12-31,1,18-25,2-3 years,Q1 Low,11428.0
40,No,Non-Travel,979,Human Resources,6,4,Medical,1,2555,4,Male,54,3,1,Human Resources,2,Married,5902,18710,2,Y,No,18,3,4,80,0,15,5,4,9,5,0,7,2016-12-16,,2025-12-31,0,35-44,6-10 years,Q2,7869.333333333333
29,No,Travel_Frequently,635,Research & Development,5,2,Life Sciences,1,2557,2,Female,92,2,2,Healthcare Representative,4,Divorced,6865,2122,2,Y,No,13,3,4,80,1,10,3,4,7,4,3,3,2018-12-11,,2025-12-31,0,26-34,6-10 years,Q3,11768.57142857143
31,No,Travel_Rarely,229,Research & Development,11,3,Life Sciences,1,2559,1,Female,33,1,1,Laboratory Technician,4,Married,5223,12417,2,Y,Yes,18,3,4,80,1,9,3,3,5,2,2,2,2020-11-25,,2025-12-31,0,26-34,4-5 years,Q2,12535.2
29,No,Travel_Rarely,1379,Research & Development,4,4,Life Sciences,1,2561,3,Male,83,3,1,Laboratory Technician,3,Married,4841,15613,0,Y,No,25,3,4,80,1,8,3,1,4,2,1,2,2021-05-10,,2025-12-31,0,26-34,4-5 years,Q1 Low,14523.0
27,No,Travel_Rarely,349,Sales,3,3,Medical,1,2563,4,Female,89,4,4,Manager,2,Single,14010,23511,1,Y,No,20,3,4,80,1,13,2,3,6,2,2,3,2019-04-30,,2025-12-31,0,26-34,6-10 years,Q4 High,28020.0
56,No,Travel_Rarely,1013,Research & Development,6,1,Marketing,1,2565,3,Male,57,3,1,Research Scientist,4,Single,3994,10193,1,Y,No,17,4,4,80,1,8,3,2,5,3,2,3,2020-01-07,,2025-12-31,0,45+,4-5 years,Q1 Low,9585.6
49,No,Travel_Rarely,1462,Research & Development,2,3,Life Sciences,1,2567,1,Male,39,2,1,Research Scientist,3,Single,5032,19553,2,Y,No,22,3,1,80,2,15,4,3,10,9,4,2,2015-12-05,,2025-12-31,0,45+,6-10 years,Q2,6038.4
54,No,Travel_Rarely,717,Research & Development,10,3,Medical,1,2569,4,Female,65,3,3,Research Director,1,Married,12854,12787,2,Y,No,25,4,4,80,2,21,6,3,16,12,3,13,2009-09-08,,2025-12-31,0,45+,11+ years,Q4 High,9640.5
26,No,Travel_Rarely,455,Research & Development,11,3,Life Sciences,1,2571,4,Male,62,3,1,Research Scientist,1,Single,5920,15911,0,Y,No,16,3,3,80,0,16,0,4,12,9,2,3,2013-03-24,,2025-12-31,0,26-34,11+ years,Q2,5920.0
38,No,Travel_Rarely,411,Research & Development,13,4,Medical,1,2573,1,Male,88,3,1,Laboratory Technician,3,Single,5627,21062,1,Y,Yes,13,3,4,80,0,17,5,3,13,8,3,4,2012-10-22,,2025-12-31,0,35-44,11+ years,Q2,5194.153846153846
25,No,Non-Travel,131,Research & Development,15,3,Life Sciences,1,2575,4,Male,74,3,2,Healthcare Representative,3,Single,5422,25009,0,Y,No,21,3,1,80,1,3,1,3,1,1,0,1,2024-10-22,,2025-12-31,0,18-25,0-1 years,Q2,65064.0
31,No,Travel_Rarely,937,Research & Development,6,3,Medical,1,2577,3,Female,80,3,2,Manufacturing Director,1,Single,7682,3065,2,Y,No,20,3,4,80,0,11,6,3,8,7,3,2,2017-04-05,,2025-12-31,0,26-34,6-10 years,Q3,11523.0
29,No,Non-Travel,192,Research & Development,19,3,Medical,1,2579,2,Female,75,3,1,Research Scientist,4,Married,5945,19765,4,Y,No,11,3,4,80,0,11,4,3,9,8,3,2,2016-02-13,,2025-12-31,0,26-34,6-10 years,Q2,7926.666666666667
48,No,Non-Travel,990,Research & Development,18,1,Technical Degree,1,2581,3,Male,42,2,1,Research Scientist,4,Married,6619,20058,1,Y,No,22,3,4,80,1,19,0,3,14,6,4,4,2011-01-08,,2025-12-31,0,45+,11+ years,Q3,5673.428571428572
33,No,Travel_Rarely,133,Research & Development,3,2,Life Sciences,1,2583,4,Male,33,3,1,Research Scientist,4,Married,6370,4618,1,Y,No,14,3,4,80,3,18,4,3,15,13,6,4,2010-06-06,,2025-12-31,0,26-34,11+ years,Q2,5096.0
47,No,Travel_Frequently,951,Research & Development,8,4,Marketing,1,2585,3,Male,71,3,1,Laboratory Technician,2,Married,7478,25219,2,Y,No,13,4,2,80,0,18,6,4,18,9,8,7,2007-02-05,,2025-12-31,0,45+,11+ years,Q3,4985.333333333333
42,No,Travel_Rarely,1412,Sales,1,3,Medical,1,2587,1,Male,56,3,2,Sales Executive,3,Single,5314,20121,1,Y,No,14,4,3,80,1,12,2,3,5,3,0,2,2020-08-14,,2025-12-31,0,35-44,4-5 years,Q2,12753.6
58,No,Travel_Rarely,1070,Sales,19,1,Technical Degree,1,2589,4,Male,37,2,2,Sales Executive,1,Divorced,7181,24748,1,Y,No,13,3,2,80,0,8,1,3,6,3,2,3,2019-05-10,,2025-12-31,0,45+,6-10 years,Q3,14362.0
23,No,Travel_Rarely,1467,Research & Development,15,2,Life Sciences,1,2591,1,Female,75,3,4,Manager,2,Single,11714,4096,3,Y,No,15,4,2,80,1,5,0,3,0,0,0,0,2025-12-25,,2025-12-31,0,18-25,0-1 years,Q4 High,140568.0
48,Yes,Travel_Rarely,708,Research & Development,23,3,Life Sciences,1,2593,3,Male,37,3,1,Laboratory Technician,3,Divorced,3489,2951,4,Y,No,16,3,2,80,0,6,6,3,3,2,1,2,2022-05-31,2022-05-08,2025-12-31,1,45+,2-3 years,Q1 Low,13956.0
47,No,Travel_Rarely,607,Research & Development,2,4,Technical Degree,1,2595,3,Male,55,3,1,Research Scientist,4,Married,4682,26935,1,Y,No,14,3,2,80,0,14,6,3,10,4,4,6,2015-10-28,,2025-12-31,0,45+,6-10 years,Q1 Low,5618.4
28,No,Travel_Rarely,412,Research & Development,12,4,Life Sciences,1,2597,1,Male,30,3,1,Laboratory Technician,3,Married,4164,9621,2,Y,No,14,3,3,80,2,11,2,3,9,7,3,3,2016-02-22,,2025-12-31,0,26-34,6-10 years,Q1 Low,5552.0
46,No,Travel_Rarely,1043,Sales,6,2,Life Sciences,1,2599,1,Male,90,1,4,Manager,1,Married,14503,19135,4,Y,No,18,3,4,80,3,17,2,3,10,6,3,3,2015-09-21,,2025-12-31,0,45+,6-10 years,Q4 High,17403.6
40,Yes,Travel_Rarely,1327,Research & Development,1,4,Life Sciences,1,2601,4,Female,68,4,1,Research Scientist,2,Married,7493,19023,1,Y,Yes,11,4,4,80,0,13,2,2,10,4,2,8,2015-11-30,2023-08-04,2025-12-31,1,35-44,6-10 years,Q3,8991.6
35,No,Travel_Rarely,1345,Sales,17,3,Technical Degree,1,2603,2,Male,38,3,2,Sales Executive,3,Married,6114,20249,3,Y,Yes,22,3,1,80,1,6,4,3,2,1,1,1,2023-12-04,,2025-12-31,0,35-44,2-3 years,Q2,36684.0
29,No,Travel_Rarely,131,Research & Development,3,3,Life Sciences,1,2605,3,Male,56,3,2,Healthcare Representative,4,Single,10239,26349,2,Y,No,18,4,1,80,1,19,4,4,16,11,4,4,2009-01-14,,2025-12-31,0,26-34,11+ years,Q4 High,7679.25
30,No,Travel_Rarely,736,Research & Development,11,3,Technical Degree,1,2607,3,Male,99,3,1,Laboratory Technician,4,Divorced,5275,10118,6,Y,No,18,4,2,80,0,12,5,1,7,3,1,6,2018-09-06,,2025-12-31,0,26-34,6-10 years,Q2,9042.857142857143
56,No,Travel_Rarely,719,Sales,5,2,Medical,1,2609,3,Male,49,3,1,Sales Representative,1,Married,6040,25579,1,Y,No,14,3,2,80,0,10,3,3,9,4,2,6,2016-11-30,,2025-12-31,0,45+,6-10 years,Q2,8053.333333333333
37,No,Travel_Rarely,822,Sales,10,4,Life Sciences,1,2611,3,Male,94,3,2,Sales Executive,1,Married,9104,20524,2,Y,No,23,3,1,80,1,18,2,3,13,12,1,4,2012-04-19,,2025-12-31,0,35-44,11+ years,Q4 High,8403.692307692309
44,No,Travel_Rarely,1099,Sales,16,2,Life Sciences,1,2613,2,Male,45,3,2,Sales Executive,1,Single,13237,21122,1,Y,Yes,11,3,2,80,0,27,3,3,25,22,6,21,2000-02-20,,2025-12-31,0,35-44,11+ years,Q4 High,6353.76
30,No,Travel_Frequently,101,Sales,10,2,Life Sciences,1,2615,2,Male,97,2,2,Sales Executive,4,Married,8895,15795,3,Y,Yes,11,3,3,80,0,17,1,3,13,6,4,6,2012-01-20,,2025-12-31,0,26-34,11+ years,Q4 High,8210.76923076923
30,Yes,Travel_Rarely,1110,Research & Development,4,4,Medical,1,2617,4,Male,96,3,1,Laboratory Technician,1,Divorced,2328,8682,1,Y,Yes,19,3,3,80,3,5,1,3,4,3,0,3,2021-02-23,2025-02-03,2025-12-31,1,26-34,4-5 years,Q1 Low,6984.0
47,No,Travel_Rarely,1306,Sales,29,3,Medical,1,2619,3,Male,51,2,2,Sales Executive,1,Single,11908,25166,0,Y,Yes,18,3,3,80,0,31,2,3,28,16,10,7,1997-01-24,,2025-12-31,0,45+,11+ years,Q4 High,5103.428571428572
25,Yes,Travel_Rarely,1182,Research & Development,7,4,Medical,1,2621,2,Male,85,1,1,Research Scientist,3,Divorced,3793,23811,2,Y,Yes,13,3,2,80,0,13,1,2,8,5,0,2,2017-08-24,2022-06-10,2025-12-31,1,18-25,6-10 years,Q1 Low,5689.5
33,No,Travel_Frequently,1412,Sales,5,3,Life Sciences,1,2623,4,Female,86,3,4,Manager,2,Married,13495,26993,1,Y,No,16,4,4,80,2,12,1,4,8,5,2,5,2017-01-27,,2025-12-31,0,26-34,6-10 years,Q4 High,20242.5
37,No,Travel_Rarely,195,Research & Development,8,3,Medical,1,2625,3,Male,83,3,4,Manager,1,Single,17623,3951,2,Y,No,15,3,4,80,0,20,5,3,19,7,5,4,2006-06-19,,2025-12-31,0,35-44,11+ years,Q4 High,11130.315789473685
38,Yes,Travel_Rarely,604,Sales,2,4,Technical Degree,1,2627,1,Male,37,3,4,Manager,2,Single,11863,14587,6,Y,Yes,15,3,2,80,1,9,5,3,3,2,1,1,2022-09-11,2024-11-20,2025-12-31,1,35-44,2-3 years,Q4 High,47452.0
35,Yes,Travel_Rarely,310,Research & Development,5,1,Medical,1,2629,4,Male,36,2,2,Healthcare Representative,2,Single,8243,8019,3,Y,No,16,3,1,80,0,15,2,3,11,5,4,8,2014-09-29,2025-08-28,2025-12-31,1,35-44,11+ years,Q3,8992.363636363636
41,No,Travel_Rarely,882,Research & Development,7,4,Marketing,1,2631,3,Male,30,3,1,Research Scientist,3,Married,4812,18943,1,Y,No,25,3,2,80,2,17,4,1,14,9,3,4,2011-02-28,,2025-12-31,0,35-44,11+ years,Q1 Low,4124.571428571428
43,No,Travel_Rarely,1092,Research & Development,10,2,Life Sciences,1,2633,1,Female,83,3,4,Manager,4,Married,14747,17713,2,Y,No,25,3,1,80,0,12,3,4,8,7,0,6,2017-12-28,,2025-12-31,0,35-44,6-10 years,Q4 High,22120.5
44,Yes,Travel_Rarely,1152,Sales,9,4,Technical Degree,1,2635,2,Male,41,2,2,Sales Executive,1,Single,9639,10975,1,Y,Yes,25,3,3,80,0,21,5,3,14,13,4,7,2011-12-07,2022-06-03,2025-12-31,1,35-44,11+ years,Q4 High,8262.0
28,No,Non-Travel,1326,Research & Development,12,2,Life Sciences,1,2637,3,Female,43,3,4,Manager,2,Single,17612,5771,2,Y,No,16,3,1,80,0,28,1,2,24,22,6,18,2001-02-05,,2025-12-31,0,26-34,11+ years,Q4 High,8806.0
34,No,Travel_Rarely,211,Research & Development,8,3,Life Sciences,1,2639,3,Male,48,3,4,Manager,4,Divorced,12386,8958,4,Y,No,13,3,3,80,1,7,1,4,2,2,0,1,2023-01-11,,2025-12-31,0,26-34,2-3 years,Q4 High,74316.0
48,No,Travel_Rarely,1488,Research & Development,18,4,Technical Degree,1,2641,2,Male,48,2,2,Manufacturing Director,4,Single,6493,14814,4,Y,Yes,16,3,2,80,1,8,4,3,4,1,0,2,2021-07-21,,2025-12-31,0,45+,4-5 years,Q2,19479.0
45,No,Travel_Frequently,1246,Research & Development,14,3,Human Resources,1,2643,2,Female,57,3,4,Manager,3,Single,13952,8647,2,Y,No,17,3,4,80,0,4,2,3,1,1,0,0,2024-11-25,,2025-12-31,0,45+,0-1 years,Q4 High,167424.0
24,Yes,Travel_Rarely,402,Sales,11,4,Medical,1,2645,2,Male,44,3,1,Sales Representative,4,Married,3893,15495,3,Y,Yes,13,3,1,80,0,8,5,3,3,2,0,2,2022-10-31,2021-06-16,2025-12-31,1,18-25,2-3 years,Q1 Low,15572.0
40,No,Travel_Frequently,796,Research & Development,20,4,Life Sciences,1,2647,3,Male,92,3,1,Research Scientist,1,Single,4676,26794,1,Y,No,17,3,3,80,0,9,4,2,7,6,1,3,2018-05-09,,2025-12-31,0,35-44,6-10 years,Q1 Low,8016.0
19,Yes,Travel_Rarely,960,Human Resources,20,4,Life Sciences,1,2649,1,Male,52,2,1,Human Resources,4,Single,3452,10079,0,Y,No,17,3,1,80,3,10,2,3,6,5,1,2,2019-04-28,2024-05-18,2025-12-31,1,18-25,6-10 years,Q1 Low,6904.0
37,No,Travel_Frequently,354,Research & Development,9,4,Medical,1,2651,1,Female,72,3,1,Laboratory Technician,4,Divorced,3889,20560,1,Y,Yes,21,3,1,80,0,7,5,2,5,3,1,1,2020-07-01,,2025-12-31,0,35-44,4-5 years,Q1 Low,9333.6
54,No,Travel_Rarely,1352,Research & Development,6,3,Technical Degree,1,2653,3,Male,39,3,1,Research Scientist,3,Divorced,8211,15976,1,Y,No,13,4,4,80,1,25,3,3,19,12,3,5,2006-05-04,,2025-12-31,0,45+,11+ years,Q3,5185.894736842105
28,No,Travel_Frequently,1464,Sales,10,2,Life Sciences,1,2655,3,Female,65,3,1,Sales Representative,3,Married,7080,17679,3,Y,No,17,3,3,80,1,22,1,3,19,10,8,8,2006-11-27,,2025-12-31,0,26-34,11+ years,Q3,4471.578947368421
29,No,Travel_Frequently,1026,Sales,8,1,Marketing,1,2657,3,Male,92,2,4,Manager,1,Divorced,17993,14891,1,Y,No,15,3,1,80,1,24,2,3,22,12,5,15,2003-11-04,,2025-12-31,0,26-34,11+ years,Q4 High,9814.363636363636
44,No,Travel_Rarely,441,Research & Development,6,2,Life Sciences,1,2659,2,Female,78,3,1,Research Scientist,3,Married,4916,23034,2,Y,No,12,3,3,80,1,11,2,3,9,8,2,3,2016-05-25,,2025-12-31,0,35-44,6-10 years,Q1 Low,6554.666666666667
23,No,Travel_Rarely,855,Research & Development,10,2,Marketing,1,2661,2,Male,43,3,2,Healthcare Representative,3,Married,11788,19327,5,Y,No,13,3,3,80,0,40,0,2,33,29,1,13,1992-09-09,,2025-12-31,0,18-25,11+ years,Q4 High,4286.545454545455
31,No,Travel_Rarely,1461,Sales,11,3,Technical Degree,1,2663,2,Female,63,2,4,Manager,3,Single,17407,11283,5,Y,No,11,3,3,80,1,15,2,3,12,6,3,9,2013-08-26,,2025-12-31,0,26-34,11+ years,Q4 High,17407.0
42,No,Non-Travel,357,Research & Development,13,2,Medical,1,2665,4,Male,68,3,3,Research Director,1,Married,12256,13533,4,Y,No,13,3,3,80,0,15,1,3,11,6,3,7,2014-03-11,,2025-12-31,0,35-44,11+ years,Q4 High,13370.181818181818
31,No,Travel_Rarely,1183,Human Resources,22,1,Life Sciences,1,2667,3,Female,61,3,4,Manager,3,Single,15635,3743,0,Y,Yes,11,3,4,80,1,14,0,3,11,5,3,9,2014-09-01,,2025-12-31,0,26-34,11+ years,Q4 High,17056.363636363636
35,No,Travel_Rarely,1081,Human Resources,10,1,Marketing,1,2669,2,Male,51,1,1,Human Resources,3,Married,5617,5982,1,Y,No,22,3,2,80,0,17,2,2,12,11,5,10,2013-12-10,,2025-12-31,0,35-44,11+ years,Q2,5617.0
44,No,Travel_Rarely,328,Research & Development,8,4,Medical,1,2671,2,Male,64,3,4,Manager,2,Married,15760,22193,5,Y,No,12,3,3,80,0,8,6,3,6,5,2,1,2019-02-26,,2025-12-31,0,35-44,6-10 years,Q4 High,31520.0
41,No,Travel_Rarely,1463,Research & Development,16,3,Medical,1,2673,3,Male,52,3,2,Manufacturing Director,2,Single,7958,3680,3,Y,No,19,3,2,80,0,14,1,4,13,9,5,11,2012-01-08,,2025-12-31,0,35-44,11+ years,Q3,7345.846153846154
39,No,Travel_Rarely,531,Sales,4,3,Medical,1,2675,3,Male,54,2,2,Sales Executive,2,Single,10348,18475,1,Y,No,21,4,4,80,2,23,4,3,18,14,0,4,2007-12-01,,2025-12-31,0,35-44,11+ years,Q4 High,6898.666666666667
34,No,Non-Travel,217,Research & Development,2,4,Life Sciences,1,2677,3,Male,98,4,1,Laboratory Technician,4,Divorced,3584,6019,1,Y,Yes,15,3,4,80,1,12,6,4,2,2,0,2,2023-09-16,,2025-12-31,0,26-34,2-3 years,Q1 Low,21504.0
40,No,Travel_Rarely,999,Research & Development,12,1,Technical Degree,1,2679,4,Female,35,3,2,Manufacturing Director,3,Single,7764,7769,1,Y,No,11,4,4,80,0,14,3,3,10,5,1,6,2015-07-02,,2025-12-31,0,35-44,6-10 years,Q3,9316.8
36,Yes,Travel_Frequently,125,Research & Development,7,5,Life Sciences,1,2681,3,Female,89,2,1,Research Scientist,4,Single,3110,11710,1,Y,Yes,16,3,4,80,0,5,3,3,1,1,0,1,2024-09-20,2024-10-15,2025-12-31,1,35-44,0-1 years,Q1 Low,37320.0
41,No,Travel_Rarely,439,Research & Development,7,3,Technical Degree,1,2683,3,Male,35,3,1,Laboratory Technician,2,Married,7910,22993,3,Y,No,13,3,4,80,0,24,6,3,16,11,3,11,2009-12-17,,2025-12-31,0,35-44,11+ years,Q3,5932.5
32,No,Travel_Rarely,270,Sales,4,2,Life Sciences,1,2685,4,Female,48,3,4,Manager,4,Married,13496,10630,2,Y,No,12,3,4,80,0,16,6,2,10,4,3,8,2015-07-01,,2025-12-31,0,26-34,6-10 years,Q4 High,16195.2
35,No,Travel_Rarely,1376,Sales,19,3,Marketing,1,2687,3,Male,48,3,2,Sales Executive,4,Married,8984,8774,2,Y,No,16,3,4,80,1,9,4,3,8,5,1,5,2017-05-14,,2025-12-31,0,35-44,6-10 years,Q4 High,13476.0
28,No,Travel_Rarely,631,Sales,2,4,Life Sciences,1,2689,3,Male,41,3,1,Sales Representative,3,Single,4161,7316,1,Y,No,14,3,4,80,1,4,3,3,1,1,0,0,2024-09-29,,2025-12-31,0,26-34,0-1 years,Q1 Low,49932.0
37,No,Non-Travel,448,Research & Development,13,3,Life Sciences,1,2691,4,Female,42,3,2,Manufacturing Director,1,Single,6889,23858,3,Y,No,18,3,1,80,1,7,5,2,5,3,1,1,2020-05-16,,2025-12-31,0,35-44,4-5 years,Q3,16533.6
30,No,Travel_Frequently,1427,Research & Development,8,4,Life Sciences,1,2693,2,Female,79,3,1,Laboratory Technician,2,Married,4157,9381,2,Y,No,16,3,3,80,2,10,2,1,6,5,0,4,2019-01-13,,2025-12-31,0,26-34,6-10 years,Q1 Low,8314.0
27,No,Travel_Rarely,476,Research & Development,23,2,Marketing,1,2695,2,Female,96,3,1,Research Scientist,4,Single,6516,11322,2,Y,No,19,3,4,80,0,17,1,2,16,14,1,5,2009-08-30,,2025-12-31,0,26-34,11+ years,Q2,4887.0
39,Yes,Travel_Rarely,1474,Human Resources,17,2,Medical,1,2697,4,Male,60,3,1,Human Resources,2,Single,5161,25759,1,Y,Yes,11,3,4,80,2,8,2,3,7,6,1,5,2018-02-22,2022-09-14,2025-12-31,1,35-44,6-10 years,Q2,8847.42857142857
39,Yes,Travel_Rarely,250,Research & Development,3,1,Technical Degree,1,2699,3,Female,52,3,1,Research Scientist,2,Married,5836,10820,0,Y,Yes,13,3,4,80,1,7,3,2,7,5,0,4,2018-03-05,2025-07-23,2025-12-31,1,35-44,6-10 years,Q2,10004.57142857143
44,No,Non-Travel,928,Sales,14,2,Life Sciences,1,2701,4,Male,99,3,4,Manager,1,Married,16896,21400,3,Y,No,16,3,4,80,1,20,3,2,15,10,5,7,2010-04-21,,2025-12-31,0,35-44,11+ years,Q4 High,13516.8
33,No,Travel_Frequently,329,Research & Development,12,2,Medical,1,2703,1,Male,87,3,1,Research Scientist,4,Divorced,9725,9075,4,Y,No,21,3,4,80,2,32,4,3,29,15,5,17,1996-01-26,,2025-12-31,0,26-34,11+ years,Q4 High,4024.137931034483
41,No,Travel_Frequently,435,Research & Development,8,4,Marketing,1,2705,3,Male,96,3,1,Laboratory Technician,2,Single,4999,5080,2,Y,No,19,3,3,80,2,10,1,4,8,5,0,6,2017-05-06,,2025-12-31,0,35-44,6-10 years,Q2,7498.5
42,No,Travel_Rarely,374,Sales,13,1,Life Sciences,1,2707,1,Female,39,2,2,Sales Executive,2,Divorced,8791,6237,1,Y,Yes,17,3,1,80,2,24,5,3,21,11,3,17,2004-09-13,,2025-12-31,0,35-44,11+ years,Q3,5023.428571428572
41,No,Travel_Rarely,814,Research & Development,5,3,Life Sciences,1,2709,3,Female,97,3,1,Research Scientist,3,Married,7001,24345,2,Y,No,16,3,1,80,0,26,0,3,24,22,10,9,2001-08-08,,2025-12-31,0,35-44,11+ years,Q3,3500.5
29,Yes,Travel_Rarely,1327,Sales,9,3,Medical,1,2711,1,Female,73,3,4,Manager,3,Divorced,14365,14047,2,Y,No,17,3,3,80,0,6,2,4,2,2,0,2,2023-09-08,2021-11-23,2025-12-31,1,26-34,2-3 years,Q4 High,86190.0
38,No,Travel_Rarely,1351,Sales,8,4,Life Sciences,1,2713,1,Male,99,3,4,Manager,3,Married,14375,5752,3,Y,No,12,3,3,80,2,9,4,3,4,2,2,3,2021-04-15,,2025-12-31,0,35-44,4-5 years,Q4 High,43125.0
40,No,Travel_Rarely,1392,Research & Development,4,5,Life Sciences,1,2715,1,Male,37,3,1,Research Scientist,3,Married,12305,18066,0,Y,No,16,3,3,80,0,40,4,3,38,32,9,28,1987-05-07,,2025-12-31,0,35-44,11+ years,Q4 High,3885.7894736842104
37,No,Travel_Rarely,997,Research & Development,7,4,Medical,1,2717,3,Male,57,2,1,Laboratory Technician,4,Divorced,7183,21867,2,Y,No,15,3,3,80,1,18,1,3,15,12,6,12,2010-06-29,,2025-12-31,0,35-44,11+ years,Q3,5746.4
18,Yes,Travel_Rarely,1302,Research & Development,6,4,Life Sciences,1,2719,2,Male,84,3,1,Research Scientist,4,Married,4082,13357,2,Y,No,14,3,4,80,1,5,3,3,3,3,0,2,2022-05-26,2022-03-18,2025-12-31,1,18-25,2-3 years,Q1 Low,16328.0
38,No,Travel_Frequently,356,Sales,11,4,Medical,1,2721,1,Male,96,3,1,Sales Representative,4,Single,8792,19307,2,Y,Yes,21,3,2,80,1,23,3,2,22,14,3,5,2003-04-26,,2025-12-31,0,35-44,11+ years,Q3,4795.636363636364
57,No,Travel_Frequently,780,Research & Development,20,4,Technical Degree,1,2723,2,Female,68,3,2,Manufacturing Director,1,Married,11005,11557,2,Y,No,19,3,4,80,0,30,5,3,26,20,8,15,1999-03-22,,2025-12-31,0,45+,11+ years,Q4 High,5079.2307692307695
34,No,Travel_Rarely,1131,Research & Development,3,4,Medical,1,2725,1,Male,62,2,1,Research Scientist,4,Single,5600,16623,3,Y,No,11,4,4,80,1,13,0,3,9,6,4,6,2016-03-24,,2025-12-31,0,26-34,6-10 years,Q2,7466.666666666667
30,Yes,Travel_Rarely,435,Research & Development,11,1,Medical,1,2727,4,Male,58,3,1,Research Scientist,1,Divorced,6538,9859,2,Y,No,25,3,3,80,2,16,5,3,14,5,5,11,2011-08-17,2021-10-06,2025-12-31,1,26-34,11+ years,Q2,5604.0
40,No,Travel_Rarely,1163,Sales,6,3,Life Sciences,1,2729,2,Male,46,3,2,Sales Executive,1,Married,9411,16233,1,Y,No,13,3,3,80,1,14,5,3,11,4,3,6,2014-08-14,,2025-12-31,0,35-44,11+ years,Q4 High,10266.545454545454
40,No,Travel_Frequently,1034,Research & Development,16,3,Technical Degree,1,2731,2,Male,66,2,3,Research Director,4,Single,10242,17262,1,Y,Yes,12,3,4,80,1,22,5,3,20,8,1,14,2005-03-23,,2025-12-31,0,35-44,11+ years,Q4 High,6145.2
48,No,Travel_Frequently,1079,Sales,11,3,Life Sciences,1,2733,4,Male,35,3,4,Manager,4,Married,16251,3555,3,Y,Yes,22,3,4,80,1,9,2,3,4,2,1,3,2021-04-26,,2025-12-31,0,45+,4-5 years,Q4 High,48753.0
25,Yes,Travel_Frequently,986,Sales,2,2,Medical,1,2735,3,Female,75,4,2,Sales Executive,3,Single,7658,16163,2,Y,No,15,3,2,80,0,9,6,3,6,3,0,2,2019-01-23,2025-08-24,2025-12-31,1,18-25,6-10 years,Q3,15316.0
44,No,Travel_Frequently,429,Research & Development,10,3,Human Resources,1,2737,3,Female,43,3,2,Manufacturing Director,4,Married,9611,7060,1,Y,No,19,3,1,80,0,23,2,4,16,13,2,5,2009-08-14,,2025-12-31,0,35-44,11+ years,Q4 High,7208.25
42,No,Travel_Rarely,342,Research & Development,8,4,Medical,1,2739,3,Female,66,3,1,Laboratory Technician,4,Married,5893,22011,2,Y,No,13,3,2,80,1,22,4,3,16,12,2,11,2009-10-12,,2025-12-31,0,35-44,11+ years,Q2,4419.75
36,No,Travel_Rarely,264,Human Resources,3,1,Medical,1,2741,4,Male,58,3,1,Human Resources,3,Married,6178,22465,2,Y,No,20,4,1,80,0,17,0,3,15,14,3,5,2010-07-09,,2025-12-31,0,35-44,11+ years,Q2,4942.4
40,No,Travel_Rarely,1058,Research & Development,6,4,Medical,1,2743,2,Male,78,3,2,Manufacturing Director,3,Married,8752,7819,3,Y,No,20,3,2,80,0,15,1,3,12,6,5,4,2013-09-25,,2025-12-31,0,35-44,11+ years,Q3,8752.0
46,No,Travel_Rarely,579,Sales,9,4,Life Sciences,1,2745,4,Male,31,1,4,Manager,4,Divorced,18653,4017,1,Y,Yes,15,3,2,80,2,24,3,3,18,16,1,11,2007-05-14,,2025-12-31,0,45+,11+ years,Q4 High,12435.333333333334
45,No,Travel_Frequently,382,Research & Development,6,4,Marketing,1,2747,4,Female,99,2,4,Manager,2,Married,19388,22574,4,Y,No,18,3,3,80,1,29,0,3,22,16,3,16,2003-02-04,,2025-12-31,0,45+,11+ years,Q4 High,10575.272727272728
26,No,Travel_Rarely,1218,Research & Development,17,4,Life Sciences,1,2749,3,Female,99,2,1,Laboratory Technician,1,Married,7947,26937,2,Y,No,23,3,4,80,2,23,5,2,20,13,2,12,2005-06-15,,2025-12-31,0,26-34,11+ years,Q3,4768.2
44,Yes,Travel_Rarely,1254,Sales,8,4,Medical,1,2751,3,Male,94,1,2,Sales Executive,4,Married,7838,26198,6,Y,Yes,15,3,3,80,0,10,6,4,6,5,1,5,2019-03-19,2025-03-26,2025-12-31,1,35-44,6-10 years,Q3,15676.0
36,No,Travel_Rarely,1034,Research & Development,5,3,Life Sciences,1,2753,3,Male,75,3,2,Manufacturing Director,2,Married,7679,7725,1,Y,No,15,3,4,80,1,13,4,2,8,6,1,3,2017-08-29,,2025-12-31,0,35-44,6-10 years,Q3,11518.5
38,No,Non-Travel,873,Research & Development,10,2,Technical Degree,1,2755,1,Male,92,3,1,Research Scientist,1,Single,4456,24069,1,Y,Yes,18,3,4,80,0,15,3,3,10,5,1,4,2015-01-08,,2025-12-31,0,35-44,6-10 years,Q1 Low,5347.2
38,No,Travel_Rarely,308,Research & Development,11,3,Life Sciences,1,2757,2,Female,50,2,1,Laboratory Technician,2,Divorced,3566,22049,1,Y,No,14,3,4,80,0,9,3,3,5,4,2,3,2020-03-30,,2025-12-31,0,35-44,4-5 years,Q1 Low,8558.4
36,No,Travel_Rarely,677,Research & Development,16,4,Medical,1,2759,4,Female,56,2,1,Research Scientist,2,Married,5328,3804,3,Y,Yes,23,3,3,80,3,9,2,3,6,5,1,4,2019-03-02,,2025-12-31,0,35-44,6-10 years,Q2,10656.0
48,No,Travel_Rarely,580,Research & Development,9,4,Medical,1,2761,3,Male,92,3,2,Manufacturing Director,4,Divorced,8536,18006,3,Y,No,11,3,2,80,0,16,2,3,9,9,0,5,2016-04-18,,2025-12-31,0,45+,6-10 years,Q3,11381.333333333334
36,Yes,Travel_Rarely,1103,Research & Development,10,4,Medical,1,2763,2,Male,52,2,1,Research Scientist,4,Single,4125,10861,2,Y,No,14,3,4,80,0,14,6,3,7,6,1,1,2018-04-25,2023-08-22,2025-12-31,1,35-44,6-10 years,Q1 Low,7071.428571428572
27,No,Travel_Rarely,463,Human Resources,13,2,Life Sciences,1,2765,3,Male,68,3,1,Human Resources,3,Married,3424,16846,2,Y,No,18,3,4,80,2,10,3,3,5,4,0,3,2020-07-09,,2025-12-31,0,26-34,4-5 years,Q1 Low,8217.6
33,No,Travel_Rarely,522,Research & Development,4,3,Medical,1,2767,3,Male,87,1,3,Research Director,4,Single,11117,7908,2,Y,No,14,3,3,80,1,11,0,4,7,5,1,5,2018-05-09,,2025-12-31,0,26-34,6-10 years,Q4 High,19057.714285714286
39,No,Travel_Rarely,312,Sales,15,3,Life Sciences,1,2769,1,Male,74,3,2,Sales Executive,4,Single,11234,19183,3,Y,No,13,3,1,80,3,29,4,3,26,24,3,10,1999-07-25,,2025-12-31,0,35-44,11+ years,Q4 High,5184.923076923077
48,Yes,Travel_Frequently,1292,Research & Development,3,1,Medical,1,2771,3,Male,43,3,1,Laboratory Technician,3,Single,8549,18516,2,Y,Yes,14,3,4,80,0,31,4,2,27,25,2,6,1998-06-07,2021-06-15,2025-12-31,1,45+,11+ years,Q3,3799.5555555555557
42,No,Travel_Rarely,1331,Sales,9,2,Life Sciences,1,2773,3,Female,51,3,2,Sales Executive,4,Divorced,7018,21817,3,Y,Yes,21,4,2,80,0,4,1,2,4,3,1,2,2021-06-11,,2025-12-31,0,35-44,4-5 years,Q3,21054.0
29,No,Travel_Rarely,998,Research & Development,9,2,Medical,1,2775,1,Female,46,3,1,Research Scientist,3,Married,4084,8492,3,Y,No,16,3,1,80,1,4,1,3,2,2,1,0,2023-06-16,,2025-12-31,0,26-34,2-3 years,Q1 Low,24504.0
60,No,Non-Travel,620,Human Resources,9,4,Life Sciences,1,2777,4,Male,58,3,1,Human Resources,2,Divorced,4488,24062,2,Y,No,13,4,4,80,1,14,2,1,9,4,2,4,2017-01-02,,2025-12-31,0,45+,6-10 years,Q1 Low,5984.0
39,Yes,Travel_Rarely,1039,Research & Development,3,2,Other,1,2779,2,Female,67,2,1,Research Scientist,2,Single,3540,24308,2,Y,Yes,17,3,3,80,0,3,3,3,3,3,1,1,2022-07-17,2021-12-17,2025-12-31,1,35-44,2-3 years,Q1 Low,14160.0
49,No,Travel_Rarely,118,Research & Development,1,2,Medical,1,2781,3,Male,60,4,2,Healthcare Representative,3,Single,7473,19451,2,Y,Yes,16,3,3,80,0,9,3,2,4,2,1,1,2021-04-04,,2025-12-31,0,45+,4-5 years,Q3,22419.0
36,No,Travel_Frequently,1210,Research & Development,7,4,Life Sciences,1,2783,1,Male,87,3,1,Research Scientist,3,Single,7197,19685,5,Y,No,16,3,4,80,1,18,5,3,12,8,1,5,2013-04-15,,2025-12-31,0,35-44,11+ years,Q3,7197.0
42,No,Travel_Rarely,629,Research & Development,11,3,Medical,1,2785,3,Male,46,3,4,Manager,3,Married,14713,24358,1,Y,Yes,14,3,3,80,1,11,3,3,6,4,1,2,2019-10-28,,2025-12-31,0,35-44,6-10 years,Q4 High,29426.0
45,Yes,Travel_Frequently,336,Research & Development,21,1,Technical Degree,1,2787,2,Male,52,3,1,Laboratory Technician,3,Divorced,7656,25788,0,Y,No,11,3,3,80,0,26,1,3,22,12,6,6,2003-01-23,2021-04-29,2025-12-31,1,45+,11+ years,Q3,4176.0
48,No,Travel_Rarely,1297,Research & Development,11,2,Life Sciences,1,2789,2,Male,49,3,1,Laboratory Technician,1,Single,3673,26841,2,Y,No,17,3,2,80,2,10,4,2,5,3,0,4,2020-09-06,,2025-12-31,0,45+,4-5 years,Q1 Low,8815.2
47,No,Travel_Rarely,203,Sales,3,2,Medical,1,2791,4,Male,33,3,1,Sales Representative,1,Married,5723,12409,3,Y,No,14,4,2,80,0,13,4,2,11,9,3,2,2014-10-10,,2025-12-31,0,45+,11+ years,Q2,6243.272727272727
45,No,Travel_Rarely,1036,Research & Development,7,1,Medical,1,2793,1,Male,78,3,1,Laboratory Technician,3,Married,9181,3239,2,Y,Yes,14,3,4,80,2,33,6,3,27,22,9,17,1998-05-18,,2025-12-31,0,45+,11+ years,Q4 High,4080.4444444444443
34,No,Travel_Frequently,336,Research & Development,7,1,Life Sciences,1,2795,3,Female,55,3,2,Manufacturing Director,2,Single,5087,18500,2,Y,No,13,4,3,80,2,11,6,2,6,4,2,4,2019-02-15,,2025-12-31,0,26-34,6-10 years,Q2,10174.0
32,No,Travel_Rarely,660,Research & Development,19,3,Marketing,1,2797,3,Male,61,2,1,Research Scientist,3,Married,1993,13501,1,Y,No,13,3,1,80,1,4,6,3,2,1,0,1,2023-04-19,,2025-12-31,0,26-34,2-3 years,Q1 Low,11958.0
40,No,Travel_Frequently,1225,Sales,11,2,Life Sciences,1,2799,4,Male,57,3,2,Sales Executive,3,Married,4625,25807,5,Y,No,19,4,1,80,0,9,6,3,4,4,0,1,2021-12-16,,2025-12-31,0,35-44,4-5 years,Q1 Low,13875.0
45,No,Non-Travel,1294,Research & Development,3,3,Life Sciences,1,2801,3,Male,80,3,2,Healthcare Representative,3,Married,11168,9923,0,Y,No,15,3,3,80,0,28,2,2,24,14,1,15,2001-10-26,,2025-12-31,0,45+,11+ years,Q4 High,5584.0
35,No,Travel_Rarely,1261,Research & Development,5,4,Marketing,1,2803,1,Female,69,2,3,Research Director,2,Married,11072,26399,1,Y,No,12,3,3,80,1,9,3,3,5,3,2,2,2020-07-25,,2025-12-31,0,35-44,4-5 years,Q4 High,26572.8
47,No,Travel_Rarely,696,Research & Development,14,3,Medical,1,2805,1,Male,66,2,2,Healthcare Representative,3,Married,7385,3974,0,Y,No,11,3,3,80,0,10,6,3,3,2,1,2,2022-05-26,,2025-12-31,0,45+,2-3 years,Q3,29540.0
50,No,Travel_Rarely,137,Sales,10,4,Technical Degree,1,2807,4,Female,80,2,2,Sales Executive,4,Married,8098,20865,2,Y,No,13,4,3,80,1,18,1,3,15,14,6,11,2010-07-07,,2025-12-31,0,45+,11+ years,Q3,6478.4
29,No,Travel_Rarely,1042,Sales,8,3,Medical,1,2809,4,Male,86,3,4,Manager,4,Married,12770,9107,3,Y,No,15,3,1,80,1,9,4,3,3,2,1,1,2022-01-03,,2025-12-31,0,26-34,2-3 years,Q4 High,51080.0
29,Yes,Travel_Rarely,490,Research & Development,7,3,Marketing,1,2811,2,Male,96,3,1,Laboratory Technician,4,Single,3843,22713,6,Y,Yes,16,3,3,80,0,20,6,3,9,8,2,5,2016-04-29,2022-10-31,2025-12-31,1,26-34,6-10 years,Q1 Low,5124.0
36,No,Travel_Rarely,860,Sales,14,4,Marketing,1,2813,3,Male,32,2,1,Sales Representative,3,Single,3880,2608,0,Y,No,12,3,4,80,3,7,1,3,3,2,0,2,2022-09-17,,2025-12-31,0,35-44,2-3 years,Q1 Low,15520.0
40,Yes,Non-Travel,716,Sales,6,1,Life Sciences,1,2815,3,Male,92,3,2,Sales Executive,2,Married,8173,18913,2,Y,Yes,14,3,1,80,2,9,3,3,7,3,3,2,2018-09-24,2021-09-09,2025-12-31,1,35-44,6-10 years,Q3,14010.857142857143
32,No,Non-Travel,516,Research & Development,5,1,Marketing,1,2817,4,Male,41,3,1,Laboratory Technician,3,Married,8284,9278,2,Y,No,11,3,3,80,0,24,2,2,19,9,7,5,2006-03-11,,2025-12-31,0,26-34,11+ years,Q3,5232.0
49,No,Travel_Frequently,1084,Sales,16,3,Medical,1,2819,4,Male,80,3,2,Sales Executive,4,Single,6643,3876,7,Y,No,11,3,3,80,1,10,3,3,6,4,1,3,2019-04-21,,2025-12-31,0,45+,6-10 years,Q3,13286.0
41,No,Travel_Frequently,1147,Research & Development,1,3,Life Sciences,1,2821,4,Male,40,2,1,Research Scientist,2,Married,3974,17936,3,Y,No,20,3,4,80,0,7,4,3,3,2,0,2,2022-01-31,,2025-12-31,0,35-44,2-3 years,Q1 Low,15896.0
37,No,Travel_Rarely,1410,Research & Development,3,4,Medical,1,2823,4,Male,35,3,2,Healthcare Representative,2,Married,6845,20042,0,Y,No,17,3,1,80,2,16,3,3,8,5,3,3,2017-03-02,,2025-12-31,0,35-44,6-10 years,Q3,10267.5
24,No,Travel_Rarely,1205,Research & Development,4,4,Life Sciences,1,2825,4,Male,41,3,1,Research Scientist,1,Married,5841,14525,2,Y,No,19,3,4,80,0,18,1,3,13,7,0,5,2012-04-01,,2025-12-31,0,18-25,11+ years,Q2,5391.692307692308
25,No,Travel_Frequently,1378,Research & Development,16,3,Marketing,1,2827,2,Female,54,4,1,Research Scientist,4,Divorced,4164,18792,0,Y,Yes,12,3,3,80,3,11,3,3,8,5,3,2,2017-07-25,,2025-12-31,0,18-25,6-10 years,Q1 Low,6246.0
39,Yes,Travel_Rarely,426,Research & Development,9,3,Medical,1,2829,4,Male,55,3,1,Research Scientist,3,Single,8621,11502,3,Y,Yes,13,4,4,80,0,31,0,3,27,23,5,12,1998-02-09,2023-07-21,2025-12-31,1,35-44,11+ years,Q3,3831.5555555555557
18,No,Non-Travel,683,Sales,3,3,Human Resources,1,2831,3,Female,87,3,4,Manager,1,Single,12460,16291,3,Y,No,15,3,2,80,0,10,2,3,4,3,1,1,2021-11-14,,2025-12-31,0,18-25,4-5 years,Q4 High,37380.0
46,No,Travel_Rarely,729,Research & Development,3,5,Life Sciences,1,2833,4,Female,65,3,1,Laboratory Technician,4,Single,1904,2217,1,Y,No,17,3,4,80,1,11,5,3,6,5,2,3,2019-03-04,,2025-12-31,0,45+,6-10 years,Q1 Low,3808.0
35,No,Travel_Rarely,498,Research & Development,17,4,Medical,1,2835,3,Male,65,2,1,Laboratory Technician,3,Single,4321,17581,2,Y,Yes,15,3,4,80,0,15,3,4,7,6,2,4,2018-07-17,,2025-12-31,0,35-44,6-10 years,Q1 Low,7407.428571428572
60,No,Travel_Rarely,255,Research & Development,3,4,Life Sciences,1,2837,1,Male,50,1,2,Healthcare Representative,2,Single,8605,16680,3,Y,No,16,4,3,80,2,15,0,3,10,7,1,8,2015-10-04,,2025-12-31,0,45+,6-10 years,Q3,10326.0
58,No,Non-Travel,1250,Sales,5,2,Medical,1,2839,3,Male,78,3,4,Manager,2,Single,14434,20915,6,Y,No,12,3,2,80,0,11,1,3,4,1,1,3,2021-04-08,,2025-12-31,0,45+,4-5 years,Q4 High,43302.0
35,No,Travel_Rarely,376,Research & Development,6,4,Medical,1,2841,3,Female,89,2,1,Research Scientist,2,Married,3098,6208,2,Y,Yes,15,3,3,80,3,9,3,1,6,3,3,4,2019-05-18,,2025-12-31,0,35-44,6-10 years,Q1 Low,6196.0
36,No,Travel_Frequently,1103,Research & Development,12,2,Medical,1,2843,2,Female,91,2,2,Manufacturing Director,3,Single,4809,9619,4,Y,Yes,19,4,1,80,2,8,6,3,5,3,1,2,2020-01-18,,2025-12-31,0,35-44,4-5 years,Q1 Low,11541.6
46,No,Travel_Rarely,1150,Research & Development,6,2,Marketing,1,2845,2,Female,48,3,2,Manufacturing Director,2,Single,6698,16554,3,Y,No,15,3,4,80,2,7,2,2,4,3,1,1,2021-04-27,,2025-12-31,0,45+,4-5 years,Q3,20094.0
52,No,Travel_Rarely,1042,Research & Development,2,4,Technical Degree,1,2847,3,Female,40,2,2,Manufacturing Director,3,Single,6476,22640,1,Y,No,12,3,1,80,0,10,0,2,7,6,2,4,2018-05-20,,2025-12-31,0,45+,6-10 years,Q2,11101.714285714286
22,No,Travel_Frequently,736,Human Resources,13,1,Life Sciences,1,2849,2,Female,32,3,1,Human Resources,4,Married,5165,7189,2,Y,No,14,3,2,80,1,14,2,3,12,10,3,6,2013-06-22,,2025-12-31,0,18-25,11+ years,Q2,5165.0
21,No,Travel_Rarely,973,Human Resources,13,4,Life Sciences,1,2851,2,Male,86,3,4,Manager,3,Married,12203,11216,2,Y,Yes,18,3,3,80,1,7,4,3,2,1,1,1,2023-08-13,,2025-12-31,0,18-25,2-3 years,Q4 High,73218.0
31,Yes,Travel_Rarely,1009,Research & Development,23,2,Medical,1,2853,1,Male,98,3,1,Laboratory Technician,2,Single,3425,26421,1,Y,Yes,12,3,1,80,3,13,2,3,8,5,1,2,2017-07-03,2024-02-11,2025-12-31,1,26-34,6-10 years,Q1 Low,5137.5
42,Yes,Travel_Rarely,120,Sales,10,4,Medical,1,2855,4,Female,82,2,2,Sales Executive,3,Single,8863,8242,2,Y,No,16,3,4,80,0,12,6,3,9,7,0,5,2016-06-02,2024-09-15,2025-12-31,1,35-44,6-10 years,Q4 High,11817.333333333334
41,No,Travel_Rarely,1364,Research & Development,3,2,Life Sciences,1,2857,3,Male,95,2,1,Laboratory Technician,4,Divorced,5609,12838,4,Y,Yes,23,3,4,80,0,14,6,3,9,8,4,3,2016-10-26,,2025-12-31,0,35-44,6-10 years,Q2,7478.666666666667
47,No,Travel_Rarely,206,Sales,22,3,Medical,1,2859,1,Male,41,2,2,Sales Executive,1,Married,12923,15903,2,Y,Yes,14,3,3,80,3,34,4,3,32,12,3,15,1993-11-24,,2025-12-31,0,45+,11+ years,Q4 High,4846.125
26,No,Travel_Rarely,815,Research & Development,6,2,Life Sciences,1,2861,3,Female,91,2,1,Research Scientist,1,Single,5770,18698,0,Y,No,11,4,4,80,0,15,3,2,9,6,3,2,2016-12-19,,2025-12-31,0,26-34,6-10 years,Q2,7693.333333333333
18,No,Travel_Rarely,639,Research & Development,15,3,Life Sciences,1,2863,3,Male,74,2,2,Manufacturing Director,3,Single,7026,23537,0,Y,Yes,17,3,4,80,0,12,3,3,7,7,1,5,2018-01-25,,2025-12-31,0,18-25,6-10 years,Q3,12044.57142857143
45,Yes,Non-Travel,1344,Research & Development,22,3,Marketing,1,2865,1,Female,86,3,1,Research Scientist,3,Divorced,4034,2225,2,Y,No,11,3,2,80,1,8,6,3,5,5,2,1,2020-08-19,2025-12-27,2025-12-31,1,45+,4-5 years,Q1 Low,9681.6
29,No,Travel_Rarely,1032,Sales,9,3,Life Sciences,1,2867,2,Female,31,3,2,Sales Executive,2,Single,8227,10670,1,Y,No,12,3,4,80,2,9,3,3,5,3,2,4,2020-09-02,,2025-12-31,0,26-34,4-5 years,Q3,19744.8
19,Yes,Travel_Frequently,166,Research & Development,8,1,Life Sciences,1,2869,3,Male,84,3,1,Laboratory Technician,4,Single,5316,26798,0,Y,No,11,3,2,80,0,5,2,2,4,1,1,3,2021-07-02,2021-08-25,2025-12-31,1,18-25,4-5 years,Q2,15948.0
38,No,Travel_Rarely,735,Research & Development,10,1,Life Sciences,1,2871,3,Female,48,3,1,Research Scientist,3,Single,3362,11907,2,Y,Yes,12,3,3,80,2,7,0,2,5,4,2,3,2020-04-10,,2025-12-31,0,35-44,4-5 years,Q1 Low,8068.8
44,No,Travel_Rarely,341,Research & Development,11,1,Technical Degree,1,2873,3,Male,90,3,4,Manager,4,Single,14725,24410,2,Y,No,20,3,3,80,0,10,4,3,6,5,0,5,2019-06-18,,2025-12-31,0,35-44,6-10 years,Q4 High,29450.0
36,No,Travel_Rarely,1105,Sales,17,3,Human Resources,1,2875,2,Male,53,3,2,Sales Executive,1,Divorced,7409,22999,2,Y,No,18,4,4,80,1,13,1,3,7,4,1,2,2018-07-14,,2025-12-31,0,35-44,6-10 years,Q3,12701.142857142857
33,No,Travel_Rarely,495,Research & Development,7,4,Medical,1,2877,1,Male,34,2,1,Research Scientist,4,Married,6512,8386,5,Y,Yes,14,3,1,80,0,15,0,3,12,11,3,7,2013-09-16,,2025-12-31,0,26-34,11+ years,Q2,6512.0
35,No,Travel_Rarely,1326,Sales,9,4,Life Sciences,1,2879,4,Male,55,3,2,Sales Executive,1,Married,5872,10279,3,Y,No,21,3,2,80,0,10,4,2,5,3,2,4,2020-09-19,,2025-12-31,0,35-44,4-5 years,Q2,14092.8
34,Yes,Travel_Rarely,319,Human Resources,5,2,Technical Degree,1,2881,2,Male,64,3,1,Human Resources,3,Divorced,5358,7078,1,Y,Yes,17,3,3,80,1,7,1,3,5,4,1,1,2020-03-21,2023-11-15,2025-12-31,1,26-34,4-5 years,Q2,12859.2
25,Yes,Travel_Rarely,790,Research & Development,5,3,Medical,1,2883,3,Male,48,2,1,Research Scientist,3,Single,4123,18863,2,Y,No,15,3,2,80,1,16,3,3,9,7,4,5,2016-07-12,2025-10-11,2025-12-31,1,18-25,6-10 years,Q1 Low,5497.333333333333
30,No,Travel_Rarely,518,Sales,4,4,Technical Degree,1,2885,1,Male,60,3,4,Manager,2,Single,14809,18692,1,Y,No,11,3,4,80,0,13,1,3,9,5,1,4,2016-01-09,,2025-12-31,0,26-34,6-10 years,Q4 High,19745.333333333332
42,No,Travel_Rarely,1349,Research & Development,6,2,Marketing,1,2887,2,Male,73,3,4,Manager,4,Single,13207,8798,2,Y,No,18,3,3,80,1,7,2,3,5,3,2,2,2020-02-15,,2025-12-31,0,35-44,4-5 years,Q4 High,31696.8
40,Yes,Travel_Rarely,1337,Sales,4,3,Life Sciences,1,2889,3,Female,48,2,2,Sales Executive,1,Married,5979,18923,2,Y,Yes,14,3,2,80,1,7,2,1,3,2,1,2,2022-01-03,2025-05-25,2025-12-31,1,35-44,2-3 years,Q2,23916.0
38,No,Travel_Rarely,458,Research & Development,15,3,Medical,1,2891,2,Female,41,3,2,Manufacturing Director,3,Single,8139,15779,3,Y,No,13,3,1,80,0,21,4,3,15,13,3,8,2010-11-05,,2025-12-31,0,35-44,11+ years,Q3,6511.2
28,No,Non-Travel,600,Sales,13,2,Life Sciences,1,2893,3,Male,64,3,4,Manager,2,Single,14481,25693,2,Y,No,13,3,3,80,0,14,2,2,11,5,2,3,2014-04-15,,2025-12-31,0,26-34,11+ years,Q4 High,15797.454545454546
35,No,Travel_Rarely,1142,Sales,8,1,Life Sciences,1,2895,1,Male,87,3,4,Manager,4,Married,15480,18473,2,Y,Yes,11,3,3,80,1,11,3,3,8,6,0,6,2017-02-16,,2025-12-31,0,35-44,6-10 years,Q4 High,23220.0
18,No,Travel_Rarely,1474,Sales,10,2,Marketing,1,2897,3,Male,54,3,2,Sales Executive,1,Married,8291,18057,1,Y,No,18,3,1,80,0,18,6,2,13,10,2,4,2012-04-06,,2025-12-31,0,18-25,11+ years,Q3,7653.2307692307695
39,Yes,Travel_Rarely,1438,Sales,4,3,Technical Degree,1,2899,3,Male,54,3,2,Sales Executive,4,Divorced,8020,15297,4,Y,Yes,12,3,2,80,1,5,3,3,2,1,0,2,2023-07-28,2023-09-11,2025-12-31,1,35-44,2-3 years,Q3,48120.0
50,No,Non-Travel,880,Research & Development,8,1,Medical,1,2901,1,Female,42,3,1,Research Scientist,4,Married,3374,20744,1,Y,Yes,15,3,2,80,2,3,1,3,1,1,0,1,2024-05-23,,2025-12-31,0,45+,0-1 years,Q1 Low,40488.0
23,No,Travel_Rarely,886,Research & Development,18,2,Medical,1,2903,4,Female,71,2,2,Manufacturing Director,4,Divorced,6598,26755,3,Y,No,11,3,1,80,1,13,2,3,8,6,3,6,2017-09-10,,2025-12-31,0,18-25,6-10 years,Q2,9897.0
32,No,Travel_Frequently,775,Sales,18,3,Life Sciences,1,2905,1,Male,44,3,4,Manager,1,Married,15148,2548,2,Y,No,17,3,3,80,1,14,3,3,12,9,2,8,2013-04-25,,2025-12-31,0,26-34,11+ years,Q4 High,15148.0
40,No,Travel_Rarely,313,Research & Development,23,1,Life Sciences,1,2907,2,Male,52,3,1,Research Scientist,3,Single,4821,2001,2,Y,No,14,4,4,80,1,16,3,2,8,6,1,5,2017-03-01,,2025-12-31,0,35-44,6-10 years,Q1 Low,7231.5
48,No,Non-Travel,591,Research & Development,15,2,Life Sciences,1,2909,3,Male,57,2,1,Laboratory Technician,1,Divorced,4041,19441,5,Y,No,17,3,3,80,0,3,2,3,2,2,1,1,2023-10-31,,2025-12-31,0,45+,2-3 years,Q1 Low,24246.0
33,Yes,Travel_Frequently,321,Sales,11,4,Medical,1,2911,3,Female,42,3,4,Manager,4,Single,15275,15625,4,Y,Yes,11,3,4,80,2,13,3,3,12,5,4,6,2013-11-04,2023-12-10,2025-12-31,1,26-34,11+ years,Q4 High,15275.0
31,No,Travel_Frequently,368,Sales,15,1,Medical,1,2913,3,Male,73,3,4,Manager,4,Married,12905,12465,1,Y,Yes,13,4,1,80,1,10,6,3,5,4,0,2,2020-04-21,,2025-12-31,0,26-34,4-5 years,Q4 High,30972.0
19,No,Travel_Rarely,1207,Sales,3,3,Life Sciences,1,2915,1,Female,81,2,4,Manager,3,Single,17145,9752,0,Y,No,12,3,3,80,0,20,2,3,16,6,6,6,2009-10-20,,2025-12-31,0,18-25,11+ years,Q4 High,12858.75
38,No,Travel_Rarely,842,Research & Development,14,3,Other,1,2917,4,Female,64,3,2,Manufacturing Director,4,Married,13687,13124,2,Y,No,17,4,3,80,0,36,3,2,31,23,14,21,1994-10-11,,2025-12-31,0,35-44,11+ years,Q4 High,5298.193548387097
55,No,Travel_Rarely,143,Sales,16,3,Life Sciences,1,2919,3,Male,76,2,2,Sales Executive,1,Married,6082,7626,2,Y,No,12,3,3,80,1,5,6,3,2,1,1,1,2023-03-20,,2025-12-31,0,45+,2-3 years,Q2,36492.0
39,No,Travel_Rarely,1075,Research & Development,8,3,Technical Degree,1,2921,1,Male,64,3,1,Laboratory Technician,3,Divorced,5182,23429,3,Y,No,16,3,4,80,1,5,6,3,3,1,1,2,2022-01-02,,2025-12-31,0,35-44,2-3 years,Q2,20728.0
37,No,Travel_Frequently,260,Research & Development,9,2,Medical,1,2923,2,Female,79,3,2,Manufacturing Director,2,Single,6621,22595,1,Y,No,12,4,4,80,0,10,0,3,6,2,2,4,2019-03-18,,2025-12-31,0,35-44,6-10 years,Q3,13242.0
40,No,Travel_Rarely,847,Research & Development,7,4,Life Sciences,1,2925,4,Male,69,2,1,Research Scientist,4,Single,5898,20545,1,Y,No,22,3,3,80,0,13,5,3,8,3,1,6,2017-04-06,,2025-12-31,0,35-44,6-10 years,Q2,8847.0
37,No,Travel_Rarely,407,Sales,8,3,Marketing,1,2927,3,Male,99,3,1,Sales Representative,4,Married,5600,26514,2,Y,No,14,3,1,80,1,21,5,4,15,8,4,10,2010-08-21,,2025-12-31,0,35-44,11+ years,Q2,4480.0
30,No,Travel_Rarely,216,Human Resources,9,4,Medical,1,2929,1,Male,71,3,4,Manager,4,Married,16626,11757,3,Y,No,12,3,4,80,0,11,4,2,7,6,2,2,2018-04-03,,2025-12-31,0,26-34,6-10 years,Q4 High,28501.714285714286
44,No,Travel_Rarely,438,Research & Development,10,3,Medical,1,2931,2,Female,44,3,1,Research Scientist,4,Married,2337,18978,3,Y,No,11,3,4,80,1,5,4,3,3,3,0,1,2022-11-23,,2025-12-31,0,35-44,2-3 years,Q1 Low,9348.0
39,No,Travel_Rarely,987,Human Resources,4,5,Medical,1,2933,2,Female,89,2,4,Manager,2,Single,14295,8622,1,Y,No,13,3,4,80,0,15,1,3,10,4,1,4,2015-07-14,,2025-12-31,0,35-44,6-10 years,Q4 High,17154.0
37,Yes,Travel_Frequently,766,Research & Development,5,4,Life Sciences,1,2935,3,Female,87,2,1,Laboratory Technician,4,Single,5793,12959,3,Y,Yes,21,3,4,80,0,8,0,2,3,2,1,2,2022-09-15,2021-07-16,2025-12-31,1,35-44,2-3 years,Q2,23172.0
28,No,Travel_Rarely,1053,Sales,13,4,Medical,1,2937,4,Female,98,3,4,Manager,2,Single,12480,16650,1,Y,No,12,3,3,80,0,7,4,2,5,4,1,1,2020-08-24,,2025-12-31,0,26-34,4-5 years,Q4 High,29952.0
49,No,Travel_Rarely,1039,Sales,11,3,Technical Degree,1,2939,2,Female,62,3,2,Sales Executive,4,Divorced,9232,13961,3,Y,Yes,19,3,3,80,1,21,2,3,16,8,2,11,2009-08-04,,2025-12-31,0,45+,11+ years,Q4 High,6924.0
